Date,Source,Site ID,POC,Daily Max 1-hour NO2 Concentration,UNITS,DAILY_AQI_VALUE,Site Name,DAILY_OBS_COUNT,PERCENT_COMPLETE,AQS_PARAMETER_CODE,AQS_PARAMETER_DESC,CBSA_CODE,CBSA_NAME,STATE_CODE,STATE,COUNTY_CODE,COUNTY,SITE_LATITUDE,SITE_LONGITUDE
1/1/2020,AQS,560210003,1,1.8,ppb,1,Laramie County Mobile,24,100,42602,Nitrogen dioxide (NO2),16940,"Cheyenne, WY",56,Wyoming,21,Laramie,41.08536,-104.52277
1/2/2020,AQS,560210003,1,3.7,ppb,3,Laramie County Mobile,23,96,42602,Nitrogen dioxide (NO2),16940,"Cheyenne, WY",56,Wyoming,21,Laramie,41.08536,-104.52277
1/3/2020,AQS,560210003,1,4.7,ppb,4,Laramie County Mobile,23,96,42602,Nitrogen dioxide (NO2),16940,"Cheyenne, WY",56,Wyoming,21,Laramie,41.08536,-104.52277
1/4/2020,AQS,560210003,1,4.2,ppb,4,Laramie County Mobile,23,96,42602,Nitrogen dioxide (NO2),16940,"Cheyenne, WY",56,Wyoming,21,Laramie,41.08536,-104.52277
1/5/2020,AQS,560210003,1,2,ppb,2,Laramie County Mobile,24,100,42602,Nitrogen dioxide (NO2),16940,"Cheyenne, WY",56,Wyoming,21,Laramie,41.08536,-104.52277
1/6/2020,AQS,560210003,1,2,ppb,2,Laramie County Mobile,22,92,42602,Nitrogen dioxide (NO2),16940,"Cheyenne, WY",56,Wyoming,21,Laramie,41.08536,-104.52277
1/7/2020,AQS,560210003,1,3.9,ppb,3,Laramie County Mobile,24,100,42602,Nitrogen dioxide (NO2),16940,"Cheyenne, WY",56,Wyoming,21,Laramie,41.08536,-104.52277
1/8/2020,AQS,560210003,1,10.3,ppb,9,Laramie County Mobile,23,96,42602,Nitrogen dioxide (NO2),16940,"Cheyenne, WY",56,Wyoming,21,Laramie,41.08536,-104.52277
1/9/2020,AQS,560210003,1,6.8,ppb,6,Laramie County Mobile,23,96,42602,Nitrogen dioxide (NO2),16940,"Cheyenne, WY",56,Wyoming,21,Laramie,41.08536,-104.52277
1/10/2020,AQS,560210003,1,26.9,ppb,25,Laramie County Mobile,23,96,42602,Nitrogen dioxide (NO2),16940,"Cheyenne, WY",56,Wyoming,21,Laramie,41.08536,-104.52277
1/11/2020,AQS,560210003,1,5.9,ppb,5,Laramie County Mobile,24,100,42602,Nitrogen dioxide (NO2),16940,"Cheyenne, WY",56,Wyoming,21,Laramie,41.08536,-104.52277
1/12/2020,AQS,560210003,1,5,ppb,5,Laramie County Mobile,22,92,42602,Nitrogen dioxide (NO2),16940,"Cheyenne, WY",56,Wyoming,21,Laramie,41.08536,-104.52277
1/13/2020,AQS,560210003,1,11.8,ppb,10,Laramie County Mobile,24,100,42602,Nitrogen dioxide (NO2),16940,"Cheyenne, WY",56,Wyoming,21,Laramie,41.08536,-104.52277
1/14/2020,AQS,560210003,1,6.5,ppb,6,Laramie County Mobile,23,96,42602,Nitrogen dioxide (NO2),16940,"Cheyenne, WY",56,Wyoming,21,Laramie,41.08536,-104.52277
1/15/2020,AQS,560210003,1,3.1,ppb,3,Laramie County Mobile,23,96,42602,Nitrogen dioxide (NO2),16940,"Cheyenne, WY",56,Wyoming,21,Laramie,41.08536,-104.52277
1/16/2020,AQS,560210003,1,6.3,ppb,6,Laramie County Mobile,22,92,42602,Nitrogen dioxide (NO2),16940,"Cheyenne, WY",56,Wyoming,21,Laramie,41.08536,-104.52277
1/17/2020,AQS,560210003,1,7,ppb,7,Laramie County Mobile,24,100,42602,Nitrogen dioxide (NO2),16940,"Cheyenne, WY",56,Wyoming,21,Laramie,41.08536,-104.52277
1/18/2020,AQS,560210003,1,5.9,ppb,5,Laramie County Mobile,22,92,42602,Nitrogen dioxide (NO2),16940,"Cheyenne, WY",56,Wyoming,21,Laramie,41.08536,-104.52277
1/19/2020,AQS,560210003,1,10.6,ppb,9,Laramie County Mobile,24,100,42602,Nitrogen dioxide (NO2),16940,"Cheyenne, WY",56,Wyoming,21,Laramie,41.08536,-104.52277
1/20/2020,AQS,560210003,1,7.1,ppb,7,Laramie County Mobile,23,96,42602,Nitrogen dioxide (NO2),16940,"Cheyenne, WY",56,Wyoming,21,Laramie,41.08536,-104.52277
1/21/2020,AQS,560210003,1,10.9,ppb,9,Laramie County Mobile,23,96,42602,Nitrogen dioxide (NO2),16940,"Cheyenne, WY",56,Wyoming,21,Laramie,41.08536,-104.52277
1/22/2020,AQS,560210003,1,3.1,ppb,3,Laramie County Mobile,23,96,42602,Nitrogen dioxide (NO2),16940,"Cheyenne, WY",56,Wyoming,21,Laramie,41.08536,-104.52277
1/23/2020,AQS,560210003,1,3,ppb,3,Laramie County Mobile,24,100,42602,Nitrogen dioxide (NO2),16940,"Cheyenne, WY",56,Wyoming,21,Laramie,41.08536,-104.52277
1/24/2020,AQS,560210003,1,4.9,ppb,4,Laramie County Mobile,22,92,42602,Nitrogen dioxide (NO2),16940,"Cheyenne, WY",56,Wyoming,21,Laramie,41.08536,-104.52277
1/25/2020,AQS,560210003,1,5.3,ppb,5,Laramie County Mobile,24,100,42602,Nitrogen dioxide (NO2),16940,"Cheyenne, WY",56,Wyoming,21,Laramie,41.08536,-104.52277
1/26/2020,AQS,560210003,1,4.5,ppb,4,Laramie County Mobile,23,96,42602,Nitrogen dioxide (NO2),16940,"Cheyenne, WY",56,Wyoming,21,Laramie,41.08536,-104.52277
1/27/2020,AQS,560210003,1,3.4,ppb,3,Laramie County Mobile,22,92,42602,Nitrogen dioxide (NO2),16940,"Cheyenne, WY",56,Wyoming,21,Laramie,41.08536,-104.52277
1/28/2020,AQS,560210003,1,3.4,ppb,3,Laramie County Mobile,23,96,42602,Nitrogen dioxide (NO2),16940,"Cheyenne, WY",56,Wyoming,21,Laramie,41.08536,-104.52277
1/29/2020,AQS,560210003,1,12.2,ppb,11,Laramie County Mobile,24,100,42602,Nitrogen dioxide (NO2),16940,"Cheyenne, WY",56,Wyoming,21,Laramie,41.08536,-104.52277
1/30/2020,AQS,560210003,1,7,ppb,7,Laramie County Mobile,22,92,42602,Nitrogen dioxide (NO2),16940,"Cheyenne, WY",56,Wyoming,21,Laramie,41.08536,-104.52277
1/31/2020,AQS,560210003,1,6.9,ppb,6,Laramie County Mobile,20,83,42602,Nitrogen dioxide (NO2),16940,"Cheyenne, WY",56,Wyoming,21,Laramie,41.08536,-104.52277
2/1/2020,AQS,560210003,1,3.9,ppb,3,Laramie County Mobile,23,96,42602,Nitrogen dioxide (NO2),16940,"Cheyenne, WY",56,Wyoming,21,Laramie,41.08536,-104.52277
2/2/2020,AQS,560210003,1,14.3,ppb,13,Laramie County Mobile,23,96,42602,Nitrogen dioxide (NO2),16940,"Cheyenne, WY",56,Wyoming,21,Laramie,41.08536,-104.52277
2/3/2020,AQS,560210003,1,0.7,ppb,0,Laramie County Mobile,23,96,42602,Nitrogen dioxide (NO2),16940,"Cheyenne, WY",56,Wyoming,21,Laramie,41.08536,-104.52277
2/4/2020,AQS,560210003,1,5.8,ppb,5,Laramie County Mobile,24,100,42602,Nitrogen dioxide (NO2),16940,"Cheyenne, WY",56,Wyoming,21,Laramie,41.08536,-104.52277
2/5/2020,AQS,560210003,1,7.6,ppb,7,Laramie County Mobile,22,92,42602,Nitrogen dioxide (NO2),16940,"Cheyenne, WY",56,Wyoming,21,Laramie,41.08536,-104.52277
2/6/2020,AQS,560210003,1,3.1,ppb,3,Laramie County Mobile,24,100,42602,Nitrogen dioxide (NO2),16940,"Cheyenne, WY",56,Wyoming,21,Laramie,41.08536,-104.52277
2/7/2020,AQS,560210003,1,4.2,ppb,4,Laramie County Mobile,23,96,42602,Nitrogen dioxide (NO2),16940,"Cheyenne, WY",56,Wyoming,21,Laramie,41.08536,-104.52277
2/8/2020,AQS,560210003,1,2.5,ppb,2,Laramie County Mobile,23,96,42602,Nitrogen dioxide (NO2),16940,"Cheyenne, WY",56,Wyoming,21,Laramie,41.08536,-104.52277
2/9/2020,AQS,560210003,1,4.1,ppb,4,Laramie County Mobile,23,96,42602,Nitrogen dioxide (NO2),16940,"Cheyenne, WY",56,Wyoming,21,Laramie,41.08536,-104.52277
2/10/2020,AQS,560210003,1,5.6,ppb,5,Laramie County Mobile,24,100,42602,Nitrogen dioxide (NO2),16940,"Cheyenne, WY",56,Wyoming,21,Laramie,41.08536,-104.52277
2/11/2020,AQS,560210003,1,8.3,ppb,8,Laramie County Mobile,22,92,42602,Nitrogen dioxide (NO2),16940,"Cheyenne, WY",56,Wyoming,21,Laramie,41.08536,-104.52277
2/12/2020,AQS,560210003,1,1.5,ppb,1,Laramie County Mobile,24,100,42602,Nitrogen dioxide (NO2),16940,"Cheyenne, WY",56,Wyoming,21,Laramie,41.08536,-104.52277
2/13/2020,AQS,560210003,1,7.7,ppb,7,Laramie County Mobile,23,96,42602,Nitrogen dioxide (NO2),16940,"Cheyenne, WY",56,Wyoming,21,Laramie,41.08536,-104.52277
2/14/2020,AQS,560210003,1,7.4,ppb,7,Laramie County Mobile,23,96,42602,Nitrogen dioxide (NO2),16940,"Cheyenne, WY",56,Wyoming,21,Laramie,41.08536,-104.52277
2/15/2020,AQS,560210003,1,3,ppb,3,Laramie County Mobile,23,96,42602,Nitrogen dioxide (NO2),16940,"Cheyenne, WY",56,Wyoming,21,Laramie,41.08536,-104.52277
2/16/2020,AQS,560210003,1,3.8,ppb,3,Laramie County Mobile,24,100,42602,Nitrogen dioxide (NO2),16940,"Cheyenne, WY",56,Wyoming,21,Laramie,41.08536,-104.52277
2/17/2020,AQS,560210003,1,2.8,ppb,2,Laramie County Mobile,22,92,42602,Nitrogen dioxide (NO2),16940,"Cheyenne, WY",56,Wyoming,21,Laramie,41.08536,-104.52277
2/18/2020,AQS,560210003,1,4.3,ppb,4,Laramie County Mobile,24,100,42602,Nitrogen dioxide (NO2),16940,"Cheyenne, WY",56,Wyoming,21,Laramie,41.08536,-104.52277
2/21/2020,AQS,560210003,1,11.9,ppb,10,Laramie County Mobile,23,96,42602,Nitrogen dioxide (NO2),16940,"Cheyenne, WY",56,Wyoming,21,Laramie,41.08536,-104.52277
2/22/2020,AQS,560210003,1,17.2,ppb,16,Laramie County Mobile,24,100,42602,Nitrogen dioxide (NO2),16940,"Cheyenne, WY",56,Wyoming,21,Laramie,41.08536,-104.52277
2/23/2020,AQS,560210003,1,9.5,ppb,8,Laramie County Mobile,22,92,42602,Nitrogen dioxide (NO2),16940,"Cheyenne, WY",56,Wyoming,21,Laramie,41.08536,-104.52277
2/24/2020,AQS,560210003,1,2.5,ppb,2,Laramie County Mobile,24,100,42602,Nitrogen dioxide (NO2),16940,"Cheyenne, WY",56,Wyoming,21,Laramie,41.08536,-104.52277
2/25/2020,AQS,560210003,1,6.3,ppb,6,Laramie County Mobile,23,96,42602,Nitrogen dioxide (NO2),16940,"Cheyenne, WY",56,Wyoming,21,Laramie,41.08536,-104.52277
2/26/2020,AQS,560210003,1,8.1,ppb,8,Laramie County Mobile,23,96,42602,Nitrogen dioxide (NO2),16940,"Cheyenne, WY",56,Wyoming,21,Laramie,41.08536,-104.52277
2/27/2020,AQS,560210003,1,5.3,ppb,5,Laramie County Mobile,23,96,42602,Nitrogen dioxide (NO2),16940,"Cheyenne, WY",56,Wyoming,21,Laramie,41.08536,-104.52277
2/28/2020,AQS,560210003,1,4.7,ppb,4,Laramie County Mobile,24,100,42602,Nitrogen dioxide (NO2),16940,"Cheyenne, WY",56,Wyoming,21,Laramie,41.08536,-104.52277
2/29/2020,AQS,560210003,1,9.6,ppb,8,Laramie County Mobile,22,92,42602,Nitrogen dioxide (NO2),16940,"Cheyenne, WY",56,Wyoming,21,Laramie,41.08536,-104.52277
3/1/2020,AQS,560210003,1,7.7,ppb,7,Laramie County Mobile,24,100,42602,Nitrogen dioxide (NO2),16940,"Cheyenne, WY",56,Wyoming,21,Laramie,41.08536,-104.52277
3/2/2020,AQS,560210003,1,4,ppb,4,Laramie County Mobile,23,96,42602,Nitrogen dioxide (NO2),16940,"Cheyenne, WY",56,Wyoming,21,Laramie,41.08536,-104.52277
3/3/2020,AQS,560210003,1,9.1,ppb,8,Laramie County Mobile,23,96,42602,Nitrogen dioxide (NO2),16940,"Cheyenne, WY",56,Wyoming,21,Laramie,41.08536,-104.52277
3/4/2020,AQS,560210003,1,8.1,ppb,8,Laramie County Mobile,23,96,42602,Nitrogen dioxide (NO2),16940,"Cheyenne, WY",56,Wyoming,21,Laramie,41.08536,-104.52277
3/5/2020,AQS,560210003,1,5.6,ppb,5,Laramie County Mobile,24,100,42602,Nitrogen dioxide (NO2),16940,"Cheyenne, WY",56,Wyoming,21,Laramie,41.08536,-104.52277
3/6/2020,AQS,560210003,1,20.8,ppb,19,Laramie County Mobile,22,92,42602,Nitrogen dioxide (NO2),16940,"Cheyenne, WY",56,Wyoming,21,Laramie,41.08536,-104.52277
3/7/2020,AQS,560210003,1,22.4,ppb,21,Laramie County Mobile,24,100,42602,Nitrogen dioxide (NO2),16940,"Cheyenne, WY",56,Wyoming,21,Laramie,41.08536,-104.52277
3/8/2020,AQS,560210003,1,18.9,ppb,17,Laramie County Mobile,23,96,42602,Nitrogen dioxide (NO2),16940,"Cheyenne, WY",56,Wyoming,21,Laramie,41.08536,-104.52277
3/9/2020,AQS,560210003,1,5.1,ppb,5,Laramie County Mobile,23,96,42602,Nitrogen dioxide (NO2),16940,"Cheyenne, WY",56,Wyoming,21,Laramie,41.08536,-104.52277
3/10/2020,AQS,560210003,1,9,ppb,8,Laramie County Mobile,23,96,42602,Nitrogen dioxide (NO2),16940,"Cheyenne, WY",56,Wyoming,21,Laramie,41.08536,-104.52277
3/11/2020,AQS,560210003,1,3.9,ppb,3,Laramie County Mobile,24,100,42602,Nitrogen dioxide (NO2),16940,"Cheyenne, WY",56,Wyoming,21,Laramie,41.08536,-104.52277
3/12/2020,AQS,560210003,1,2.5,ppb,2,Laramie County Mobile,21,88,42602,Nitrogen dioxide (NO2),16940,"Cheyenne, WY",56,Wyoming,21,Laramie,41.08536,-104.52277
3/13/2020,AQS,560210003,1,1.5,ppb,1,Laramie County Mobile,24,100,42602,Nitrogen dioxide (NO2),16940,"Cheyenne, WY",56,Wyoming,21,Laramie,41.08536,-104.52277
3/14/2020,AQS,560210003,1,1.6,ppb,1,Laramie County Mobile,22,92,42602,Nitrogen dioxide (NO2),16940,"Cheyenne, WY",56,Wyoming,21,Laramie,41.08536,-104.52277
3/15/2020,AQS,560210003,1,4.4,ppb,4,Laramie County Mobile,21,88,42602,Nitrogen dioxide (NO2),16940,"Cheyenne, WY",56,Wyoming,21,Laramie,41.08536,-104.52277
3/16/2020,AQS,560210003,1,17.5,ppb,16,Laramie County Mobile,23,96,42602,Nitrogen dioxide (NO2),16940,"Cheyenne, WY",56,Wyoming,21,Laramie,41.08536,-104.52277
3/17/2020,AQS,560210003,1,4.6,ppb,4,Laramie County Mobile,24,100,42602,Nitrogen dioxide (NO2),16940,"Cheyenne, WY",56,Wyoming,21,Laramie,41.08536,-104.52277
3/18/2020,AQS,560210003,1,13,ppb,12,Laramie County Mobile,21,88,42602,Nitrogen dioxide (NO2),16940,"Cheyenne, WY",56,Wyoming,21,Laramie,41.08536,-104.52277
3/19/2020,AQS,560210003,1,1.6,ppb,1,Laramie County Mobile,24,100,42602,Nitrogen dioxide (NO2),16940,"Cheyenne, WY",56,Wyoming,21,Laramie,41.08536,-104.52277
3/20/2020,AQS,560210003,1,3.4,ppb,3,Laramie County Mobile,23,96,42602,Nitrogen dioxide (NO2),16940,"Cheyenne, WY",56,Wyoming,21,Laramie,41.08536,-104.52277
3/21/2020,AQS,560210003,1,10.3,ppb,9,Laramie County Mobile,23,96,42602,Nitrogen dioxide (NO2),16940,"Cheyenne, WY",56,Wyoming,21,Laramie,41.08536,-104.52277
3/22/2020,AQS,560210003,1,9.1,ppb,8,Laramie County Mobile,23,96,42602,Nitrogen dioxide (NO2),16940,"Cheyenne, WY",56,Wyoming,21,Laramie,41.08536,-104.52277
3/23/2020,AQS,560210003,1,10.8,ppb,9,Laramie County Mobile,23,96,42602,Nitrogen dioxide (NO2),16940,"Cheyenne, WY",56,Wyoming,21,Laramie,41.08536,-104.52277
3/24/2020,AQS,560210003,1,4.3,ppb,4,Laramie County Mobile,22,92,42602,Nitrogen dioxide (NO2),16940,"Cheyenne, WY",56,Wyoming,21,Laramie,41.08536,-104.52277
3/25/2020,AQS,560210003,1,6.6,ppb,6,Laramie County Mobile,24,100,42602,Nitrogen dioxide (NO2),16940,"Cheyenne, WY",56,Wyoming,21,Laramie,41.08536,-104.52277
3/26/2020,AQS,560210003,1,3.5,ppb,3,Laramie County Mobile,23,96,42602,Nitrogen dioxide (NO2),16940,"Cheyenne, WY",56,Wyoming,21,Laramie,41.08536,-104.52277
3/27/2020,AQS,560210003,1,1.9,ppb,1,Laramie County Mobile,23,96,42602,Nitrogen dioxide (NO2),16940,"Cheyenne, WY",56,Wyoming,21,Laramie,41.08536,-104.52277
3/28/2020,AQS,560210003,1,5.1,ppb,5,Laramie County Mobile,23,96,42602,Nitrogen dioxide (NO2),16940,"Cheyenne, WY",56,Wyoming,21,Laramie,41.08536,-104.52277
3/29/2020,AQS,560210003,1,4.5,ppb,4,Laramie County Mobile,24,100,42602,Nitrogen dioxide (NO2),16940,"Cheyenne, WY",56,Wyoming,21,Laramie,41.08536,-104.52277
3/30/2020,AQS,560210003,1,12.2,ppb,11,Laramie County Mobile,22,92,42602,Nitrogen dioxide (NO2),16940,"Cheyenne, WY",56,Wyoming,21,Laramie,41.08536,-104.52277
3/31/2020,AQS,560210003,1,6.4,ppb,6,Laramie County Mobile,24,100,42602,Nitrogen dioxide (NO2),16940,"Cheyenne, WY",56,Wyoming,21,Laramie,41.08536,-104.52277
4/1/2020,AQS,560210003,1,2.2,ppb,2,Laramie County Mobile,23,96,42602,Nitrogen dioxide (NO2),16940,"Cheyenne, WY",56,Wyoming,21,Laramie,41.08536,-104.52277
4/2/2020,AQS,560210003,1,2.9,ppb,2,Laramie County Mobile,21,88,42602,Nitrogen dioxide (NO2),16940,"Cheyenne, WY",56,Wyoming,21,Laramie,41.08536,-104.52277
4/3/2020,AQS,560210003,1,5,ppb,5,Laramie County Mobile,23,96,42602,Nitrogen dioxide (NO2),16940,"Cheyenne, WY",56,Wyoming,21,Laramie,41.08536,-104.52277
4/4/2020,AQS,560210003,1,1.9,ppb,1,Laramie County Mobile,24,100,42602,Nitrogen dioxide (NO2),16940,"Cheyenne, WY",56,Wyoming,21,Laramie,41.08536,-104.52277
4/5/2020,AQS,560210003,1,7.6,ppb,7,Laramie County Mobile,22,92,42602,Nitrogen dioxide (NO2),16940,"Cheyenne, WY",56,Wyoming,21,Laramie,41.08536,-104.52277
4/6/2020,AQS,560210003,1,14.4,ppb,13,Laramie County Mobile,24,100,42602,Nitrogen dioxide (NO2),16940,"Cheyenne, WY",56,Wyoming,21,Laramie,41.08536,-104.52277
4/7/2020,AQS,560210003,1,10.5,ppb,9,Laramie County Mobile,23,96,42602,Nitrogen dioxide (NO2),16940,"Cheyenne, WY",56,Wyoming,21,Laramie,41.08536,-104.52277
4/8/2020,AQS,560210003,1,13.1,ppb,12,Laramie County Mobile,23,96,42602,Nitrogen dioxide (NO2),16940,"Cheyenne, WY",56,Wyoming,21,Laramie,41.08536,-104.52277
4/9/2020,AQS,560210003,1,14.9,ppb,13,Laramie County Mobile,23,96,42602,Nitrogen dioxide (NO2),16940,"Cheyenne, WY",56,Wyoming,21,Laramie,41.08536,-104.52277
4/10/2020,AQS,560210003,1,3.9,ppb,3,Laramie County Mobile,24,100,42602,Nitrogen dioxide (NO2),16940,"Cheyenne, WY",56,Wyoming,21,Laramie,41.08536,-104.52277
4/11/2020,AQS,560210003,1,4.3,ppb,4,Laramie County Mobile,22,92,42602,Nitrogen dioxide (NO2),16940,"Cheyenne, WY",56,Wyoming,21,Laramie,41.08536,-104.52277
4/12/2020,AQS,560210003,1,0.9,ppb,0,Laramie County Mobile,24,100,42602,Nitrogen dioxide (NO2),16940,"Cheyenne, WY",56,Wyoming,21,Laramie,41.08536,-104.52277
4/13/2020,AQS,560210003,1,3.4,ppb,3,Laramie County Mobile,23,96,42602,Nitrogen dioxide (NO2),16940,"Cheyenne, WY",56,Wyoming,21,Laramie,41.08536,-104.52277
4/14/2020,AQS,560210003,1,9.9,ppb,8,Laramie County Mobile,23,96,42602,Nitrogen dioxide (NO2),16940,"Cheyenne, WY",56,Wyoming,21,Laramie,41.08536,-104.52277
4/15/2020,AQS,560210003,1,4.2,ppb,4,Laramie County Mobile,23,96,42602,Nitrogen dioxide (NO2),16940,"Cheyenne, WY",56,Wyoming,21,Laramie,41.08536,-104.52277
4/16/2020,AQS,560210003,1,19.9,ppb,18,Laramie County Mobile,24,100,42602,Nitrogen dioxide (NO2),16940,"Cheyenne, WY",56,Wyoming,21,Laramie,41.08536,-104.52277
4/17/2020,AQS,560210003,1,8.7,ppb,8,Laramie County Mobile,21,88,42602,Nitrogen dioxide (NO2),16940,"Cheyenne, WY",56,Wyoming,21,Laramie,41.08536,-104.52277
4/18/2020,AQS,560210003,1,7.4,ppb,7,Laramie County Mobile,24,100,42602,Nitrogen dioxide (NO2),16940,"Cheyenne, WY",56,Wyoming,21,Laramie,41.08536,-104.52277
4/19/2020,AQS,560210003,1,4.4,ppb,4,Laramie County Mobile,23,96,42602,Nitrogen dioxide (NO2),16940,"Cheyenne, WY",56,Wyoming,21,Laramie,41.08536,-104.52277
4/20/2020,AQS,560210003,1,10.6,ppb,9,Laramie County Mobile,23,96,42602,Nitrogen dioxide (NO2),16940,"Cheyenne, WY",56,Wyoming,21,Laramie,41.08536,-104.52277
4/21/2020,AQS,560210003,1,2.5,ppb,2,Laramie County Mobile,23,96,42602,Nitrogen dioxide (NO2),16940,"Cheyenne, WY",56,Wyoming,21,Laramie,41.08536,-104.52277
4/22/2020,AQS,560210003,1,4.9,ppb,4,Laramie County Mobile,24,100,42602,Nitrogen dioxide (NO2),16940,"Cheyenne, WY",56,Wyoming,21,Laramie,41.08536,-104.52277
4/23/2020,AQS,560210003,1,5.7,ppb,5,Laramie County Mobile,22,92,42602,Nitrogen dioxide (NO2),16940,"Cheyenne, WY",56,Wyoming,21,Laramie,41.08536,-104.52277
4/24/2020,AQS,560210003,1,2.4,ppb,2,Laramie County Mobile,24,100,42602,Nitrogen dioxide (NO2),16940,"Cheyenne, WY",56,Wyoming,21,Laramie,41.08536,-104.52277
4/25/2020,AQS,560210003,1,7.5,ppb,7,Laramie County Mobile,23,96,42602,Nitrogen dioxide (NO2),16940,"Cheyenne, WY",56,Wyoming,21,Laramie,41.08536,-104.52277
4/26/2020,AQS,560210003,1,5.6,ppb,5,Laramie County Mobile,23,96,42602,Nitrogen dioxide (NO2),16940,"Cheyenne, WY",56,Wyoming,21,Laramie,41.08536,-104.52277
4/27/2020,AQS,560210003,1,6.5,ppb,6,Laramie County Mobile,23,96,42602,Nitrogen dioxide (NO2),16940,"Cheyenne, WY",56,Wyoming,21,Laramie,41.08536,-104.52277
4/28/2020,AQS,560210003,1,3,ppb,3,Laramie County Mobile,24,100,42602,Nitrogen dioxide (NO2),16940,"Cheyenne, WY",56,Wyoming,21,Laramie,41.08536,-104.52277
4/29/2020,AQS,560210003,1,3.9,ppb,3,Laramie County Mobile,22,92,42602,Nitrogen dioxide (NO2),16940,"Cheyenne, WY",56,Wyoming,21,Laramie,41.08536,-104.52277
4/30/2020,AQS,560210003,1,2.9,ppb,2,Laramie County Mobile,23,96,42602,Nitrogen dioxide (NO2),16940,"Cheyenne, WY",56,Wyoming,21,Laramie,41.08536,-104.52277
5/1/2020,AQS,560210003,1,2.4,ppb,2,Laramie County Mobile,23,96,42602,Nitrogen dioxide (NO2),16940,"Cheyenne, WY",56,Wyoming,21,Laramie,41.08536,-104.52277
5/2/2020,AQS,560210003,1,2,ppb,2,Laramie County Mobile,23,96,42602,Nitrogen dioxide (NO2),16940,"Cheyenne, WY",56,Wyoming,21,Laramie,41.08536,-104.52277
5/3/2020,AQS,560210003,1,2.2,ppb,2,Laramie County Mobile,23,96,42602,Nitrogen dioxide (NO2),16940,"Cheyenne, WY",56,Wyoming,21,Laramie,41.08536,-104.52277
5/4/2020,AQS,560210003,1,3.2,ppb,3,Laramie County Mobile,24,100,42602,Nitrogen dioxide (NO2),16940,"Cheyenne, WY",56,Wyoming,21,Laramie,41.08536,-104.52277
5/5/2020,AQS,560210003,1,7.1,ppb,7,Laramie County Mobile,19,79,42602,Nitrogen dioxide (NO2),16940,"Cheyenne, WY",56,Wyoming,21,Laramie,41.08536,-104.52277
5/6/2020,AQS,560210003,1,2.4,ppb,2,Laramie County Mobile,21,88,42602,Nitrogen dioxide (NO2),16940,"Cheyenne, WY",56,Wyoming,21,Laramie,41.08536,-104.52277
5/7/2020,AQS,560210003,1,1.5,ppb,1,Laramie County Mobile,19,79,42602,Nitrogen dioxide (NO2),16940,"Cheyenne, WY",56,Wyoming,21,Laramie,41.08536,-104.52277
5/10/2020,AQS,560210003,1,0.8,ppb,0,Laramie County Mobile,22,92,42602,Nitrogen dioxide (NO2),16940,"Cheyenne, WY",56,Wyoming,21,Laramie,41.08536,-104.52277
5/11/2020,AQS,560210003,1,1.9,ppb,1,Laramie County Mobile,22,92,42602,Nitrogen dioxide (NO2),16940,"Cheyenne, WY",56,Wyoming,21,Laramie,41.08536,-104.52277
5/12/2020,AQS,560210003,1,2.4,ppb,2,Laramie County Mobile,23,96,42602,Nitrogen dioxide (NO2),16940,"Cheyenne, WY",56,Wyoming,21,Laramie,41.08536,-104.52277
5/13/2020,AQS,560210003,1,9.4,ppb,8,Laramie County Mobile,23,96,42602,Nitrogen dioxide (NO2),16940,"Cheyenne, WY",56,Wyoming,21,Laramie,41.08536,-104.52277
5/14/2020,AQS,560210003,1,2.5,ppb,2,Laramie County Mobile,23,96,42602,Nitrogen dioxide (NO2),16940,"Cheyenne, WY",56,Wyoming,21,Laramie,41.08536,-104.52277
5/15/2020,AQS,560210003,1,3.5,ppb,3,Laramie County Mobile,23,96,42602,Nitrogen dioxide (NO2),16940,"Cheyenne, WY",56,Wyoming,21,Laramie,41.08536,-104.52277
5/16/2020,AQS,560210003,1,2.7,ppb,2,Laramie County Mobile,24,100,42602,Nitrogen dioxide (NO2),16940,"Cheyenne, WY",56,Wyoming,21,Laramie,41.08536,-104.52277
5/17/2020,AQS,560210003,1,2.1,ppb,2,Laramie County Mobile,22,92,42602,Nitrogen dioxide (NO2),16940,"Cheyenne, WY",56,Wyoming,21,Laramie,41.08536,-104.52277
5/18/2020,AQS,560210003,1,2.4,ppb,2,Laramie County Mobile,24,100,42602,Nitrogen dioxide (NO2),16940,"Cheyenne, WY",56,Wyoming,21,Laramie,41.08536,-104.52277
5/19/2020,AQS,560210003,1,2.4,ppb,2,Laramie County Mobile,23,96,42602,Nitrogen dioxide (NO2),16940,"Cheyenne, WY",56,Wyoming,21,Laramie,41.08536,-104.52277
5/20/2020,AQS,560210003,1,2,ppb,2,Laramie County Mobile,22,92,42602,Nitrogen dioxide (NO2),16940,"Cheyenne, WY",56,Wyoming,21,Laramie,41.08536,-104.52277
5/21/2020,AQS,560210003,1,3.9,ppb,3,Laramie County Mobile,23,96,42602,Nitrogen dioxide (NO2),16940,"Cheyenne, WY",56,Wyoming,21,Laramie,41.08536,-104.52277
5/22/2020,AQS,560210003,1,6,ppb,6,Laramie County Mobile,24,100,42602,Nitrogen dioxide (NO2),16940,"Cheyenne, WY",56,Wyoming,21,Laramie,41.08536,-104.52277
5/23/2020,AQS,560210003,1,2.2,ppb,2,Laramie County Mobile,22,92,42602,Nitrogen dioxide (NO2),16940,"Cheyenne, WY",56,Wyoming,21,Laramie,41.08536,-104.52277
5/24/2020,AQS,560210003,1,3.2,ppb,3,Laramie County Mobile,24,100,42602,Nitrogen dioxide (NO2),16940,"Cheyenne, WY",56,Wyoming,21,Laramie,41.08536,-104.52277
5/25/2020,AQS,560210003,1,3,ppb,3,Laramie County Mobile,23,96,42602,Nitrogen dioxide (NO2),16940,"Cheyenne, WY",56,Wyoming,21,Laramie,41.08536,-104.52277
5/26/2020,AQS,560210003,1,3.3,ppb,3,Laramie County Mobile,23,96,42602,Nitrogen dioxide (NO2),16940,"Cheyenne, WY",56,Wyoming,21,Laramie,41.08536,-104.52277
5/27/2020,AQS,560210003,1,2.3,ppb,2,Laramie County Mobile,23,96,42602,Nitrogen dioxide (NO2),16940,"Cheyenne, WY",56,Wyoming,21,Laramie,41.08536,-104.52277
5/28/2020,AQS,560210003,1,1.7,ppb,1,Laramie County Mobile,24,100,42602,Nitrogen dioxide (NO2),16940,"Cheyenne, WY",56,Wyoming,21,Laramie,41.08536,-104.52277
5/29/2020,AQS,560210003,1,2.1,ppb,2,Laramie County Mobile,22,92,42602,Nitrogen dioxide (NO2),16940,"Cheyenne, WY",56,Wyoming,21,Laramie,41.08536,-104.52277
5/30/2020,AQS,560210003,1,3.9,ppb,3,Laramie County Mobile,24,100,42602,Nitrogen dioxide (NO2),16940,"Cheyenne, WY",56,Wyoming,21,Laramie,41.08536,-104.52277
5/31/2020,AQS,560210003,1,2.9,ppb,2,Laramie County Mobile,23,96,42602,Nitrogen dioxide (NO2),16940,"Cheyenne, WY",56,Wyoming,21,Laramie,41.08536,-104.52277
6/1/2020,AQS,560210003,1,4.8,ppb,4,Laramie County Mobile,23,96,42602,Nitrogen dioxide (NO2),16940,"Cheyenne, WY",56,Wyoming,21,Laramie,41.08536,-104.52277
6/2/2020,AQS,560210003,1,7,ppb,7,Laramie County Mobile,23,96,42602,Nitrogen dioxide (NO2),16940,"Cheyenne, WY",56,Wyoming,21,Laramie,41.08536,-104.52277
6/3/2020,AQS,560210003,1,2.9,ppb,2,Laramie County Mobile,24,100,42602,Nitrogen dioxide (NO2),16940,"Cheyenne, WY",56,Wyoming,21,Laramie,41.08536,-104.52277
6/4/2020,AQS,560210003,1,11.2,ppb,10,Laramie County Mobile,22,92,42602,Nitrogen dioxide (NO2),16940,"Cheyenne, WY",56,Wyoming,21,Laramie,41.08536,-104.52277
6/5/2020,AQS,560210003,1,8.2,ppb,8,Laramie County Mobile,24,100,42602,Nitrogen dioxide (NO2),16940,"Cheyenne, WY",56,Wyoming,21,Laramie,41.08536,-104.52277
6/6/2020,AQS,560210003,1,7,ppb,7,Laramie County Mobile,23,96,42602,Nitrogen dioxide (NO2),16940,"Cheyenne, WY",56,Wyoming,21,Laramie,41.08536,-104.52277
6/7/2020,AQS,560210003,1,8.2,ppb,8,Laramie County Mobile,23,96,42602,Nitrogen dioxide (NO2),16940,"Cheyenne, WY",56,Wyoming,21,Laramie,41.08536,-104.52277
6/8/2020,AQS,560210003,1,0.9,ppb,0,Laramie County Mobile,23,96,42602,Nitrogen dioxide (NO2),16940,"Cheyenne, WY",56,Wyoming,21,Laramie,41.08536,-104.52277
6/9/2020,AQS,560210003,1,2,ppb,2,Laramie County Mobile,18,75,42602,Nitrogen dioxide (NO2),16940,"Cheyenne, WY",56,Wyoming,21,Laramie,41.08536,-104.52277
6/10/2020,AQS,560210003,1,9,ppb,8,Laramie County Mobile,22,92,42602,Nitrogen dioxide (NO2),16940,"Cheyenne, WY",56,Wyoming,21,Laramie,41.08536,-104.52277
6/11/2020,AQS,560210003,1,6.1,ppb,6,Laramie County Mobile,24,100,42602,Nitrogen dioxide (NO2),16940,"Cheyenne, WY",56,Wyoming,21,Laramie,41.08536,-104.52277
6/12/2020,AQS,560210003,1,2.4,ppb,2,Laramie County Mobile,23,96,42602,Nitrogen dioxide (NO2),16940,"Cheyenne, WY",56,Wyoming,21,Laramie,41.08536,-104.52277
6/13/2020,AQS,560210003,1,3.2,ppb,3,Laramie County Mobile,23,96,42602,Nitrogen dioxide (NO2),16940,"Cheyenne, WY",56,Wyoming,21,Laramie,41.08536,-104.52277
6/14/2020,AQS,560210003,1,5.7,ppb,5,Laramie County Mobile,23,96,42602,Nitrogen dioxide (NO2),16940,"Cheyenne, WY",56,Wyoming,21,Laramie,41.08536,-104.52277
6/15/2020,AQS,560210003,1,4.1,ppb,4,Laramie County Mobile,24,100,42602,Nitrogen dioxide (NO2),16940,"Cheyenne, WY",56,Wyoming,21,Laramie,41.08536,-104.52277
6/16/2020,AQS,560210003,1,3.9,ppb,3,Laramie County Mobile,21,88,42602,Nitrogen dioxide (NO2),16940,"Cheyenne, WY",56,Wyoming,21,Laramie,41.08536,-104.52277
6/17/2020,AQS,560210003,1,3.5,ppb,3,Laramie County Mobile,24,100,42602,Nitrogen dioxide (NO2),16940,"Cheyenne, WY",56,Wyoming,21,Laramie,41.08536,-104.52277
6/18/2020,AQS,560210003,1,1.8,ppb,1,Laramie County Mobile,23,96,42602,Nitrogen dioxide (NO2),16940,"Cheyenne, WY",56,Wyoming,21,Laramie,41.08536,-104.52277
6/19/2020,AQS,560210003,1,4.8,ppb,4,Laramie County Mobile,23,96,42602,Nitrogen dioxide (NO2),16940,"Cheyenne, WY",56,Wyoming,21,Laramie,41.08536,-104.52277
6/20/2020,AQS,560210003,1,5.7,ppb,5,Laramie County Mobile,23,96,42602,Nitrogen dioxide (NO2),16940,"Cheyenne, WY",56,Wyoming,21,Laramie,41.08536,-104.52277
6/21/2020,AQS,560210003,1,6.2,ppb,6,Laramie County Mobile,24,100,42602,Nitrogen dioxide (NO2),16940,"Cheyenne, WY",56,Wyoming,21,Laramie,41.08536,-104.52277
6/22/2020,AQS,560210003,1,3.9,ppb,3,Laramie County Mobile,22,92,42602,Nitrogen dioxide (NO2),16940,"Cheyenne, WY",56,Wyoming,21,Laramie,41.08536,-104.52277
6/23/2020,AQS,560210003,1,2.6,ppb,2,Laramie County Mobile,24,100,42602,Nitrogen dioxide (NO2),16940,"Cheyenne, WY",56,Wyoming,21,Laramie,41.08536,-104.52277
6/25/2020,AQS,560210003,1,2.9,ppb,2,Laramie County Mobile,23,96,42602,Nitrogen dioxide (NO2),16940,"Cheyenne, WY",56,Wyoming,21,Laramie,41.08536,-104.52277
6/26/2020,AQS,560210003,1,4.6,ppb,4,Laramie County Mobile,23,96,42602,Nitrogen dioxide (NO2),16940,"Cheyenne, WY",56,Wyoming,21,Laramie,41.08536,-104.52277
6/27/2020,AQS,560210003,1,4.7,ppb,4,Laramie County Mobile,24,100,42602,Nitrogen dioxide (NO2),16940,"Cheyenne, WY",56,Wyoming,21,Laramie,41.08536,-104.52277
6/28/2020,AQS,560210003,1,7.6,ppb,7,Laramie County Mobile,22,92,42602,Nitrogen dioxide (NO2),16940,"Cheyenne, WY",56,Wyoming,21,Laramie,41.08536,-104.52277
6/30/2020,AQS,560210003,1,1.8,ppb,1,Laramie County Mobile,21,88,42602,Nitrogen dioxide (NO2),16940,"Cheyenne, WY",56,Wyoming,21,Laramie,41.08536,-104.52277
1/1/2020,AQS,560210100,2,1.5,ppb,1,Cheyenne NCore,24,100,42602,Nitrogen dioxide (NO2),16940,"Cheyenne, WY",56,Wyoming,21,Laramie,41.18222711,-104.7783342
1/2/2020,AQS,560210100,2,2.8,ppb,2,Cheyenne NCore,24,100,42602,Nitrogen dioxide (NO2),16940,"Cheyenne, WY",56,Wyoming,21,Laramie,41.18222711,-104.7783342
1/3/2020,AQS,560210100,2,4.2,ppb,4,Cheyenne NCore,22,92,42602,Nitrogen dioxide (NO2),16940,"Cheyenne, WY",56,Wyoming,21,Laramie,41.18222711,-104.7783342
1/4/2020,AQS,560210100,2,2.8,ppb,2,Cheyenne NCore,24,100,42602,Nitrogen dioxide (NO2),16940,"Cheyenne, WY",56,Wyoming,21,Laramie,41.18222711,-104.7783342
1/5/2020,AQS,560210100,2,8.3,ppb,8,Cheyenne NCore,24,100,42602,Nitrogen dioxide (NO2),16940,"Cheyenne, WY",56,Wyoming,21,Laramie,41.18222711,-104.7783342
1/6/2020,AQS,560210100,2,1.5,ppb,1,Cheyenne NCore,22,92,42602,Nitrogen dioxide (NO2),16940,"Cheyenne, WY",56,Wyoming,21,Laramie,41.18222711,-104.7783342
1/7/2020,AQS,560210100,2,6.1,ppb,6,Cheyenne NCore,24,100,42602,Nitrogen dioxide (NO2),16940,"Cheyenne, WY",56,Wyoming,21,Laramie,41.18222711,-104.7783342
1/8/2020,AQS,560210100,2,19.5,ppb,18,Cheyenne NCore,22,92,42602,Nitrogen dioxide (NO2),16940,"Cheyenne, WY",56,Wyoming,21,Laramie,41.18222711,-104.7783342
1/9/2020,AQS,560210100,2,16.6,ppb,15,Cheyenne NCore,22,92,42602,Nitrogen dioxide (NO2),16940,"Cheyenne, WY",56,Wyoming,21,Laramie,41.18222711,-104.7783342
1/10/2020,AQS,560210100,2,11.5,ppb,10,Cheyenne NCore,24,100,42602,Nitrogen dioxide (NO2),16940,"Cheyenne, WY",56,Wyoming,21,Laramie,41.18222711,-104.7783342
1/11/2020,AQS,560210100,2,12.8,ppb,11,Cheyenne NCore,24,100,42602,Nitrogen dioxide (NO2),16940,"Cheyenne, WY",56,Wyoming,21,Laramie,41.18222711,-104.7783342
1/12/2020,AQS,560210100,2,5,ppb,5,Cheyenne NCore,23,96,42602,Nitrogen dioxide (NO2),16940,"Cheyenne, WY",56,Wyoming,21,Laramie,41.18222711,-104.7783342
1/13/2020,AQS,560210100,2,21.2,ppb,20,Cheyenne NCore,23,96,42602,Nitrogen dioxide (NO2),16940,"Cheyenne, WY",56,Wyoming,21,Laramie,41.18222711,-104.7783342
1/14/2020,AQS,560210100,2,28,ppb,26,Cheyenne NCore,24,100,42602,Nitrogen dioxide (NO2),16940,"Cheyenne, WY",56,Wyoming,21,Laramie,41.18222711,-104.7783342
1/15/2020,AQS,560210100,2,23.3,ppb,22,Cheyenne NCore,20,83,42602,Nitrogen dioxide (NO2),16940,"Cheyenne, WY",56,Wyoming,21,Laramie,41.18222711,-104.7783342
1/17/2020,AQS,560210100,2,23.6,ppb,22,Cheyenne NCore,24,100,42602,Nitrogen dioxide (NO2),16940,"Cheyenne, WY",56,Wyoming,21,Laramie,41.18222711,-104.7783342
1/18/2020,AQS,560210100,2,4.7,ppb,4,Cheyenne NCore,21,88,42602,Nitrogen dioxide (NO2),16940,"Cheyenne, WY",56,Wyoming,21,Laramie,41.18222711,-104.7783342
1/19/2020,AQS,560210100,2,14,ppb,13,Cheyenne NCore,24,100,42602,Nitrogen dioxide (NO2),16940,"Cheyenne, WY",56,Wyoming,21,Laramie,41.18222711,-104.7783342
1/20/2020,AQS,560210100,2,31.8,ppb,29,Cheyenne NCore,22,92,42602,Nitrogen dioxide (NO2),16940,"Cheyenne, WY",56,Wyoming,21,Laramie,41.18222711,-104.7783342
1/21/2020,AQS,560210100,2,18.7,ppb,17,Cheyenne NCore,19,79,42602,Nitrogen dioxide (NO2),16940,"Cheyenne, WY",56,Wyoming,21,Laramie,41.18222711,-104.7783342
1/22/2020,AQS,560210100,2,3.3,ppb,3,Cheyenne NCore,22,92,42602,Nitrogen dioxide (NO2),16940,"Cheyenne, WY",56,Wyoming,21,Laramie,41.18222711,-104.7783342
1/23/2020,AQS,560210100,2,5.6,ppb,5,Cheyenne NCore,24,100,42602,Nitrogen dioxide (NO2),16940,"Cheyenne, WY",56,Wyoming,21,Laramie,41.18222711,-104.7783342
1/24/2020,AQS,560210100,2,11.7,ppb,10,Cheyenne NCore,22,92,42602,Nitrogen dioxide (NO2),16940,"Cheyenne, WY",56,Wyoming,21,Laramie,41.18222711,-104.7783342
1/25/2020,AQS,560210100,2,2.8,ppb,2,Cheyenne NCore,24,100,42602,Nitrogen dioxide (NO2),16940,"Cheyenne, WY",56,Wyoming,21,Laramie,41.18222711,-104.7783342
1/26/2020,AQS,560210100,2,11.9,ppb,10,Cheyenne NCore,24,100,42602,Nitrogen dioxide (NO2),16940,"Cheyenne, WY",56,Wyoming,21,Laramie,41.18222711,-104.7783342
1/28/2020,AQS,560210100,2,3.4,ppb,3,Cheyenne NCore,21,88,42602,Nitrogen dioxide (NO2),16940,"Cheyenne, WY",56,Wyoming,21,Laramie,41.18222711,-104.7783342
1/29/2020,AQS,560210100,2,9.2,ppb,8,Cheyenne NCore,24,100,42602,Nitrogen dioxide (NO2),16940,"Cheyenne, WY",56,Wyoming,21,Laramie,41.18222711,-104.7783342
1/30/2020,AQS,560210100,2,4.6,ppb,4,Cheyenne NCore,22,92,42602,Nitrogen dioxide (NO2),16940,"Cheyenne, WY",56,Wyoming,21,Laramie,41.18222711,-104.7783342
1/31/2020,AQS,560210100,2,1.9,ppb,1,Cheyenne NCore,24,100,42602,Nitrogen dioxide (NO2),16940,"Cheyenne, WY",56,Wyoming,21,Laramie,41.18222711,-104.7783342
2/1/2020,AQS,560210100,2,1.7,ppb,1,Cheyenne NCore,24,100,42602,Nitrogen dioxide (NO2),16940,"Cheyenne, WY",56,Wyoming,21,Laramie,41.18222711,-104.7783342
2/2/2020,AQS,560210100,2,22.8,ppb,21,Cheyenne NCore,22,92,42602,Nitrogen dioxide (NO2),16940,"Cheyenne, WY",56,Wyoming,21,Laramie,41.18222711,-104.7783342
2/3/2020,AQS,560210100,2,1.9,ppb,1,Cheyenne NCore,23,96,42602,Nitrogen dioxide (NO2),16940,"Cheyenne, WY",56,Wyoming,21,Laramie,41.18222711,-104.7783342
2/4/2020,AQS,560210100,2,16.1,ppb,15,Cheyenne NCore,24,100,42602,Nitrogen dioxide (NO2),16940,"Cheyenne, WY",56,Wyoming,21,Laramie,41.18222711,-104.7783342
2/5/2020,AQS,560210100,2,20.1,ppb,19,Cheyenne NCore,20,83,42602,Nitrogen dioxide (NO2),16940,"Cheyenne, WY",56,Wyoming,21,Laramie,41.18222711,-104.7783342
2/6/2020,AQS,560210100,2,2.8,ppb,2,Cheyenne NCore,24,100,42602,Nitrogen dioxide (NO2),16940,"Cheyenne, WY",56,Wyoming,21,Laramie,41.18222711,-104.7783342
2/7/2020,AQS,560210100,2,15.7,ppb,14,Cheyenne NCore,24,100,42602,Nitrogen dioxide (NO2),16940,"Cheyenne, WY",56,Wyoming,21,Laramie,41.18222711,-104.7783342
2/8/2020,AQS,560210100,2,13.9,ppb,12,Cheyenne NCore,22,92,42602,Nitrogen dioxide (NO2),16940,"Cheyenne, WY",56,Wyoming,21,Laramie,41.18222711,-104.7783342
2/9/2020,AQS,560210100,2,8.6,ppb,8,Cheyenne NCore,24,100,42602,Nitrogen dioxide (NO2),16940,"Cheyenne, WY",56,Wyoming,21,Laramie,41.18222711,-104.7783342
2/10/2020,AQS,560210100,2,8.6,ppb,8,Cheyenne NCore,23,96,42602,Nitrogen dioxide (NO2),16940,"Cheyenne, WY",56,Wyoming,21,Laramie,41.18222711,-104.7783342
2/11/2020,AQS,560210100,2,18.2,ppb,17,Cheyenne NCore,18,75,42602,Nitrogen dioxide (NO2),16940,"Cheyenne, WY",56,Wyoming,21,Laramie,41.18222711,-104.7783342
2/20/2020,AQS,560210100,2,19.4,ppb,18,Cheyenne NCore,18,75,42602,Nitrogen dioxide (NO2),16940,"Cheyenne, WY",56,Wyoming,21,Laramie,41.18222711,-104.7783342
2/21/2020,AQS,560210100,2,19.8,ppb,18,Cheyenne NCore,24,100,42602,Nitrogen dioxide (NO2),16940,"Cheyenne, WY",56,Wyoming,21,Laramie,41.18222711,-104.7783342
2/22/2020,AQS,560210100,2,12.4,ppb,11,Cheyenne NCore,24,100,42602,Nitrogen dioxide (NO2),16940,"Cheyenne, WY",56,Wyoming,21,Laramie,41.18222711,-104.7783342
2/23/2020,AQS,560210100,2,20.6,ppb,19,Cheyenne NCore,23,96,42602,Nitrogen dioxide (NO2),16940,"Cheyenne, WY",56,Wyoming,21,Laramie,41.18222711,-104.7783342
2/24/2020,AQS,560210100,2,3.2,ppb,3,Cheyenne NCore,22,92,42602,Nitrogen dioxide (NO2),16940,"Cheyenne, WY",56,Wyoming,21,Laramie,41.18222711,-104.7783342
2/25/2020,AQS,560210100,2,7.4,ppb,7,Cheyenne NCore,24,100,42602,Nitrogen dioxide (NO2),16940,"Cheyenne, WY",56,Wyoming,21,Laramie,41.18222711,-104.7783342
2/26/2020,AQS,560210100,2,13,ppb,12,Cheyenne NCore,23,96,42602,Nitrogen dioxide (NO2),16940,"Cheyenne, WY",56,Wyoming,21,Laramie,41.18222711,-104.7783342
2/27/2020,AQS,560210100,2,2.2,ppb,2,Cheyenne NCore,24,100,42602,Nitrogen dioxide (NO2),16940,"Cheyenne, WY",56,Wyoming,21,Laramie,41.18222711,-104.7783342
2/28/2020,AQS,560210100,2,25.2,ppb,24,Cheyenne NCore,24,100,42602,Nitrogen dioxide (NO2),16940,"Cheyenne, WY",56,Wyoming,21,Laramie,41.18222711,-104.7783342
2/29/2020,AQS,560210100,2,12.8,ppb,11,Cheyenne NCore,23,96,42602,Nitrogen dioxide (NO2),16940,"Cheyenne, WY",56,Wyoming,21,Laramie,41.18222711,-104.7783342
3/1/2020,AQS,560210100,2,5.2,ppb,5,Cheyenne NCore,24,100,42602,Nitrogen dioxide (NO2),16940,"Cheyenne, WY",56,Wyoming,21,Laramie,41.18222711,-104.7783342
3/2/2020,AQS,560210100,2,14.2,ppb,13,Cheyenne NCore,24,100,42602,Nitrogen dioxide (NO2),16940,"Cheyenne, WY",56,Wyoming,21,Laramie,41.18222711,-104.7783342
3/3/2020,AQS,560210100,2,7.3,ppb,7,Cheyenne NCore,23,96,42602,Nitrogen dioxide (NO2),16940,"Cheyenne, WY",56,Wyoming,21,Laramie,41.18222711,-104.7783342
3/4/2020,AQS,560210100,2,11,ppb,10,Cheyenne NCore,23,96,42602,Nitrogen dioxide (NO2),16940,"Cheyenne, WY",56,Wyoming,21,Laramie,41.18222711,-104.7783342
3/5/2020,AQS,560210100,2,20.5,ppb,19,Cheyenne NCore,24,100,42602,Nitrogen dioxide (NO2),16940,"Cheyenne, WY",56,Wyoming,21,Laramie,41.18222711,-104.7783342
3/6/2020,AQS,560210100,2,28.2,ppb,26,Cheyenne NCore,23,96,42602,Nitrogen dioxide (NO2),16940,"Cheyenne, WY",56,Wyoming,21,Laramie,41.18222711,-104.7783342
3/7/2020,AQS,560210100,2,14.9,ppb,13,Cheyenne NCore,24,100,42602,Nitrogen dioxide (NO2),16940,"Cheyenne, WY",56,Wyoming,21,Laramie,41.18222711,-104.7783342
3/8/2020,AQS,560210100,2,5.5,ppb,5,Cheyenne NCore,24,100,42602,Nitrogen dioxide (NO2),16940,"Cheyenne, WY",56,Wyoming,21,Laramie,41.18222711,-104.7783342
3/9/2020,AQS,560210100,2,17.4,ppb,16,Cheyenne NCore,22,92,42602,Nitrogen dioxide (NO2),16940,"Cheyenne, WY",56,Wyoming,21,Laramie,41.18222711,-104.7783342
3/10/2020,AQS,560210100,2,8.4,ppb,8,Cheyenne NCore,24,100,42602,Nitrogen dioxide (NO2),16940,"Cheyenne, WY",56,Wyoming,21,Laramie,41.18222711,-104.7783342
3/11/2020,AQS,560210100,2,1.8,ppb,1,Cheyenne NCore,24,100,42602,Nitrogen dioxide (NO2),16940,"Cheyenne, WY",56,Wyoming,21,Laramie,41.18222711,-104.7783342
3/12/2020,AQS,560210100,2,2.1,ppb,2,Cheyenne NCore,23,96,42602,Nitrogen dioxide (NO2),16940,"Cheyenne, WY",56,Wyoming,21,Laramie,41.18222711,-104.7783342
3/13/2020,AQS,560210100,2,2.7,ppb,2,Cheyenne NCore,23,96,42602,Nitrogen dioxide (NO2),16940,"Cheyenne, WY",56,Wyoming,21,Laramie,41.18222711,-104.7783342
3/14/2020,AQS,560210100,2,3.3,ppb,3,Cheyenne NCore,24,100,42602,Nitrogen dioxide (NO2),16940,"Cheyenne, WY",56,Wyoming,21,Laramie,41.18222711,-104.7783342
3/15/2020,AQS,560210100,2,16.3,ppb,15,Cheyenne NCore,21,88,42602,Nitrogen dioxide (NO2),16940,"Cheyenne, WY",56,Wyoming,21,Laramie,41.18222711,-104.7783342
3/16/2020,AQS,560210100,2,4.5,ppb,4,Cheyenne NCore,22,92,42602,Nitrogen dioxide (NO2),16940,"Cheyenne, WY",56,Wyoming,21,Laramie,41.18222711,-104.7783342
3/17/2020,AQS,560210100,2,24.7,ppb,23,Cheyenne NCore,24,100,42602,Nitrogen dioxide (NO2),16940,"Cheyenne, WY",56,Wyoming,21,Laramie,41.18222711,-104.7783342
3/18/2020,AQS,560210100,2,9.6,ppb,8,Cheyenne NCore,23,96,42602,Nitrogen dioxide (NO2),16940,"Cheyenne, WY",56,Wyoming,21,Laramie,41.18222711,-104.7783342
3/19/2020,AQS,560210100,2,2,ppb,2,Cheyenne NCore,24,100,42602,Nitrogen dioxide (NO2),16940,"Cheyenne, WY",56,Wyoming,21,Laramie,41.18222711,-104.7783342
3/20/2020,AQS,560210100,2,13.2,ppb,12,Cheyenne NCore,24,100,42602,Nitrogen dioxide (NO2),16940,"Cheyenne, WY",56,Wyoming,21,Laramie,41.18222711,-104.7783342
3/21/2020,AQS,560210100,2,17.3,ppb,16,Cheyenne NCore,23,96,42602,Nitrogen dioxide (NO2),16940,"Cheyenne, WY",56,Wyoming,21,Laramie,41.18222711,-104.7783342
3/22/2020,AQS,560210100,2,5.1,ppb,5,Cheyenne NCore,24,100,42602,Nitrogen dioxide (NO2),16940,"Cheyenne, WY",56,Wyoming,21,Laramie,41.18222711,-104.7783342
3/23/2020,AQS,560210100,2,6.1,ppb,6,Cheyenne NCore,20,83,42602,Nitrogen dioxide (NO2),16940,"Cheyenne, WY",56,Wyoming,21,Laramie,41.18222711,-104.7783342
3/24/2020,AQS,560210100,2,6.2,ppb,6,Cheyenne NCore,23,96,42602,Nitrogen dioxide (NO2),16940,"Cheyenne, WY",56,Wyoming,21,Laramie,41.18222711,-104.7783342
3/25/2020,AQS,560210100,2,18.6,ppb,17,Cheyenne NCore,24,100,42602,Nitrogen dioxide (NO2),16940,"Cheyenne, WY",56,Wyoming,21,Laramie,41.18222711,-104.7783342
3/26/2020,AQS,560210100,2,8.4,ppb,8,Cheyenne NCore,24,100,42602,Nitrogen dioxide (NO2),16940,"Cheyenne, WY",56,Wyoming,21,Laramie,41.18222711,-104.7783342
3/27/2020,AQS,560210100,2,1.1,ppb,1,Cheyenne NCore,23,96,42602,Nitrogen dioxide (NO2),16940,"Cheyenne, WY",56,Wyoming,21,Laramie,41.18222711,-104.7783342
3/28/2020,AQS,560210100,2,2.5,ppb,2,Cheyenne NCore,24,100,42602,Nitrogen dioxide (NO2),16940,"Cheyenne, WY",56,Wyoming,21,Laramie,41.18222711,-104.7783342
3/29/2020,AQS,560210100,2,8.9,ppb,8,Cheyenne NCore,24,100,42602,Nitrogen dioxide (NO2),16940,"Cheyenne, WY",56,Wyoming,21,Laramie,41.18222711,-104.7783342
3/30/2020,AQS,560210100,2,10.7,ppb,9,Cheyenne NCore,22,92,42602,Nitrogen dioxide (NO2),16940,"Cheyenne, WY",56,Wyoming,21,Laramie,41.18222711,-104.7783342
3/31/2020,AQS,560210100,2,11.8,ppb,10,Cheyenne NCore,24,100,42602,Nitrogen dioxide (NO2),16940,"Cheyenne, WY",56,Wyoming,21,Laramie,41.18222711,-104.7783342
4/1/2020,AQS,560210100,2,12.2,ppb,11,Cheyenne NCore,24,100,42602,Nitrogen dioxide (NO2),16940,"Cheyenne, WY",56,Wyoming,21,Laramie,41.18222711,-104.7783342
4/2/2020,AQS,560210100,2,3.8,ppb,3,Cheyenne NCore,23,96,42602,Nitrogen dioxide (NO2),16940,"Cheyenne, WY",56,Wyoming,21,Laramie,41.18222711,-104.7783342
4/3/2020,AQS,560210100,2,19.8,ppb,18,Cheyenne NCore,24,100,42602,Nitrogen dioxide (NO2),16940,"Cheyenne, WY",56,Wyoming,21,Laramie,41.18222711,-104.7783342
4/4/2020,AQS,560210100,2,10,ppb,9,Cheyenne NCore,24,100,42602,Nitrogen dioxide (NO2),16940,"Cheyenne, WY",56,Wyoming,21,Laramie,41.18222711,-104.7783342
4/5/2020,AQS,560210100,2,21,ppb,20,Cheyenne NCore,23,96,42602,Nitrogen dioxide (NO2),16940,"Cheyenne, WY",56,Wyoming,21,Laramie,41.18222711,-104.7783342
4/6/2020,AQS,560210100,2,8.2,ppb,8,Cheyenne NCore,24,100,42602,Nitrogen dioxide (NO2),16940,"Cheyenne, WY",56,Wyoming,21,Laramie,41.18222711,-104.7783342
4/7/2020,AQS,560210100,2,11.7,ppb,10,Cheyenne NCore,24,100,42602,Nitrogen dioxide (NO2),16940,"Cheyenne, WY",56,Wyoming,21,Laramie,41.18222711,-104.7783342
4/8/2020,AQS,560210100,2,3.3,ppb,3,Cheyenne NCore,18,75,42602,Nitrogen dioxide (NO2),16940,"Cheyenne, WY",56,Wyoming,21,Laramie,41.18222711,-104.7783342
4/9/2020,AQS,560210100,2,9.1,ppb,8,Cheyenne NCore,24,100,42602,Nitrogen dioxide (NO2),16940,"Cheyenne, WY",56,Wyoming,21,Laramie,41.18222711,-104.7783342
4/10/2020,AQS,560210100,2,22.7,ppb,21,Cheyenne NCore,24,100,42602,Nitrogen dioxide (NO2),16940,"Cheyenne, WY",56,Wyoming,21,Laramie,41.18222711,-104.7783342
4/11/2020,AQS,560210100,2,2.1,ppb,2,Cheyenne NCore,23,96,42602,Nitrogen dioxide (NO2),16940,"Cheyenne, WY",56,Wyoming,21,Laramie,41.18222711,-104.7783342
4/12/2020,AQS,560210100,2,1,ppb,1,Cheyenne NCore,24,100,42602,Nitrogen dioxide (NO2),16940,"Cheyenne, WY",56,Wyoming,21,Laramie,41.18222711,-104.7783342
4/13/2020,AQS,560210100,2,8.8,ppb,8,Cheyenne NCore,23,96,42602,Nitrogen dioxide (NO2),16940,"Cheyenne, WY",56,Wyoming,21,Laramie,41.18222711,-104.7783342
4/14/2020,AQS,560210100,2,3,ppb,3,Cheyenne NCore,23,96,42602,Nitrogen dioxide (NO2),16940,"Cheyenne, WY",56,Wyoming,21,Laramie,41.18222711,-104.7783342
4/15/2020,AQS,560210100,2,4.9,ppb,4,Cheyenne NCore,24,100,42602,Nitrogen dioxide (NO2),16940,"Cheyenne, WY",56,Wyoming,21,Laramie,41.18222711,-104.7783342
4/16/2020,AQS,560210100,2,5.7,ppb,5,Cheyenne NCore,24,100,42602,Nitrogen dioxide (NO2),16940,"Cheyenne, WY",56,Wyoming,21,Laramie,41.18222711,-104.7783342
4/17/2020,AQS,560210100,2,16.5,ppb,15,Cheyenne NCore,23,96,42602,Nitrogen dioxide (NO2),16940,"Cheyenne, WY",56,Wyoming,21,Laramie,41.18222711,-104.7783342
4/18/2020,AQS,560210100,2,9.5,ppb,8,Cheyenne NCore,24,100,42602,Nitrogen dioxide (NO2),16940,"Cheyenne, WY",56,Wyoming,21,Laramie,41.18222711,-104.7783342
4/19/2020,AQS,560210100,2,3.9,ppb,3,Cheyenne NCore,24,100,42602,Nitrogen dioxide (NO2),16940,"Cheyenne, WY",56,Wyoming,21,Laramie,41.18222711,-104.7783342
4/20/2020,AQS,560210100,2,8.1,ppb,8,Cheyenne NCore,22,92,42602,Nitrogen dioxide (NO2),16940,"Cheyenne, WY",56,Wyoming,21,Laramie,41.18222711,-104.7783342
4/21/2020,AQS,560210100,2,11,ppb,10,Cheyenne NCore,24,100,42602,Nitrogen dioxide (NO2),16940,"Cheyenne, WY",56,Wyoming,21,Laramie,41.18222711,-104.7783342
4/22/2020,AQS,560210100,2,13.3,ppb,12,Cheyenne NCore,24,100,42602,Nitrogen dioxide (NO2),16940,"Cheyenne, WY",56,Wyoming,21,Laramie,41.18222711,-104.7783342
4/23/2020,AQS,560210100,2,2.2,ppb,2,Cheyenne NCore,18,75,42602,Nitrogen dioxide (NO2),16940,"Cheyenne, WY",56,Wyoming,21,Laramie,41.18222711,-104.7783342
4/24/2020,AQS,560210100,2,1.4,ppb,1,Cheyenne NCore,24,100,42602,Nitrogen dioxide (NO2),16940,"Cheyenne, WY",56,Wyoming,21,Laramie,41.18222711,-104.7783342
4/25/2020,AQS,560210100,2,8.6,ppb,8,Cheyenne NCore,24,100,42602,Nitrogen dioxide (NO2),16940,"Cheyenne, WY",56,Wyoming,21,Laramie,41.18222711,-104.7783342
4/26/2020,AQS,560210100,2,7.3,ppb,7,Cheyenne NCore,23,96,42602,Nitrogen dioxide (NO2),16940,"Cheyenne, WY",56,Wyoming,21,Laramie,41.18222711,-104.7783342
4/27/2020,AQS,560210100,2,3.2,ppb,3,Cheyenne NCore,23,96,42602,Nitrogen dioxide (NO2),16940,"Cheyenne, WY",56,Wyoming,21,Laramie,41.18222711,-104.7783342
4/28/2020,AQS,560210100,2,1.3,ppb,1,Cheyenne NCore,24,100,42602,Nitrogen dioxide (NO2),16940,"Cheyenne, WY",56,Wyoming,21,Laramie,41.18222711,-104.7783342
4/29/2020,AQS,560210100,2,10.5,ppb,9,Cheyenne NCore,23,96,42602,Nitrogen dioxide (NO2),16940,"Cheyenne, WY",56,Wyoming,21,Laramie,41.18222711,-104.7783342
4/30/2020,AQS,560210100,2,12.2,ppb,11,Cheyenne NCore,24,100,42602,Nitrogen dioxide (NO2),16940,"Cheyenne, WY",56,Wyoming,21,Laramie,41.18222711,-104.7783342
5/1/2020,AQS,560210100,2,2.2,ppb,2,Cheyenne NCore,24,100,42602,Nitrogen dioxide (NO2),16940,"Cheyenne, WY",56,Wyoming,21,Laramie,41.18222711,-104.7783342
5/2/2020,AQS,560210100,2,6.4,ppb,6,Cheyenne NCore,23,96,42602,Nitrogen dioxide (NO2),16940,"Cheyenne, WY",56,Wyoming,21,Laramie,41.18222711,-104.7783342
5/3/2020,AQS,560210100,2,6.3,ppb,6,Cheyenne NCore,24,100,42602,Nitrogen dioxide (NO2),16940,"Cheyenne, WY",56,Wyoming,21,Laramie,41.18222711,-104.7783342
5/4/2020,AQS,560210100,2,3.8,ppb,3,Cheyenne NCore,23,96,42602,Nitrogen dioxide (NO2),16940,"Cheyenne, WY",56,Wyoming,21,Laramie,41.18222711,-104.7783342
5/5/2020,AQS,560210100,2,3.9,ppb,3,Cheyenne NCore,23,96,42602,Nitrogen dioxide (NO2),16940,"Cheyenne, WY",56,Wyoming,21,Laramie,41.18222711,-104.7783342
5/6/2020,AQS,560210100,2,15.8,ppb,14,Cheyenne NCore,24,100,42602,Nitrogen dioxide (NO2),16940,"Cheyenne, WY",56,Wyoming,21,Laramie,41.18222711,-104.7783342
5/7/2020,AQS,560210100,2,9.4,ppb,8,Cheyenne NCore,24,100,42602,Nitrogen dioxide (NO2),16940,"Cheyenne, WY",56,Wyoming,21,Laramie,41.18222711,-104.7783342
5/8/2020,AQS,560210100,2,3,ppb,3,Cheyenne NCore,23,96,42602,Nitrogen dioxide (NO2),16940,"Cheyenne, WY",56,Wyoming,21,Laramie,41.18222711,-104.7783342
5/9/2020,AQS,560210100,2,1.8,ppb,1,Cheyenne NCore,24,100,42602,Nitrogen dioxide (NO2),16940,"Cheyenne, WY",56,Wyoming,21,Laramie,41.18222711,-104.7783342
5/10/2020,AQS,560210100,2,4.5,ppb,4,Cheyenne NCore,24,100,42602,Nitrogen dioxide (NO2),16940,"Cheyenne, WY",56,Wyoming,21,Laramie,41.18222711,-104.7783342
5/11/2020,AQS,560210100,2,4.5,ppb,4,Cheyenne NCore,22,92,42602,Nitrogen dioxide (NO2),16940,"Cheyenne, WY",56,Wyoming,21,Laramie,41.18222711,-104.7783342
5/12/2020,AQS,560210100,2,5,ppb,5,Cheyenne NCore,24,100,42602,Nitrogen dioxide (NO2),16940,"Cheyenne, WY",56,Wyoming,21,Laramie,41.18222711,-104.7783342
5/13/2020,AQS,560210100,2,9.9,ppb,8,Cheyenne NCore,24,100,42602,Nitrogen dioxide (NO2),16940,"Cheyenne, WY",56,Wyoming,21,Laramie,41.18222711,-104.7783342
5/16/2020,AQS,560210100,2,5.1,ppb,5,Cheyenne NCore,24,100,42602,Nitrogen dioxide (NO2),16940,"Cheyenne, WY",56,Wyoming,21,Laramie,41.18222711,-104.7783342
5/17/2020,AQS,560210100,2,8.6,ppb,8,Cheyenne NCore,23,96,42602,Nitrogen dioxide (NO2),16940,"Cheyenne, WY",56,Wyoming,21,Laramie,41.18222711,-104.7783342
5/18/2020,AQS,560210100,2,6.3,ppb,6,Cheyenne NCore,22,92,42602,Nitrogen dioxide (NO2),16940,"Cheyenne, WY",56,Wyoming,21,Laramie,41.18222711,-104.7783342
5/19/2020,AQS,560210100,2,13.4,ppb,12,Cheyenne NCore,24,100,42602,Nitrogen dioxide (NO2),16940,"Cheyenne, WY",56,Wyoming,21,Laramie,41.18222711,-104.7783342
5/20/2020,AQS,560210100,2,4.6,ppb,4,Cheyenne NCore,23,96,42602,Nitrogen dioxide (NO2),16940,"Cheyenne, WY",56,Wyoming,21,Laramie,41.18222711,-104.7783342
5/21/2020,AQS,560210100,2,6,ppb,6,Cheyenne NCore,24,100,42602,Nitrogen dioxide (NO2),16940,"Cheyenne, WY",56,Wyoming,21,Laramie,41.18222711,-104.7783342
5/22/2020,AQS,560210100,2,11.4,ppb,10,Cheyenne NCore,24,100,42602,Nitrogen dioxide (NO2),16940,"Cheyenne, WY",56,Wyoming,21,Laramie,41.18222711,-104.7783342
5/23/2020,AQS,560210100,2,4.8,ppb,4,Cheyenne NCore,23,96,42602,Nitrogen dioxide (NO2),16940,"Cheyenne, WY",56,Wyoming,21,Laramie,41.18222711,-104.7783342
5/24/2020,AQS,560210100,2,5.9,ppb,5,Cheyenne NCore,24,100,42602,Nitrogen dioxide (NO2),16940,"Cheyenne, WY",56,Wyoming,21,Laramie,41.18222711,-104.7783342
5/25/2020,AQS,560210100,2,8,ppb,8,Cheyenne NCore,23,96,42602,Nitrogen dioxide (NO2),16940,"Cheyenne, WY",56,Wyoming,21,Laramie,41.18222711,-104.7783342
5/26/2020,AQS,560210100,2,8.5,ppb,8,Cheyenne NCore,18,75,42602,Nitrogen dioxide (NO2),16940,"Cheyenne, WY",56,Wyoming,21,Laramie,41.18222711,-104.7783342
5/27/2020,AQS,560210100,2,8.7,ppb,8,Cheyenne NCore,24,100,42602,Nitrogen dioxide (NO2),16940,"Cheyenne, WY",56,Wyoming,21,Laramie,41.18222711,-104.7783342
5/28/2020,AQS,560210100,2,5.4,ppb,5,Cheyenne NCore,24,100,42602,Nitrogen dioxide (NO2),16940,"Cheyenne, WY",56,Wyoming,21,Laramie,41.18222711,-104.7783342
5/29/2020,AQS,560210100,2,19.4,ppb,18,Cheyenne NCore,22,92,42602,Nitrogen dioxide (NO2),16940,"Cheyenne, WY",56,Wyoming,21,Laramie,41.18222711,-104.7783342
5/30/2020,AQS,560210100,2,9.8,ppb,8,Cheyenne NCore,24,100,42602,Nitrogen dioxide (NO2),16940,"Cheyenne, WY",56,Wyoming,21,Laramie,41.18222711,-104.7783342
5/31/2020,AQS,560210100,2,11.9,ppb,10,Cheyenne NCore,24,100,42602,Nitrogen dioxide (NO2),16940,"Cheyenne, WY",56,Wyoming,21,Laramie,41.18222711,-104.7783342
6/1/2020,AQS,560210100,2,6,ppb,6,Cheyenne NCore,21,88,42602,Nitrogen dioxide (NO2),16940,"Cheyenne, WY",56,Wyoming,21,Laramie,41.18222711,-104.7783342
6/2/2020,AQS,560210100,2,5.6,ppb,5,Cheyenne NCore,23,96,42602,Nitrogen dioxide (NO2),16940,"Cheyenne, WY",56,Wyoming,21,Laramie,41.18222711,-104.7783342
6/3/2020,AQS,560210100,2,11.2,ppb,10,Cheyenne NCore,23,96,42602,Nitrogen dioxide (NO2),16940,"Cheyenne, WY",56,Wyoming,21,Laramie,41.18222711,-104.7783342
6/4/2020,AQS,560210100,2,3.3,ppb,3,Cheyenne NCore,24,100,42602,Nitrogen dioxide (NO2),16940,"Cheyenne, WY",56,Wyoming,21,Laramie,41.18222711,-104.7783342
6/5/2020,AQS,560210100,2,5.8,ppb,5,Cheyenne NCore,22,92,42602,Nitrogen dioxide (NO2),16940,"Cheyenne, WY",56,Wyoming,21,Laramie,41.18222711,-104.7783342
6/6/2020,AQS,560210100,2,11.7,ppb,10,Cheyenne NCore,23,96,42602,Nitrogen dioxide (NO2),16940,"Cheyenne, WY",56,Wyoming,21,Laramie,41.18222711,-104.7783342
6/7/2020,AQS,560210100,2,9.3,ppb,8,Cheyenne NCore,24,100,42602,Nitrogen dioxide (NO2),16940,"Cheyenne, WY",56,Wyoming,21,Laramie,41.18222711,-104.7783342
6/8/2020,AQS,560210100,2,2.2,ppb,2,Cheyenne NCore,23,96,42602,Nitrogen dioxide (NO2),16940,"Cheyenne, WY",56,Wyoming,21,Laramie,41.18222711,-104.7783342
6/9/2020,AQS,560210100,2,2.9,ppb,2,Cheyenne NCore,23,96,42602,Nitrogen dioxide (NO2),16940,"Cheyenne, WY",56,Wyoming,21,Laramie,41.18222711,-104.7783342
6/10/2020,AQS,560210100,2,8.5,ppb,8,Cheyenne NCore,24,100,42602,Nitrogen dioxide (NO2),16940,"Cheyenne, WY",56,Wyoming,21,Laramie,41.18222711,-104.7783342
6/11/2020,AQS,560210100,2,4.1,ppb,4,Cheyenne NCore,18,75,42602,Nitrogen dioxide (NO2),16940,"Cheyenne, WY",56,Wyoming,21,Laramie,41.18222711,-104.7783342
6/12/2020,AQS,560210100,2,8.7,ppb,8,Cheyenne NCore,23,96,42602,Nitrogen dioxide (NO2),16940,"Cheyenne, WY",56,Wyoming,21,Laramie,41.18222711,-104.7783342
6/13/2020,AQS,560210100,2,8.7,ppb,8,Cheyenne NCore,24,100,42602,Nitrogen dioxide (NO2),16940,"Cheyenne, WY",56,Wyoming,21,Laramie,41.18222711,-104.7783342
6/14/2020,AQS,560210100,2,7.1,ppb,7,Cheyenne NCore,24,100,42602,Nitrogen dioxide (NO2),16940,"Cheyenne, WY",56,Wyoming,21,Laramie,41.18222711,-104.7783342
6/15/2020,AQS,560210100,2,6.9,ppb,6,Cheyenne NCore,22,92,42602,Nitrogen dioxide (NO2),16940,"Cheyenne, WY",56,Wyoming,21,Laramie,41.18222711,-104.7783342
6/16/2020,AQS,560210100,2,9.9,ppb,8,Cheyenne NCore,22,92,42602,Nitrogen dioxide (NO2),16940,"Cheyenne, WY",56,Wyoming,21,Laramie,41.18222711,-104.7783342
6/17/2020,AQS,560210100,2,8,ppb,8,Cheyenne NCore,23,96,42602,Nitrogen dioxide (NO2),16940,"Cheyenne, WY",56,Wyoming,21,Laramie,41.18222711,-104.7783342
6/18/2020,AQS,560210100,2,8.2,ppb,8,Cheyenne NCore,23,96,42602,Nitrogen dioxide (NO2),16940,"Cheyenne, WY",56,Wyoming,21,Laramie,41.18222711,-104.7783342
6/19/2020,AQS,560210100,2,11.8,ppb,10,Cheyenne NCore,23,96,42602,Nitrogen dioxide (NO2),16940,"Cheyenne, WY",56,Wyoming,21,Laramie,41.18222711,-104.7783342
6/20/2020,AQS,560210100,2,14.7,ppb,13,Cheyenne NCore,24,100,42602,Nitrogen dioxide (NO2),16940,"Cheyenne, WY",56,Wyoming,21,Laramie,41.18222711,-104.7783342
6/21/2020,AQS,560210100,2,4.3,ppb,4,Cheyenne NCore,24,100,42602,Nitrogen dioxide (NO2),16940,"Cheyenne, WY",56,Wyoming,21,Laramie,41.18222711,-104.7783342
6/22/2020,AQS,560210100,2,5.6,ppb,5,Cheyenne NCore,22,92,42602,Nitrogen dioxide (NO2),16940,"Cheyenne, WY",56,Wyoming,21,Laramie,41.18222711,-104.7783342
6/23/2020,AQS,560210100,2,8.3,ppb,8,Cheyenne NCore,20,83,42602,Nitrogen dioxide (NO2),16940,"Cheyenne, WY",56,Wyoming,21,Laramie,41.18222711,-104.7783342
6/24/2020,AQS,560210100,2,12.5,ppb,11,Cheyenne NCore,24,100,42602,Nitrogen dioxide (NO2),16940,"Cheyenne, WY",56,Wyoming,21,Laramie,41.18222711,-104.7783342
6/25/2020,AQS,560210100,2,14.6,ppb,13,Cheyenne NCore,23,96,42602,Nitrogen dioxide (NO2),16940,"Cheyenne, WY",56,Wyoming,21,Laramie,41.18222711,-104.7783342
6/26/2020,AQS,560210100,2,12.5,ppb,11,Cheyenne NCore,24,100,42602,Nitrogen dioxide (NO2),16940,"Cheyenne, WY",56,Wyoming,21,Laramie,41.18222711,-104.7783342
6/27/2020,AQS,560210100,2,14.7,ppb,13,Cheyenne NCore,24,100,42602,Nitrogen dioxide (NO2),16940,"Cheyenne, WY",56,Wyoming,21,Laramie,41.18222711,-104.7783342
6/28/2020,AQS,560210100,2,9.3,ppb,8,Cheyenne NCore,23,96,42602,Nitrogen dioxide (NO2),16940,"Cheyenne, WY",56,Wyoming,21,Laramie,41.18222711,-104.7783342
6/29/2020,AQS,560210100,2,12.5,ppb,11,Cheyenne NCore,23,96,42602,Nitrogen dioxide (NO2),16940,"Cheyenne, WY",56,Wyoming,21,Laramie,41.18222711,-104.7783342
6/30/2020,AQS,560210100,2,3.8,ppb,3,Cheyenne NCore,24,100,42602,Nitrogen dioxide (NO2),16940,"Cheyenne, WY",56,Wyoming,21,Laramie,41.18222711,-104.7783342
7/1/2020,AQS,560210100,2,5.9,ppb,5,Cheyenne NCore,23,96,42602,Nitrogen dioxide (NO2),16940,"Cheyenne, WY",56,Wyoming,21,Laramie,41.18222711,-104.7783342
7/2/2020,AQS,560210100,2,5.5,ppb,5,Cheyenne NCore,24,100,42602,Nitrogen dioxide (NO2),16940,"Cheyenne, WY",56,Wyoming,21,Laramie,41.18222711,-104.7783342
7/3/2020,AQS,560210100,2,6.8,ppb,6,Cheyenne NCore,24,100,42602,Nitrogen dioxide (NO2),16940,"Cheyenne, WY",56,Wyoming,21,Laramie,41.18222711,-104.7783342
7/4/2020,AQS,560210100,2,11.2,ppb,10,Cheyenne NCore,23,96,42602,Nitrogen dioxide (NO2),16940,"Cheyenne, WY",56,Wyoming,21,Laramie,41.18222711,-104.7783342
7/5/2020,AQS,560210100,2,14.4,ppb,13,Cheyenne NCore,24,100,42602,Nitrogen dioxide (NO2),16940,"Cheyenne, WY",56,Wyoming,21,Laramie,41.18222711,-104.7783342
7/6/2020,AQS,560210100,2,15.4,ppb,14,Cheyenne NCore,23,96,42602,Nitrogen dioxide (NO2),16940,"Cheyenne, WY",56,Wyoming,21,Laramie,41.18222711,-104.7783342
7/7/2020,AQS,560210100,2,13.4,ppb,12,Cheyenne NCore,23,96,42602,Nitrogen dioxide (NO2),16940,"Cheyenne, WY",56,Wyoming,21,Laramie,41.18222711,-104.7783342
7/8/2020,AQS,560210100,2,6.5,ppb,6,Cheyenne NCore,24,100,42602,Nitrogen dioxide (NO2),16940,"Cheyenne, WY",56,Wyoming,21,Laramie,41.18222711,-104.7783342
7/9/2020,AQS,560210100,2,5.5,ppb,5,Cheyenne NCore,24,100,42602,Nitrogen dioxide (NO2),16940,"Cheyenne, WY",56,Wyoming,21,Laramie,41.18222711,-104.7783342
7/10/2020,AQS,560210100,2,7.5,ppb,7,Cheyenne NCore,23,96,42602,Nitrogen dioxide (NO2),16940,"Cheyenne, WY",56,Wyoming,21,Laramie,41.18222711,-104.7783342
7/11/2020,AQS,560210100,2,4.3,ppb,4,Cheyenne NCore,24,100,42602,Nitrogen dioxide (NO2),16940,"Cheyenne, WY",56,Wyoming,21,Laramie,41.18222711,-104.7783342
7/12/2020,AQS,560210100,2,13.2,ppb,12,Cheyenne NCore,24,100,42602,Nitrogen dioxide (NO2),16940,"Cheyenne, WY",56,Wyoming,21,Laramie,41.18222711,-104.7783342
7/13/2020,AQS,560210100,2,15.6,ppb,14,Cheyenne NCore,21,88,42602,Nitrogen dioxide (NO2),16940,"Cheyenne, WY",56,Wyoming,21,Laramie,41.18222711,-104.7783342
7/14/2020,AQS,560210100,2,5.4,ppb,5,Cheyenne NCore,24,100,42602,Nitrogen dioxide (NO2),16940,"Cheyenne, WY",56,Wyoming,21,Laramie,41.18222711,-104.7783342
7/15/2020,AQS,560210100,2,7.5,ppb,7,Cheyenne NCore,24,100,42602,Nitrogen dioxide (NO2),16940,"Cheyenne, WY",56,Wyoming,21,Laramie,41.18222711,-104.7783342
7/16/2020,AQS,560210100,2,15.8,ppb,14,Cheyenne NCore,23,96,42602,Nitrogen dioxide (NO2),16940,"Cheyenne, WY",56,Wyoming,21,Laramie,41.18222711,-104.7783342
7/17/2020,AQS,560210100,2,14,ppb,13,Cheyenne NCore,24,100,42602,Nitrogen dioxide (NO2),16940,"Cheyenne, WY",56,Wyoming,21,Laramie,41.18222711,-104.7783342
7/18/2020,AQS,560210100,2,7.2,ppb,7,Cheyenne NCore,24,100,42602,Nitrogen dioxide (NO2),16940,"Cheyenne, WY",56,Wyoming,21,Laramie,41.18222711,-104.7783342
7/19/2020,AQS,560210100,2,6.5,ppb,6,Cheyenne NCore,22,92,42602,Nitrogen dioxide (NO2),16940,"Cheyenne, WY",56,Wyoming,21,Laramie,41.18222711,-104.7783342
7/20/2020,AQS,560210100,2,9.1,ppb,8,Cheyenne NCore,24,100,42602,Nitrogen dioxide (NO2),16940,"Cheyenne, WY",56,Wyoming,21,Laramie,41.18222711,-104.7783342
7/22/2020,AQS,560210100,2,9.7,ppb,8,Cheyenne NCore,22,92,42602,Nitrogen dioxide (NO2),16940,"Cheyenne, WY",56,Wyoming,21,Laramie,41.18222711,-104.7783342
7/23/2020,AQS,560210100,2,5.7,ppb,5,Cheyenne NCore,23,96,42602,Nitrogen dioxide (NO2),16940,"Cheyenne, WY",56,Wyoming,21,Laramie,41.18222711,-104.7783342
7/24/2020,AQS,560210100,2,15,ppb,14,Cheyenne NCore,23,96,42602,Nitrogen dioxide (NO2),16940,"Cheyenne, WY",56,Wyoming,21,Laramie,41.18222711,-104.7783342
7/25/2020,AQS,560210100,2,12,ppb,11,Cheyenne NCore,24,100,42602,Nitrogen dioxide (NO2),16940,"Cheyenne, WY",56,Wyoming,21,Laramie,41.18222711,-104.7783342
7/26/2020,AQS,560210100,2,5.5,ppb,5,Cheyenne NCore,24,100,42602,Nitrogen dioxide (NO2),16940,"Cheyenne, WY",56,Wyoming,21,Laramie,41.18222711,-104.7783342
7/27/2020,AQS,560210100,2,4.4,ppb,4,Cheyenne NCore,20,83,42602,Nitrogen dioxide (NO2),16940,"Cheyenne, WY",56,Wyoming,21,Laramie,41.18222711,-104.7783342
7/28/2020,AQS,560210100,2,17.6,ppb,16,Cheyenne NCore,24,100,42602,Nitrogen dioxide (NO2),16940,"Cheyenne, WY",56,Wyoming,21,Laramie,41.18222711,-104.7783342
7/29/2020,AQS,560210100,2,12.4,ppb,11,Cheyenne NCore,22,92,42602,Nitrogen dioxide (NO2),16940,"Cheyenne, WY",56,Wyoming,21,Laramie,41.18222711,-104.7783342
8/25/2020,AQS,560210100,2,7.1,ppb,7,Cheyenne NCore,24,100,42602,Nitrogen dioxide (NO2),16940,"Cheyenne, WY",56,Wyoming,21,Laramie,41.18222711,-104.7783342
8/26/2020,AQS,560210100,2,15.6,ppb,14,Cheyenne NCore,23,96,42602,Nitrogen dioxide (NO2),16940,"Cheyenne, WY",56,Wyoming,21,Laramie,41.18222711,-104.7783342
8/27/2020,AQS,560210100,2,11.6,ppb,10,Cheyenne NCore,20,83,42602,Nitrogen dioxide (NO2),16940,"Cheyenne, WY",56,Wyoming,21,Laramie,41.18222711,-104.7783342
8/28/2020,AQS,560210100,2,12.6,ppb,11,Cheyenne NCore,23,96,42602,Nitrogen dioxide (NO2),16940,"Cheyenne, WY",56,Wyoming,21,Laramie,41.18222711,-104.7783342
8/29/2020,AQS,560210100,2,8.1,ppb,8,Cheyenne NCore,23,96,42602,Nitrogen dioxide (NO2),16940,"Cheyenne, WY",56,Wyoming,21,Laramie,41.18222711,-104.7783342
8/30/2020,AQS,560210100,2,3.4,ppb,3,Cheyenne NCore,24,100,42602,Nitrogen dioxide (NO2),16940,"Cheyenne, WY",56,Wyoming,21,Laramie,41.18222711,-104.7783342
8/31/2020,AQS,560210100,2,13.4,ppb,12,Cheyenne NCore,24,100,42602,Nitrogen dioxide (NO2),16940,"Cheyenne, WY",56,Wyoming,21,Laramie,41.18222711,-104.7783342
9/2/2020,AQS,560210100,2,18.6,ppb,17,Cheyenne NCore,19,79,42602,Nitrogen dioxide (NO2),16940,"Cheyenne, WY",56,Wyoming,21,Laramie,41.18222711,-104.7783342
9/3/2020,AQS,560210100,2,9.9,ppb,8,Cheyenne NCore,24,100,42602,Nitrogen dioxide (NO2),16940,"Cheyenne, WY",56,Wyoming,21,Laramie,41.18222711,-104.7783342
9/4/2020,AQS,560210100,2,9.6,ppb,8,Cheyenne NCore,23,96,42602,Nitrogen dioxide (NO2),16940,"Cheyenne, WY",56,Wyoming,21,Laramie,41.18222711,-104.7783342
9/5/2020,AQS,560210100,2,12.4,ppb,11,Cheyenne NCore,23,96,42602,Nitrogen dioxide (NO2),16940,"Cheyenne, WY",56,Wyoming,21,Laramie,41.18222711,-104.7783342
9/6/2020,AQS,560210100,2,3.3,ppb,3,Cheyenne NCore,24,100,42602,Nitrogen dioxide (NO2),16940,"Cheyenne, WY",56,Wyoming,21,Laramie,41.18222711,-104.7783342
9/7/2020,AQS,560210100,2,13.5,ppb,12,Cheyenne NCore,24,100,42602,Nitrogen dioxide (NO2),16940,"Cheyenne, WY",56,Wyoming,21,Laramie,41.18222711,-104.7783342
9/8/2020,AQS,560210100,2,2.2,ppb,2,Cheyenne NCore,23,96,42602,Nitrogen dioxide (NO2),16940,"Cheyenne, WY",56,Wyoming,21,Laramie,41.18222711,-104.7783342
9/9/2020,AQS,560210100,2,11.7,ppb,10,Cheyenne NCore,24,100,42602,Nitrogen dioxide (NO2),16940,"Cheyenne, WY",56,Wyoming,21,Laramie,41.18222711,-104.7783342
9/10/2020,AQS,560210100,2,15.9,ppb,14,Cheyenne NCore,24,100,42602,Nitrogen dioxide (NO2),16940,"Cheyenne, WY",56,Wyoming,21,Laramie,41.18222711,-104.7783342
9/11/2020,AQS,560210100,2,19.3,ppb,18,Cheyenne NCore,23,96,42602,Nitrogen dioxide (NO2),16940,"Cheyenne, WY",56,Wyoming,21,Laramie,41.18222711,-104.7783342
9/12/2020,AQS,560210100,2,11.1,ppb,10,Cheyenne NCore,24,100,42602,Nitrogen dioxide (NO2),16940,"Cheyenne, WY",56,Wyoming,21,Laramie,41.18222711,-104.7783342
9/13/2020,AQS,560210100,2,11.7,ppb,10,Cheyenne NCore,24,100,42602,Nitrogen dioxide (NO2),16940,"Cheyenne, WY",56,Wyoming,21,Laramie,41.18222711,-104.7783342
9/14/2020,AQS,560210100,2,15.6,ppb,14,Cheyenne NCore,23,96,42602,Nitrogen dioxide (NO2),16940,"Cheyenne, WY",56,Wyoming,21,Laramie,41.18222711,-104.7783342
9/15/2020,AQS,560210100,2,5.5,ppb,5,Cheyenne NCore,24,100,42602,Nitrogen dioxide (NO2),16940,"Cheyenne, WY",56,Wyoming,21,Laramie,41.18222711,-104.7783342
9/16/2020,AQS,560210100,2,12.9,ppb,11,Cheyenne NCore,24,100,42602,Nitrogen dioxide (NO2),16940,"Cheyenne, WY",56,Wyoming,21,Laramie,41.18222711,-104.7783342
9/17/2020,AQS,560210100,2,10.9,ppb,9,Cheyenne NCore,23,96,42602,Nitrogen dioxide (NO2),16940,"Cheyenne, WY",56,Wyoming,21,Laramie,41.18222711,-104.7783342
9/18/2020,AQS,560210100,2,17.4,ppb,16,Cheyenne NCore,24,100,42602,Nitrogen dioxide (NO2),16940,"Cheyenne, WY",56,Wyoming,21,Laramie,41.18222711,-104.7783342
9/19/2020,AQS,560210100,2,13.1,ppb,12,Cheyenne NCore,24,100,42602,Nitrogen dioxide (NO2),16940,"Cheyenne, WY",56,Wyoming,21,Laramie,41.18222711,-104.7783342
9/20/2020,AQS,560210100,2,4.8,ppb,4,Cheyenne NCore,23,96,42602,Nitrogen dioxide (NO2),16940,"Cheyenne, WY",56,Wyoming,21,Laramie,41.18222711,-104.7783342
9/21/2020,AQS,560210100,2,11.4,ppb,10,Cheyenne NCore,24,100,42602,Nitrogen dioxide (NO2),16940,"Cheyenne, WY",56,Wyoming,21,Laramie,41.18222711,-104.7783342
9/22/2020,AQS,560210100,2,6,ppb,6,Cheyenne NCore,24,100,42602,Nitrogen dioxide (NO2),16940,"Cheyenne, WY",56,Wyoming,21,Laramie,41.18222711,-104.7783342
9/23/2020,AQS,560210100,2,3,ppb,3,Cheyenne NCore,23,96,42602,Nitrogen dioxide (NO2),16940,"Cheyenne, WY",56,Wyoming,21,Laramie,41.18222711,-104.7783342
9/24/2020,AQS,560210100,2,21.1,ppb,20,Cheyenne NCore,24,100,42602,Nitrogen dioxide (NO2),16940,"Cheyenne, WY",56,Wyoming,21,Laramie,41.18222711,-104.7783342
9/25/2020,AQS,560210100,2,15.7,ppb,14,Cheyenne NCore,24,100,42602,Nitrogen dioxide (NO2),16940,"Cheyenne, WY",56,Wyoming,21,Laramie,41.18222711,-104.7783342
9/26/2020,AQS,560210100,2,8,ppb,8,Cheyenne NCore,23,96,42602,Nitrogen dioxide (NO2),16940,"Cheyenne, WY",56,Wyoming,21,Laramie,41.18222711,-104.7783342
9/27/2020,AQS,560210100,2,3.8,ppb,3,Cheyenne NCore,24,100,42602,Nitrogen dioxide (NO2),16940,"Cheyenne, WY",56,Wyoming,21,Laramie,41.18222711,-104.7783342
9/28/2020,AQS,560210100,2,4.3,ppb,4,Cheyenne NCore,21,88,42602,Nitrogen dioxide (NO2),16940,"Cheyenne, WY",56,Wyoming,21,Laramie,41.18222711,-104.7783342
9/29/2020,AQS,560210100,2,2.3,ppb,2,Cheyenne NCore,22,92,42602,Nitrogen dioxide (NO2),16940,"Cheyenne, WY",56,Wyoming,21,Laramie,41.18222711,-104.7783342
9/30/2020,AQS,560210100,2,1.7,ppb,1,Cheyenne NCore,24,100,42602,Nitrogen dioxide (NO2),16940,"Cheyenne, WY",56,Wyoming,21,Laramie,41.18222711,-104.7783342
10/1/2020,AQS,560210100,2,15.8,ppb,14,Cheyenne NCore,24,100,42602,Nitrogen dioxide (NO2),16940,"Cheyenne, WY",56,Wyoming,21,Laramie,41.18222711,-104.7783342
10/2/2020,AQS,560210100,2,11.1,ppb,10,Cheyenne NCore,23,96,42602,Nitrogen dioxide (NO2),16940,"Cheyenne, WY",56,Wyoming,21,Laramie,41.18222711,-104.7783342
10/3/2020,AQS,560210100,2,10.2,ppb,9,Cheyenne NCore,24,100,42602,Nitrogen dioxide (NO2),16940,"Cheyenne, WY",56,Wyoming,21,Laramie,41.18222711,-104.7783342
10/4/2020,AQS,560210100,2,12.7,ppb,11,Cheyenne NCore,24,100,42602,Nitrogen dioxide (NO2),16940,"Cheyenne, WY",56,Wyoming,21,Laramie,41.18222711,-104.7783342
10/5/2020,AQS,560210100,2,12.7,ppb,11,Cheyenne NCore,23,96,42602,Nitrogen dioxide (NO2),16940,"Cheyenne, WY",56,Wyoming,21,Laramie,41.18222711,-104.7783342
10/6/2020,AQS,560210100,2,20.2,ppb,19,Cheyenne NCore,24,100,42602,Nitrogen dioxide (NO2),16940,"Cheyenne, WY",56,Wyoming,21,Laramie,41.18222711,-104.7783342
10/7/2020,AQS,560210100,2,6.4,ppb,6,Cheyenne NCore,24,100,42602,Nitrogen dioxide (NO2),16940,"Cheyenne, WY",56,Wyoming,21,Laramie,41.18222711,-104.7783342
10/8/2020,AQS,560210100,2,9.8,ppb,8,Cheyenne NCore,23,96,42602,Nitrogen dioxide (NO2),16940,"Cheyenne, WY",56,Wyoming,21,Laramie,41.18222711,-104.7783342
10/9/2020,AQS,560210100,2,11.2,ppb,10,Cheyenne NCore,24,100,42602,Nitrogen dioxide (NO2),16940,"Cheyenne, WY",56,Wyoming,21,Laramie,41.18222711,-104.7783342
10/10/2020,AQS,560210100,2,14.7,ppb,13,Cheyenne NCore,24,100,42602,Nitrogen dioxide (NO2),16940,"Cheyenne, WY",56,Wyoming,21,Laramie,41.18222711,-104.7783342
10/11/2020,AQS,560210100,2,7.1,ppb,7,Cheyenne NCore,23,96,42602,Nitrogen dioxide (NO2),16940,"Cheyenne, WY",56,Wyoming,21,Laramie,41.18222711,-104.7783342
10/12/2020,AQS,560210100,2,1.5,ppb,1,Cheyenne NCore,24,100,42602,Nitrogen dioxide (NO2),16940,"Cheyenne, WY",56,Wyoming,21,Laramie,41.18222711,-104.7783342
10/13/2020,AQS,560210100,2,11.6,ppb,10,Cheyenne NCore,24,100,42602,Nitrogen dioxide (NO2),16940,"Cheyenne, WY",56,Wyoming,21,Laramie,41.18222711,-104.7783342
10/14/2020,AQS,560210100,2,3.2,ppb,3,Cheyenne NCore,23,96,42602,Nitrogen dioxide (NO2),16940,"Cheyenne, WY",56,Wyoming,21,Laramie,41.18222711,-104.7783342
10/15/2020,AQS,560210100,2,9.4,ppb,8,Cheyenne NCore,24,100,42602,Nitrogen dioxide (NO2),16940,"Cheyenne, WY",56,Wyoming,21,Laramie,41.18222711,-104.7783342
10/16/2020,AQS,560210100,2,13.7,ppb,12,Cheyenne NCore,24,100,42602,Nitrogen dioxide (NO2),16940,"Cheyenne, WY",56,Wyoming,21,Laramie,41.18222711,-104.7783342
10/17/2020,AQS,560210100,2,1.1,ppb,1,Cheyenne NCore,23,96,42602,Nitrogen dioxide (NO2),16940,"Cheyenne, WY",56,Wyoming,21,Laramie,41.18222711,-104.7783342
10/18/2020,AQS,560210100,2,12.2,ppb,11,Cheyenne NCore,24,100,42602,Nitrogen dioxide (NO2),16940,"Cheyenne, WY",56,Wyoming,21,Laramie,41.18222711,-104.7783342
10/19/2020,AQS,560210100,2,17.8,ppb,16,Cheyenne NCore,24,100,42602,Nitrogen dioxide (NO2),16940,"Cheyenne, WY",56,Wyoming,21,Laramie,41.18222711,-104.7783342
10/20/2020,AQS,560210100,2,9.5,ppb,8,Cheyenne NCore,23,96,42602,Nitrogen dioxide (NO2),16940,"Cheyenne, WY",56,Wyoming,21,Laramie,41.18222711,-104.7783342
10/21/2020,AQS,560210100,2,24.9,ppb,23,Cheyenne NCore,24,100,42602,Nitrogen dioxide (NO2),16940,"Cheyenne, WY",56,Wyoming,21,Laramie,41.18222711,-104.7783342
10/22/2020,AQS,560210100,2,2.7,ppb,2,Cheyenne NCore,24,100,42602,Nitrogen dioxide (NO2),16940,"Cheyenne, WY",56,Wyoming,21,Laramie,41.18222711,-104.7783342
10/23/2020,AQS,560210100,2,8.1,ppb,8,Cheyenne NCore,23,96,42602,Nitrogen dioxide (NO2),16940,"Cheyenne, WY",56,Wyoming,21,Laramie,41.18222711,-104.7783342
10/24/2020,AQS,560210100,2,10.9,ppb,9,Cheyenne NCore,24,100,42602,Nitrogen dioxide (NO2),16940,"Cheyenne, WY",56,Wyoming,21,Laramie,41.18222711,-104.7783342
10/25/2020,AQS,560210100,2,1.5,ppb,1,Cheyenne NCore,24,100,42602,Nitrogen dioxide (NO2),16940,"Cheyenne, WY",56,Wyoming,21,Laramie,41.18222711,-104.7783342
10/26/2020,AQS,560210100,2,28.9,ppb,26,Cheyenne NCore,22,92,42602,Nitrogen dioxide (NO2),16940,"Cheyenne, WY",56,Wyoming,21,Laramie,41.18222711,-104.7783342
10/27/2020,AQS,560210100,2,8.9,ppb,8,Cheyenne NCore,24,100,42602,Nitrogen dioxide (NO2),16940,"Cheyenne, WY",56,Wyoming,21,Laramie,41.18222711,-104.7783342
10/28/2020,AQS,560210100,2,3.8,ppb,3,Cheyenne NCore,24,100,42602,Nitrogen dioxide (NO2),16940,"Cheyenne, WY",56,Wyoming,21,Laramie,41.18222711,-104.7783342
10/29/2020,AQS,560210100,2,15.9,ppb,14,Cheyenne NCore,23,96,42602,Nitrogen dioxide (NO2),16940,"Cheyenne, WY",56,Wyoming,21,Laramie,41.18222711,-104.7783342
10/30/2020,AQS,560210100,2,23.9,ppb,22,Cheyenne NCore,24,100,42602,Nitrogen dioxide (NO2),16940,"Cheyenne, WY",56,Wyoming,21,Laramie,41.18222711,-104.7783342
10/31/2020,AQS,560210100,2,18.6,ppb,17,Cheyenne NCore,24,100,42602,Nitrogen dioxide (NO2),16940,"Cheyenne, WY",56,Wyoming,21,Laramie,41.18222711,-104.7783342
11/1/2020,AQS,560210100,2,11.4,ppb,10,Cheyenne NCore,23,96,42602,Nitrogen dioxide (NO2),16940,"Cheyenne, WY",56,Wyoming,21,Laramie,41.18222711,-104.7783342
11/2/2020,AQS,560210100,2,19.8,ppb,18,Cheyenne NCore,24,100,42602,Nitrogen dioxide (NO2),16940,"Cheyenne, WY",56,Wyoming,21,Laramie,41.18222711,-104.7783342
11/3/2020,AQS,560210100,2,9.5,ppb,8,Cheyenne NCore,24,100,42602,Nitrogen dioxide (NO2),16940,"Cheyenne, WY",56,Wyoming,21,Laramie,41.18222711,-104.7783342
11/4/2020,AQS,560210100,2,5.1,ppb,5,Cheyenne NCore,23,96,42602,Nitrogen dioxide (NO2),16940,"Cheyenne, WY",56,Wyoming,21,Laramie,41.18222711,-104.7783342
11/5/2020,AQS,560210100,2,13.7,ppb,12,Cheyenne NCore,20,83,42602,Nitrogen dioxide (NO2),16940,"Cheyenne, WY",56,Wyoming,21,Laramie,41.18222711,-104.7783342
11/6/2020,AQS,560210100,2,28.5,ppb,26,Cheyenne NCore,24,100,42602,Nitrogen dioxide (NO2),16940,"Cheyenne, WY",56,Wyoming,21,Laramie,41.18222711,-104.7783342
11/7/2020,AQS,560210100,2,17.3,ppb,16,Cheyenne NCore,23,96,42602,Nitrogen dioxide (NO2),16940,"Cheyenne, WY",56,Wyoming,21,Laramie,41.18222711,-104.7783342
11/8/2020,AQS,560210100,2,6.8,ppb,6,Cheyenne NCore,24,100,42602,Nitrogen dioxide (NO2),16940,"Cheyenne, WY",56,Wyoming,21,Laramie,41.18222711,-104.7783342
11/9/2020,AQS,560210100,2,19.8,ppb,18,Cheyenne NCore,24,100,42602,Nitrogen dioxide (NO2),16940,"Cheyenne, WY",56,Wyoming,21,Laramie,41.18222711,-104.7783342
11/10/2020,AQS,560210100,2,4.1,ppb,4,Cheyenne NCore,23,96,42602,Nitrogen dioxide (NO2),16940,"Cheyenne, WY",56,Wyoming,21,Laramie,41.18222711,-104.7783342
11/11/2020,AQS,560210100,2,4.1,ppb,4,Cheyenne NCore,24,100,42602,Nitrogen dioxide (NO2),16940,"Cheyenne, WY",56,Wyoming,21,Laramie,41.18222711,-104.7783342
11/12/2020,AQS,560210100,2,15.9,ppb,14,Cheyenne NCore,24,100,42602,Nitrogen dioxide (NO2),16940,"Cheyenne, WY",56,Wyoming,21,Laramie,41.18222711,-104.7783342
11/13/2020,AQS,560210100,2,21.3,ppb,20,Cheyenne NCore,23,96,42602,Nitrogen dioxide (NO2),16940,"Cheyenne, WY",56,Wyoming,21,Laramie,41.18222711,-104.7783342
11/14/2020,AQS,560210100,2,1.1,ppb,1,Cheyenne NCore,24,100,42602,Nitrogen dioxide (NO2),16940,"Cheyenne, WY",56,Wyoming,21,Laramie,41.18222711,-104.7783342
11/15/2020,AQS,560210100,2,2.4,ppb,2,Cheyenne NCore,24,100,42602,Nitrogen dioxide (NO2),16940,"Cheyenne, WY",56,Wyoming,21,Laramie,41.18222711,-104.7783342
11/16/2020,AQS,560210100,2,17.9,ppb,16,Cheyenne NCore,21,88,42602,Nitrogen dioxide (NO2),16940,"Cheyenne, WY",56,Wyoming,21,Laramie,41.18222711,-104.7783342
11/17/2020,AQS,560210100,2,34.4,ppb,32,Cheyenne NCore,24,100,42602,Nitrogen dioxide (NO2),16940,"Cheyenne, WY",56,Wyoming,21,Laramie,41.18222711,-104.7783342
11/18/2020,AQS,560210100,2,18,ppb,17,Cheyenne NCore,21,88,42602,Nitrogen dioxide (NO2),16940,"Cheyenne, WY",56,Wyoming,21,Laramie,41.18222711,-104.7783342
11/19/2020,AQS,560210100,2,3.1,ppb,3,Cheyenne NCore,23,96,42602,Nitrogen dioxide (NO2),16940,"Cheyenne, WY",56,Wyoming,21,Laramie,41.18222711,-104.7783342
11/20/2020,AQS,560210100,2,9.8,ppb,8,Cheyenne NCore,24,100,42602,Nitrogen dioxide (NO2),16940,"Cheyenne, WY",56,Wyoming,21,Laramie,41.18222711,-104.7783342
11/21/2020,AQS,560210100,2,13.9,ppb,12,Cheyenne NCore,24,100,42602,Nitrogen dioxide (NO2),16940,"Cheyenne, WY",56,Wyoming,21,Laramie,41.18222711,-104.7783342
11/22/2020,AQS,560210100,2,22.7,ppb,21,Cheyenne NCore,23,96,42602,Nitrogen dioxide (NO2),16940,"Cheyenne, WY",56,Wyoming,21,Laramie,41.18222711,-104.7783342
11/23/2020,AQS,560210100,2,19.5,ppb,18,Cheyenne NCore,24,100,42602,Nitrogen dioxide (NO2),16940,"Cheyenne, WY",56,Wyoming,21,Laramie,41.18222711,-104.7783342
11/24/2020,AQS,560210100,2,8.3,ppb,8,Cheyenne NCore,20,83,42602,Nitrogen dioxide (NO2),16940,"Cheyenne, WY",56,Wyoming,21,Laramie,41.18222711,-104.7783342
11/25/2020,AQS,560210100,2,21.7,ppb,20,Cheyenne NCore,23,96,42602,Nitrogen dioxide (NO2),16940,"Cheyenne, WY",56,Wyoming,21,Laramie,41.18222711,-104.7783342
11/26/2020,AQS,560210100,2,10.7,ppb,9,Cheyenne NCore,24,100,42602,Nitrogen dioxide (NO2),16940,"Cheyenne, WY",56,Wyoming,21,Laramie,41.18222711,-104.7783342
11/27/2020,AQS,560210100,2,20.8,ppb,19,Cheyenne NCore,24,100,42602,Nitrogen dioxide (NO2),16940,"Cheyenne, WY",56,Wyoming,21,Laramie,41.18222711,-104.7783342
11/28/2020,AQS,560210100,2,3.3,ppb,3,Cheyenne NCore,23,96,42602,Nitrogen dioxide (NO2),16940,"Cheyenne, WY",56,Wyoming,21,Laramie,41.18222711,-104.7783342
11/29/2020,AQS,560210100,2,20.8,ppb,19,Cheyenne NCore,24,100,42602,Nitrogen dioxide (NO2),16940,"Cheyenne, WY",56,Wyoming,21,Laramie,41.18222711,-104.7783342
11/30/2020,AQS,560210100,2,21.7,ppb,20,Cheyenne NCore,23,96,42602,Nitrogen dioxide (NO2),16940,"Cheyenne, WY",56,Wyoming,21,Laramie,41.18222711,-104.7783342
12/1/2020,AQS,560210100,2,1.2,ppb,1,Cheyenne NCore,23,96,42602,Nitrogen dioxide (NO2),16940,"Cheyenne, WY",56,Wyoming,21,Laramie,41.18222711,-104.7783342
12/2/2020,AQS,560210100,2,1.3,ppb,1,Cheyenne NCore,21,88,42602,Nitrogen dioxide (NO2),16940,"Cheyenne, WY",56,Wyoming,21,Laramie,41.18222711,-104.7783342
12/3/2020,AQS,560210100,2,1.3,ppb,1,Cheyenne NCore,24,100,42602,Nitrogen dioxide (NO2),16940,"Cheyenne, WY",56,Wyoming,21,Laramie,41.18222711,-104.7783342
12/4/2020,AQS,560210100,2,1.6,ppb,1,Cheyenne NCore,23,96,42602,Nitrogen dioxide (NO2),16940,"Cheyenne, WY",56,Wyoming,21,Laramie,41.18222711,-104.7783342
12/5/2020,AQS,560210100,2,3,ppb,3,Cheyenne NCore,24,100,42602,Nitrogen dioxide (NO2),16940,"Cheyenne, WY",56,Wyoming,21,Laramie,41.18222711,-104.7783342
12/6/2020,AQS,560210100,2,5.6,ppb,5,Cheyenne NCore,24,100,42602,Nitrogen dioxide (NO2),16940,"Cheyenne, WY",56,Wyoming,21,Laramie,41.18222711,-104.7783342
12/7/2020,AQS,560210100,2,3.5,ppb,3,Cheyenne NCore,22,92,42602,Nitrogen dioxide (NO2),16940,"Cheyenne, WY",56,Wyoming,21,Laramie,41.18222711,-104.7783342
12/8/2020,AQS,560210100,2,10.9,ppb,9,Cheyenne NCore,24,100,42602,Nitrogen dioxide (NO2),16940,"Cheyenne, WY",56,Wyoming,21,Laramie,41.18222711,-104.7783342
12/9/2020,AQS,560210100,2,23,ppb,22,Cheyenne NCore,24,100,42602,Nitrogen dioxide (NO2),16940,"Cheyenne, WY",56,Wyoming,21,Laramie,41.18222711,-104.7783342
12/10/2020,AQS,560210100,2,2,ppb,2,Cheyenne NCore,23,96,42602,Nitrogen dioxide (NO2),16940,"Cheyenne, WY",56,Wyoming,21,Laramie,41.18222711,-104.7783342
12/11/2020,AQS,560210100,2,28,ppb,26,Cheyenne NCore,24,100,42602,Nitrogen dioxide (NO2),16940,"Cheyenne, WY",56,Wyoming,21,Laramie,41.18222711,-104.7783342
12/12/2020,AQS,560210100,2,21.1,ppb,20,Cheyenne NCore,24,100,42602,Nitrogen dioxide (NO2),16940,"Cheyenne, WY",56,Wyoming,21,Laramie,41.18222711,-104.7783342
12/13/2020,AQS,560210100,2,34.9,ppb,32,Cheyenne NCore,23,96,42602,Nitrogen dioxide (NO2),16940,"Cheyenne, WY",56,Wyoming,21,Laramie,41.18222711,-104.7783342
12/14/2020,AQS,560210100,2,25.7,ppb,24,Cheyenne NCore,23,96,42602,Nitrogen dioxide (NO2),16940,"Cheyenne, WY",56,Wyoming,21,Laramie,41.18222711,-104.7783342
12/15/2020,AQS,560210100,2,8.4,ppb,8,Cheyenne NCore,21,88,42602,Nitrogen dioxide (NO2),16940,"Cheyenne, WY",56,Wyoming,21,Laramie,41.18222711,-104.7783342
12/16/2020,AQS,560210100,2,7.9,ppb,7,Cheyenne NCore,23,96,42602,Nitrogen dioxide (NO2),16940,"Cheyenne, WY",56,Wyoming,21,Laramie,41.18222711,-104.7783342
12/17/2020,AQS,560210100,2,42.6,ppb,40,Cheyenne NCore,24,100,42602,Nitrogen dioxide (NO2),16940,"Cheyenne, WY",56,Wyoming,21,Laramie,41.18222711,-104.7783342
12/18/2020,AQS,560210100,2,10.7,ppb,9,Cheyenne NCore,24,100,42602,Nitrogen dioxide (NO2),16940,"Cheyenne, WY",56,Wyoming,21,Laramie,41.18222711,-104.7783342
12/19/2020,AQS,560210100,2,6.3,ppb,6,Cheyenne NCore,23,96,42602,Nitrogen dioxide (NO2),16940,"Cheyenne, WY",56,Wyoming,21,Laramie,41.18222711,-104.7783342
12/20/2020,AQS,560210100,2,6,ppb,6,Cheyenne NCore,24,100,42602,Nitrogen dioxide (NO2),16940,"Cheyenne, WY",56,Wyoming,21,Laramie,41.18222711,-104.7783342
12/21/2020,AQS,560210100,2,23.3,ppb,22,Cheyenne NCore,23,96,42602,Nitrogen dioxide (NO2),16940,"Cheyenne, WY",56,Wyoming,21,Laramie,41.18222711,-104.7783342
12/22/2020,AQS,560210100,2,15.4,ppb,14,Cheyenne NCore,23,96,42602,Nitrogen dioxide (NO2),16940,"Cheyenne, WY",56,Wyoming,21,Laramie,41.18222711,-104.7783342
12/23/2020,AQS,560210100,2,1.5,ppb,1,Cheyenne NCore,24,100,42602,Nitrogen dioxide (NO2),16940,"Cheyenne, WY",56,Wyoming,21,Laramie,41.18222711,-104.7783342
12/24/2020,AQS,560210100,2,2.2,ppb,2,Cheyenne NCore,24,100,42602,Nitrogen dioxide (NO2),16940,"Cheyenne, WY",56,Wyoming,21,Laramie,41.18222711,-104.7783342
12/25/2020,AQS,560210100,2,11.9,ppb,10,Cheyenne NCore,23,96,42602,Nitrogen dioxide (NO2),16940,"Cheyenne, WY",56,Wyoming,21,Laramie,41.18222711,-104.7783342
12/26/2020,AQS,560210100,2,4.2,ppb,4,Cheyenne NCore,24,100,42602,Nitrogen dioxide (NO2),16940,"Cheyenne, WY",56,Wyoming,21,Laramie,41.18222711,-104.7783342
12/27/2020,AQS,560210100,2,2.3,ppb,2,Cheyenne NCore,24,100,42602,Nitrogen dioxide (NO2),16940,"Cheyenne, WY",56,Wyoming,21,Laramie,41.18222711,-104.7783342
12/28/2020,AQS,560210100,2,10.3,ppb,9,Cheyenne NCore,22,92,42602,Nitrogen dioxide (NO2),16940,"Cheyenne, WY",56,Wyoming,21,Laramie,41.18222711,-104.7783342
12/29/2020,AQS,560210100,2,6.4,ppb,6,Cheyenne NCore,24,100,42602,Nitrogen dioxide (NO2),16940,"Cheyenne, WY",56,Wyoming,21,Laramie,41.18222711,-104.7783342
12/30/2020,AQS,560210100,2,15.1,ppb,14,Cheyenne NCore,24,100,42602,Nitrogen dioxide (NO2),16940,"Cheyenne, WY",56,Wyoming,21,Laramie,41.18222711,-104.7783342
