Date,Source,Site ID,POC,Daily Max 8-hour CO Concentration,UNITS,DAILY_AQI_VALUE,Site Name,DAILY_OBS_COUNT,PERCENT_COMPLETE,AQS_PARAMETER_CODE,AQS_PARAMETER_DESC,CBSA_CODE,CBSA_NAME,STATE_CODE,STATE,COUNTY_CODE,COUNTY,SITE_LATITUDE,SITE_LONGITUDE
1/1/2020,AQS,484531068,1,0.4,ppm,5,Austin North Interstate 35,19,79,42101,Carbon monoxide,12420,"Austin-Round Rock, TX",48,Texas,453,Travis,30.35386,-97.69166
1/2/2020,AQS,484531068,1,0.6,ppm,7,Austin North Interstate 35,24,100,42101,Carbon monoxide,12420,"Austin-Round Rock, TX",48,Texas,453,Travis,30.35386,-97.69166
1/3/2020,AQS,484531068,1,0.6,ppm,7,Austin North Interstate 35,24,100,42101,Carbon monoxide,12420,"Austin-Round Rock, TX",48,Texas,453,Travis,30.35386,-97.69166
1/4/2020,AQS,484531068,1,0.6,ppm,7,Austin North Interstate 35,24,100,42101,Carbon monoxide,12420,"Austin-Round Rock, TX",48,Texas,453,Travis,30.35386,-97.69166
1/5/2020,AQS,484531068,1,0.7,ppm,8,Austin North Interstate 35,24,100,42101,Carbon monoxide,12420,"Austin-Round Rock, TX",48,Texas,453,Travis,30.35386,-97.69166
1/6/2020,AQS,484531068,1,0.7,ppm,8,Austin North Interstate 35,24,100,42101,Carbon monoxide,12420,"Austin-Round Rock, TX",48,Texas,453,Travis,30.35386,-97.69166
1/7/2020,AQS,484531068,1,1.1,ppm,13,Austin North Interstate 35,24,100,42101,Carbon monoxide,12420,"Austin-Round Rock, TX",48,Texas,453,Travis,30.35386,-97.69166
1/8/2020,AQS,484531068,1,1.4,ppm,16,Austin North Interstate 35,24,100,42101,Carbon monoxide,12420,"Austin-Round Rock, TX",48,Texas,453,Travis,30.35386,-97.69166
1/9/2020,AQS,484531068,1,0.3,ppm,3,Austin North Interstate 35,24,100,42101,Carbon monoxide,12420,"Austin-Round Rock, TX",48,Texas,453,Travis,30.35386,-97.69166
1/10/2020,AQS,484531068,1,0.3,ppm,3,Austin North Interstate 35,24,100,42101,Carbon monoxide,12420,"Austin-Round Rock, TX",48,Texas,453,Travis,30.35386,-97.69166
1/11/2020,AQS,484531068,1,0.4,ppm,5,Austin North Interstate 35,24,100,42101,Carbon monoxide,12420,"Austin-Round Rock, TX",48,Texas,453,Travis,30.35386,-97.69166
1/12/2020,AQS,484531068,1,0.6,ppm,7,Austin North Interstate 35,24,100,42101,Carbon monoxide,12420,"Austin-Round Rock, TX",48,Texas,453,Travis,30.35386,-97.69166
1/13/2020,AQS,484531068,1,0.6,ppm,7,Austin North Interstate 35,24,100,42101,Carbon monoxide,12420,"Austin-Round Rock, TX",48,Texas,453,Travis,30.35386,-97.69166
1/14/2020,AQS,484531068,1,0.7,ppm,8,Austin North Interstate 35,24,100,42101,Carbon monoxide,12420,"Austin-Round Rock, TX",48,Texas,453,Travis,30.35386,-97.69166
1/15/2020,AQS,484531068,1,0.6,ppm,7,Austin North Interstate 35,14,58,42101,Carbon monoxide,12420,"Austin-Round Rock, TX",48,Texas,453,Travis,30.35386,-97.69166
1/16/2020,AQS,484531068,1,0.5,ppm,6,Austin North Interstate 35,24,100,42101,Carbon monoxide,12420,"Austin-Round Rock, TX",48,Texas,453,Travis,30.35386,-97.69166
1/17/2020,AQS,484531068,1,0.4,ppm,5,Austin North Interstate 35,24,100,42101,Carbon monoxide,12420,"Austin-Round Rock, TX",48,Texas,453,Travis,30.35386,-97.69166
1/18/2020,AQS,484531068,1,0.4,ppm,5,Austin North Interstate 35,11,46,42101,Carbon monoxide,12420,"Austin-Round Rock, TX",48,Texas,453,Travis,30.35386,-97.69166
1/20/2020,AQS,484531068,1,0.2,ppm,2,Austin North Interstate 35,1,4,42101,Carbon monoxide,12420,"Austin-Round Rock, TX",48,Texas,453,Travis,30.35386,-97.69166
1/21/2020,AQS,484531068,1,0.2,ppm,2,Austin North Interstate 35,11,46,42101,Carbon monoxide,12420,"Austin-Round Rock, TX",48,Texas,453,Travis,30.35386,-97.69166
1/22/2020,AQS,484531068,1,0.2,ppm,2,Austin North Interstate 35,7,29,42101,Carbon monoxide,12420,"Austin-Round Rock, TX",48,Texas,453,Travis,30.35386,-97.69166
1/23/2020,AQS,484531068,1,0.3,ppm,3,Austin North Interstate 35,3,13,42101,Carbon monoxide,12420,"Austin-Round Rock, TX",48,Texas,453,Travis,30.35386,-97.69166
1/24/2020,AQS,484531068,1,0.3,ppm,3,Austin North Interstate 35,9,38,42101,Carbon monoxide,12420,"Austin-Round Rock, TX",48,Texas,453,Travis,30.35386,-97.69166
1/25/2020,AQS,484531068,1,0.2,ppm,2,Austin North Interstate 35,24,100,42101,Carbon monoxide,12420,"Austin-Round Rock, TX",48,Texas,453,Travis,30.35386,-97.69166
1/26/2020,AQS,484531068,1,0.1,ppm,1,Austin North Interstate 35,2,8,42101,Carbon monoxide,12420,"Austin-Round Rock, TX",48,Texas,453,Travis,30.35386,-97.69166
1/27/2020,AQS,484531068,1,0.5,ppm,6,Austin North Interstate 35,16,67,42101,Carbon monoxide,12420,"Austin-Round Rock, TX",48,Texas,453,Travis,30.35386,-97.69166
1/28/2020,AQS,484531068,1,0.4,ppm,5,Austin North Interstate 35,24,100,42101,Carbon monoxide,12420,"Austin-Round Rock, TX",48,Texas,453,Travis,30.35386,-97.69166
1/29/2020,AQS,484531068,1,0.4,ppm,5,Austin North Interstate 35,24,100,42101,Carbon monoxide,12420,"Austin-Round Rock, TX",48,Texas,453,Travis,30.35386,-97.69166
1/30/2020,AQS,484531068,1,0.3,ppm,3,Austin North Interstate 35,24,100,42101,Carbon monoxide,12420,"Austin-Round Rock, TX",48,Texas,453,Travis,30.35386,-97.69166
1/31/2020,AQS,484531068,1,0.4,ppm,5,Austin North Interstate 35,24,100,42101,Carbon monoxide,12420,"Austin-Round Rock, TX",48,Texas,453,Travis,30.35386,-97.69166
2/1/2020,AQS,484531068,1,1.1,ppm,13,Austin North Interstate 35,24,100,42101,Carbon monoxide,12420,"Austin-Round Rock, TX",48,Texas,453,Travis,30.35386,-97.69166
2/2/2020,AQS,484531068,1,1.7,ppm,19,Austin North Interstate 35,24,100,42101,Carbon monoxide,12420,"Austin-Round Rock, TX",48,Texas,453,Travis,30.35386,-97.69166
2/3/2020,AQS,484531068,1,0.4,ppm,5,Austin North Interstate 35,24,100,42101,Carbon monoxide,12420,"Austin-Round Rock, TX",48,Texas,453,Travis,30.35386,-97.69166
2/4/2020,AQS,484531068,1,0.5,ppm,6,Austin North Interstate 35,24,100,42101,Carbon monoxide,12420,"Austin-Round Rock, TX",48,Texas,453,Travis,30.35386,-97.69166
2/5/2020,AQS,484531068,1,0.2,ppm,2,Austin North Interstate 35,24,100,42101,Carbon monoxide,12420,"Austin-Round Rock, TX",48,Texas,453,Travis,30.35386,-97.69166
2/6/2020,AQS,484531068,1,0.7,ppm,8,Austin North Interstate 35,24,100,42101,Carbon monoxide,12420,"Austin-Round Rock, TX",48,Texas,453,Travis,30.35386,-97.69166
2/7/2020,AQS,484531068,1,0.8,ppm,9,Austin North Interstate 35,24,100,42101,Carbon monoxide,12420,"Austin-Round Rock, TX",48,Texas,453,Travis,30.35386,-97.69166
2/8/2020,AQS,484531068,1,0.5,ppm,6,Austin North Interstate 35,24,100,42101,Carbon monoxide,12420,"Austin-Round Rock, TX",48,Texas,453,Travis,30.35386,-97.69166
2/9/2020,AQS,484531068,1,0.5,ppm,6,Austin North Interstate 35,24,100,42101,Carbon monoxide,12420,"Austin-Round Rock, TX",48,Texas,453,Travis,30.35386,-97.69166
2/10/2020,AQS,484531068,1,0.5,ppm,6,Austin North Interstate 35,24,100,42101,Carbon monoxide,12420,"Austin-Round Rock, TX",48,Texas,453,Travis,30.35386,-97.69166
2/11/2020,AQS,484531068,1,0.3,ppm,3,Austin North Interstate 35,24,100,42101,Carbon monoxide,12420,"Austin-Round Rock, TX",48,Texas,453,Travis,30.35386,-97.69166
2/12/2020,AQS,484531068,1,0.8,ppm,9,Austin North Interstate 35,24,100,42101,Carbon monoxide,12420,"Austin-Round Rock, TX",48,Texas,453,Travis,30.35386,-97.69166
2/13/2020,AQS,484531068,1,0.9,ppm,10,Austin North Interstate 35,24,100,42101,Carbon monoxide,12420,"Austin-Round Rock, TX",48,Texas,453,Travis,30.35386,-97.69166
2/14/2020,AQS,484531068,1,0.5,ppm,6,Austin North Interstate 35,24,100,42101,Carbon monoxide,12420,"Austin-Round Rock, TX",48,Texas,453,Travis,30.35386,-97.69166
2/15/2020,AQS,484531068,1,0.7,ppm,8,Austin North Interstate 35,24,100,42101,Carbon monoxide,12420,"Austin-Round Rock, TX",48,Texas,453,Travis,30.35386,-97.69166
2/16/2020,AQS,484531068,1,0.8,ppm,9,Austin North Interstate 35,24,100,42101,Carbon monoxide,12420,"Austin-Round Rock, TX",48,Texas,453,Travis,30.35386,-97.69166
2/17/2020,AQS,484531068,1,0.6,ppm,7,Austin North Interstate 35,24,100,42101,Carbon monoxide,12420,"Austin-Round Rock, TX",48,Texas,453,Travis,30.35386,-97.69166
2/18/2020,AQS,484531068,1,0.6,ppm,7,Austin North Interstate 35,24,100,42101,Carbon monoxide,12420,"Austin-Round Rock, TX",48,Texas,453,Travis,30.35386,-97.69166
2/19/2020,AQS,484531068,1,0.3,ppm,3,Austin North Interstate 35,24,100,42101,Carbon monoxide,12420,"Austin-Round Rock, TX",48,Texas,453,Travis,30.35386,-97.69166
2/20/2020,AQS,484531068,1,0.3,ppm,3,Austin North Interstate 35,24,100,42101,Carbon monoxide,12420,"Austin-Round Rock, TX",48,Texas,453,Travis,30.35386,-97.69166
2/21/2020,AQS,484531068,1,0.5,ppm,6,Austin North Interstate 35,24,100,42101,Carbon monoxide,12420,"Austin-Round Rock, TX",48,Texas,453,Travis,30.35386,-97.69166
2/22/2020,AQS,484531068,1,0.5,ppm,6,Austin North Interstate 35,24,100,42101,Carbon monoxide,12420,"Austin-Round Rock, TX",48,Texas,453,Travis,30.35386,-97.69166
2/23/2020,AQS,484531068,1,0.5,ppm,6,Austin North Interstate 35,24,100,42101,Carbon monoxide,12420,"Austin-Round Rock, TX",48,Texas,453,Travis,30.35386,-97.69166
2/24/2020,AQS,484531068,1,0.6,ppm,7,Austin North Interstate 35,24,100,42101,Carbon monoxide,12420,"Austin-Round Rock, TX",48,Texas,453,Travis,30.35386,-97.69166
2/25/2020,AQS,484531068,1,0.9,ppm,10,Austin North Interstate 35,24,100,42101,Carbon monoxide,12420,"Austin-Round Rock, TX",48,Texas,453,Travis,30.35386,-97.69166
2/26/2020,AQS,484531068,1,0.2,ppm,2,Austin North Interstate 35,24,100,42101,Carbon monoxide,12420,"Austin-Round Rock, TX",48,Texas,453,Travis,30.35386,-97.69166
2/27/2020,AQS,484531068,1,0.5,ppm,6,Austin North Interstate 35,24,100,42101,Carbon monoxide,12420,"Austin-Round Rock, TX",48,Texas,453,Travis,30.35386,-97.69166
2/28/2020,AQS,484531068,1,0.7,ppm,8,Austin North Interstate 35,24,100,42101,Carbon monoxide,12420,"Austin-Round Rock, TX",48,Texas,453,Travis,30.35386,-97.69166
2/29/2020,AQS,484531068,1,0.9,ppm,10,Austin North Interstate 35,24,100,42101,Carbon monoxide,12420,"Austin-Round Rock, TX",48,Texas,453,Travis,30.35386,-97.69166
3/1/2020,AQS,484531068,1,0.5,ppm,6,Austin North Interstate 35,24,100,42101,Carbon monoxide,12420,"Austin-Round Rock, TX",48,Texas,453,Travis,30.35386,-97.69166
3/2/2020,AQS,484531068,1,0.6,ppm,7,Austin North Interstate 35,24,100,42101,Carbon monoxide,12420,"Austin-Round Rock, TX",48,Texas,453,Travis,30.35386,-97.69166
3/3/2020,AQS,484531068,1,0.6,ppm,7,Austin North Interstate 35,24,100,42101,Carbon monoxide,12420,"Austin-Round Rock, TX",48,Texas,453,Travis,30.35386,-97.69166
3/4/2020,AQS,484531068,1,0.4,ppm,5,Austin North Interstate 35,17,71,42101,Carbon monoxide,12420,"Austin-Round Rock, TX",48,Texas,453,Travis,30.35386,-97.69166
3/5/2020,AQS,484531068,1,0.7,ppm,8,Austin North Interstate 35,24,100,42101,Carbon monoxide,12420,"Austin-Round Rock, TX",48,Texas,453,Travis,30.35386,-97.69166
3/6/2020,AQS,484531068,1,0.8,ppm,9,Austin North Interstate 35,24,100,42101,Carbon monoxide,12420,"Austin-Round Rock, TX",48,Texas,453,Travis,30.35386,-97.69166
3/7/2020,AQS,484531068,1,0.5,ppm,6,Austin North Interstate 35,24,100,42101,Carbon monoxide,12420,"Austin-Round Rock, TX",48,Texas,453,Travis,30.35386,-97.69166
3/8/2020,AQS,484531068,1,0.5,ppm,6,Austin North Interstate 35,24,100,42101,Carbon monoxide,12420,"Austin-Round Rock, TX",48,Texas,453,Travis,30.35386,-97.69166
3/9/2020,AQS,484531068,1,0.6,ppm,7,Austin North Interstate 35,24,100,42101,Carbon monoxide,12420,"Austin-Round Rock, TX",48,Texas,453,Travis,30.35386,-97.69166
3/10/2020,AQS,484531068,1,0.6,ppm,7,Austin North Interstate 35,24,100,42101,Carbon monoxide,12420,"Austin-Round Rock, TX",48,Texas,453,Travis,30.35386,-97.69166
3/11/2020,AQS,484531068,1,0.5,ppm,6,Austin North Interstate 35,24,100,42101,Carbon monoxide,12420,"Austin-Round Rock, TX",48,Texas,453,Travis,30.35386,-97.69166
3/12/2020,AQS,484531068,1,0.4,ppm,5,Austin North Interstate 35,24,100,42101,Carbon monoxide,12420,"Austin-Round Rock, TX",48,Texas,453,Travis,30.35386,-97.69166
3/13/2020,AQS,484531068,1,0.5,ppm,6,Austin North Interstate 35,24,100,42101,Carbon monoxide,12420,"Austin-Round Rock, TX",48,Texas,453,Travis,30.35386,-97.69166
3/14/2020,AQS,484531068,1,0.5,ppm,6,Austin North Interstate 35,24,100,42101,Carbon monoxide,12420,"Austin-Round Rock, TX",48,Texas,453,Travis,30.35386,-97.69166
3/15/2020,AQS,484531068,1,0.4,ppm,5,Austin North Interstate 35,24,100,42101,Carbon monoxide,12420,"Austin-Round Rock, TX",48,Texas,453,Travis,30.35386,-97.69166
3/16/2020,AQS,484531068,1,0.5,ppm,6,Austin North Interstate 35,24,100,42101,Carbon monoxide,12420,"Austin-Round Rock, TX",48,Texas,453,Travis,30.35386,-97.69166
3/17/2020,AQS,484531068,1,0.4,ppm,5,Austin North Interstate 35,24,100,42101,Carbon monoxide,12420,"Austin-Round Rock, TX",48,Texas,453,Travis,30.35386,-97.69166
3/18/2020,AQS,484531068,1,0.4,ppm,5,Austin North Interstate 35,24,100,42101,Carbon monoxide,12420,"Austin-Round Rock, TX",48,Texas,453,Travis,30.35386,-97.69166
3/19/2020,AQS,484531068,1,0.4,ppm,5,Austin North Interstate 35,24,100,42101,Carbon monoxide,12420,"Austin-Round Rock, TX",48,Texas,453,Travis,30.35386,-97.69166
3/20/2020,AQS,484531068,1,0.3,ppm,3,Austin North Interstate 35,24,100,42101,Carbon monoxide,12420,"Austin-Round Rock, TX",48,Texas,453,Travis,30.35386,-97.69166
3/21/2020,AQS,484531068,1,0.3,ppm,3,Austin North Interstate 35,24,100,42101,Carbon monoxide,12420,"Austin-Round Rock, TX",48,Texas,453,Travis,30.35386,-97.69166
3/22/2020,AQS,484531068,1,0.5,ppm,6,Austin North Interstate 35,24,100,42101,Carbon monoxide,12420,"Austin-Round Rock, TX",48,Texas,453,Travis,30.35386,-97.69166
3/23/2020,AQS,484531068,1,0.5,ppm,6,Austin North Interstate 35,24,100,42101,Carbon monoxide,12420,"Austin-Round Rock, TX",48,Texas,453,Travis,30.35386,-97.69166
3/24/2020,AQS,484531068,1,0.4,ppm,5,Austin North Interstate 35,24,100,42101,Carbon monoxide,12420,"Austin-Round Rock, TX",48,Texas,453,Travis,30.35386,-97.69166
3/25/2020,AQS,484531068,1,0.5,ppm,6,Austin North Interstate 35,24,100,42101,Carbon monoxide,12420,"Austin-Round Rock, TX",48,Texas,453,Travis,30.35386,-97.69166
3/26/2020,AQS,484531068,1,0.4,ppm,5,Austin North Interstate 35,18,75,42101,Carbon monoxide,12420,"Austin-Round Rock, TX",48,Texas,453,Travis,30.35386,-97.69166
3/27/2020,AQS,484531068,1,0.4,ppm,5,Austin North Interstate 35,24,100,42101,Carbon monoxide,12420,"Austin-Round Rock, TX",48,Texas,453,Travis,30.35386,-97.69166
3/28/2020,AQS,484531068,1,0.7,ppm,8,Austin North Interstate 35,24,100,42101,Carbon monoxide,12420,"Austin-Round Rock, TX",48,Texas,453,Travis,30.35386,-97.69166
3/29/2020,AQS,484531068,1,0.7,ppm,8,Austin North Interstate 35,24,100,42101,Carbon monoxide,12420,"Austin-Round Rock, TX",48,Texas,453,Travis,30.35386,-97.69166
3/30/2020,AQS,484531068,1,0.5,ppm,6,Austin North Interstate 35,24,100,42101,Carbon monoxide,12420,"Austin-Round Rock, TX",48,Texas,453,Travis,30.35386,-97.69166
3/31/2020,AQS,484531068,1,0.5,ppm,6,Austin North Interstate 35,24,100,42101,Carbon monoxide,12420,"Austin-Round Rock, TX",48,Texas,453,Travis,30.35386,-97.69166
4/1/2020,AQS,484531068,1,0.4,ppm,5,Austin North Interstate 35,24,100,42101,Carbon monoxide,12420,"Austin-Round Rock, TX",48,Texas,453,Travis,30.35386,-97.69166
4/2/2020,AQS,484531068,1,0.5,ppm,6,Austin North Interstate 35,24,100,42101,Carbon monoxide,12420,"Austin-Round Rock, TX",48,Texas,453,Travis,30.35386,-97.69166
4/3/2020,AQS,484531068,1,0.5,ppm,6,Austin North Interstate 35,24,100,42101,Carbon monoxide,12420,"Austin-Round Rock, TX",48,Texas,453,Travis,30.35386,-97.69166
4/4/2020,AQS,484531068,1,0.3,ppm,3,Austin North Interstate 35,24,100,42101,Carbon monoxide,12420,"Austin-Round Rock, TX",48,Texas,453,Travis,30.35386,-97.69166
4/5/2020,AQS,484531068,1,0.5,ppm,6,Austin North Interstate 35,24,100,42101,Carbon monoxide,12420,"Austin-Round Rock, TX",48,Texas,453,Travis,30.35386,-97.69166
4/6/2020,AQS,484531068,1,0.6,ppm,7,Austin North Interstate 35,24,100,42101,Carbon monoxide,12420,"Austin-Round Rock, TX",48,Texas,453,Travis,30.35386,-97.69166
4/7/2020,AQS,484531068,1,0.6,ppm,7,Austin North Interstate 35,24,100,42101,Carbon monoxide,12420,"Austin-Round Rock, TX",48,Texas,453,Travis,30.35386,-97.69166
4/8/2020,AQS,484531068,1,0.6,ppm,7,Austin North Interstate 35,24,100,42101,Carbon monoxide,12420,"Austin-Round Rock, TX",48,Texas,453,Travis,30.35386,-97.69166
4/9/2020,AQS,484531068,1,0.5,ppm,6,Austin North Interstate 35,24,100,42101,Carbon monoxide,12420,"Austin-Round Rock, TX",48,Texas,453,Travis,30.35386,-97.69166
4/10/2020,AQS,484531068,1,0.5,ppm,6,Austin North Interstate 35,24,100,42101,Carbon monoxide,12420,"Austin-Round Rock, TX",48,Texas,453,Travis,30.35386,-97.69166
4/11/2020,AQS,484531068,1,0.6,ppm,7,Austin North Interstate 35,24,100,42101,Carbon monoxide,12420,"Austin-Round Rock, TX",48,Texas,453,Travis,30.35386,-97.69166
4/12/2020,AQS,484531068,1,0.5,ppm,6,Austin North Interstate 35,24,100,42101,Carbon monoxide,12420,"Austin-Round Rock, TX",48,Texas,453,Travis,30.35386,-97.69166
4/13/2020,AQS,484531068,1,0.3,ppm,3,Austin North Interstate 35,24,100,42101,Carbon monoxide,12420,"Austin-Round Rock, TX",48,Texas,453,Travis,30.35386,-97.69166
4/14/2020,AQS,484531068,1,0.3,ppm,3,Austin North Interstate 35,24,100,42101,Carbon monoxide,12420,"Austin-Round Rock, TX",48,Texas,453,Travis,30.35386,-97.69166
4/15/2020,AQS,484531068,1,0.4,ppm,5,Austin North Interstate 35,24,100,42101,Carbon monoxide,12420,"Austin-Round Rock, TX",48,Texas,453,Travis,30.35386,-97.69166
4/16/2020,AQS,484531068,1,0.4,ppm,5,Austin North Interstate 35,24,100,42101,Carbon monoxide,12420,"Austin-Round Rock, TX",48,Texas,453,Travis,30.35386,-97.69166
4/17/2020,AQS,484531068,1,0.5,ppm,6,Austin North Interstate 35,24,100,42101,Carbon monoxide,12420,"Austin-Round Rock, TX",48,Texas,453,Travis,30.35386,-97.69166
4/18/2020,AQS,484531068,1,0.4,ppm,5,Austin North Interstate 35,24,100,42101,Carbon monoxide,12420,"Austin-Round Rock, TX",48,Texas,453,Travis,30.35386,-97.69166
4/19/2020,AQS,484531068,1,0.5,ppm,6,Austin North Interstate 35,24,100,42101,Carbon monoxide,12420,"Austin-Round Rock, TX",48,Texas,453,Travis,30.35386,-97.69166
4/20/2020,AQS,484531068,1,0.6,ppm,7,Austin North Interstate 35,24,100,42101,Carbon monoxide,12420,"Austin-Round Rock, TX",48,Texas,453,Travis,30.35386,-97.69166
4/21/2020,AQS,484531068,1,0.6,ppm,7,Austin North Interstate 35,24,100,42101,Carbon monoxide,12420,"Austin-Round Rock, TX",48,Texas,453,Travis,30.35386,-97.69166
4/22/2020,AQS,484531068,1,0.8,ppm,9,Austin North Interstate 35,24,100,42101,Carbon monoxide,12420,"Austin-Round Rock, TX",48,Texas,453,Travis,30.35386,-97.69166
4/23/2020,AQS,484531068,1,0.7,ppm,8,Austin North Interstate 35,16,67,42101,Carbon monoxide,12420,"Austin-Round Rock, TX",48,Texas,453,Travis,30.35386,-97.69166
4/24/2020,AQS,484531068,1,0.4,ppm,5,Austin North Interstate 35,24,100,42101,Carbon monoxide,12420,"Austin-Round Rock, TX",48,Texas,453,Travis,30.35386,-97.69166
4/25/2020,AQS,484531068,1,0.5,ppm,6,Austin North Interstate 35,24,100,42101,Carbon monoxide,12420,"Austin-Round Rock, TX",48,Texas,453,Travis,30.35386,-97.69166
4/26/2020,AQS,484531068,1,0.6,ppm,7,Austin North Interstate 35,24,100,42101,Carbon monoxide,12420,"Austin-Round Rock, TX",48,Texas,453,Travis,30.35386,-97.69166
4/27/2020,AQS,484531068,1,0.5,ppm,6,Austin North Interstate 35,24,100,42101,Carbon monoxide,12420,"Austin-Round Rock, TX",48,Texas,453,Travis,30.35386,-97.69166
4/28/2020,AQS,484531068,1,0.6,ppm,7,Austin North Interstate 35,24,100,42101,Carbon monoxide,12420,"Austin-Round Rock, TX",48,Texas,453,Travis,30.35386,-97.69166
4/29/2020,AQS,484531068,1,0.6,ppm,7,Austin North Interstate 35,24,100,42101,Carbon monoxide,12420,"Austin-Round Rock, TX",48,Texas,453,Travis,30.35386,-97.69166
4/30/2020,AQS,484531068,1,0.5,ppm,6,Austin North Interstate 35,24,100,42101,Carbon monoxide,12420,"Austin-Round Rock, TX",48,Texas,453,Travis,30.35386,-97.69166
5/1/2020,AQS,484531068,1,0.5,ppm,6,Austin North Interstate 35,24,100,42101,Carbon monoxide,12420,"Austin-Round Rock, TX",48,Texas,453,Travis,30.35386,-97.69166
5/2/2020,AQS,484531068,1,0.5,ppm,6,Austin North Interstate 35,24,100,42101,Carbon monoxide,12420,"Austin-Round Rock, TX",48,Texas,453,Travis,30.35386,-97.69166
5/3/2020,AQS,484531068,1,0.5,ppm,6,Austin North Interstate 35,24,100,42101,Carbon monoxide,12420,"Austin-Round Rock, TX",48,Texas,453,Travis,30.35386,-97.69166
5/4/2020,AQS,484531068,1,0.5,ppm,6,Austin North Interstate 35,24,100,42101,Carbon monoxide,12420,"Austin-Round Rock, TX",48,Texas,453,Travis,30.35386,-97.69166
5/5/2020,AQS,484531068,1,0.6,ppm,7,Austin North Interstate 35,24,100,42101,Carbon monoxide,12420,"Austin-Round Rock, TX",48,Texas,453,Travis,30.35386,-97.69166
5/6/2020,AQS,484531068,1,0.5,ppm,6,Austin North Interstate 35,24,100,42101,Carbon monoxide,12420,"Austin-Round Rock, TX",48,Texas,453,Travis,30.35386,-97.69166
5/7/2020,AQS,484531068,1,0.5,ppm,6,Austin North Interstate 35,24,100,42101,Carbon monoxide,12420,"Austin-Round Rock, TX",48,Texas,453,Travis,30.35386,-97.69166
5/8/2020,AQS,484531068,1,0.4,ppm,5,Austin North Interstate 35,24,100,42101,Carbon monoxide,12420,"Austin-Round Rock, TX",48,Texas,453,Travis,30.35386,-97.69166
5/9/2020,AQS,484531068,1,0.5,ppm,6,Austin North Interstate 35,24,100,42101,Carbon monoxide,12420,"Austin-Round Rock, TX",48,Texas,453,Travis,30.35386,-97.69166
5/10/2020,AQS,484531068,1,0.5,ppm,6,Austin North Interstate 35,24,100,42101,Carbon monoxide,12420,"Austin-Round Rock, TX",48,Texas,453,Travis,30.35386,-97.69166
5/11/2020,AQS,484531068,1,0.5,ppm,6,Austin North Interstate 35,24,100,42101,Carbon monoxide,12420,"Austin-Round Rock, TX",48,Texas,453,Travis,30.35386,-97.69166
5/12/2020,AQS,484531068,1,0.6,ppm,7,Austin North Interstate 35,24,100,42101,Carbon monoxide,12420,"Austin-Round Rock, TX",48,Texas,453,Travis,30.35386,-97.69166
5/13/2020,AQS,484531068,1,0.6,ppm,7,Austin North Interstate 35,24,100,42101,Carbon monoxide,12420,"Austin-Round Rock, TX",48,Texas,453,Travis,30.35386,-97.69166
5/14/2020,AQS,484531068,1,0.6,ppm,7,Austin North Interstate 35,24,100,42101,Carbon monoxide,12420,"Austin-Round Rock, TX",48,Texas,453,Travis,30.35386,-97.69166
5/15/2020,AQS,484531068,1,0.6,ppm,7,Austin North Interstate 35,24,100,42101,Carbon monoxide,12420,"Austin-Round Rock, TX",48,Texas,453,Travis,30.35386,-97.69166
5/16/2020,AQS,484531068,1,0.4,ppm,5,Austin North Interstate 35,24,100,42101,Carbon monoxide,12420,"Austin-Round Rock, TX",48,Texas,453,Travis,30.35386,-97.69166
5/17/2020,AQS,484531068,1,0.5,ppm,6,Austin North Interstate 35,24,100,42101,Carbon monoxide,12420,"Austin-Round Rock, TX",48,Texas,453,Travis,30.35386,-97.69166
5/18/2020,AQS,484531068,1,0.8,ppm,9,Austin North Interstate 35,24,100,42101,Carbon monoxide,12420,"Austin-Round Rock, TX",48,Texas,453,Travis,30.35386,-97.69166
5/19/2020,AQS,484531068,1,0.6,ppm,7,Austin North Interstate 35,24,100,42101,Carbon monoxide,12420,"Austin-Round Rock, TX",48,Texas,453,Travis,30.35386,-97.69166
5/20/2020,AQS,484531068,1,0.6,ppm,7,Austin North Interstate 35,24,100,42101,Carbon monoxide,12420,"Austin-Round Rock, TX",48,Texas,453,Travis,30.35386,-97.69166
5/21/2020,AQS,484531068,1,0.6,ppm,7,Austin North Interstate 35,24,100,42101,Carbon monoxide,12420,"Austin-Round Rock, TX",48,Texas,453,Travis,30.35386,-97.69166
5/22/2020,AQS,484531068,1,0.6,ppm,7,Austin North Interstate 35,24,100,42101,Carbon monoxide,12420,"Austin-Round Rock, TX",48,Texas,453,Travis,30.35386,-97.69166
5/23/2020,AQS,484531068,1,0.5,ppm,6,Austin North Interstate 35,24,100,42101,Carbon monoxide,12420,"Austin-Round Rock, TX",48,Texas,453,Travis,30.35386,-97.69166
5/24/2020,AQS,484531068,1,0.5,ppm,6,Austin North Interstate 35,24,100,42101,Carbon monoxide,12420,"Austin-Round Rock, TX",48,Texas,453,Travis,30.35386,-97.69166
5/25/2020,AQS,484531068,1,0.5,ppm,6,Austin North Interstate 35,24,100,42101,Carbon monoxide,12420,"Austin-Round Rock, TX",48,Texas,453,Travis,30.35386,-97.69166
5/26/2020,AQS,484531068,1,0.5,ppm,6,Austin North Interstate 35,24,100,42101,Carbon monoxide,12420,"Austin-Round Rock, TX",48,Texas,453,Travis,30.35386,-97.69166
5/27/2020,AQS,484531068,1,0.6,ppm,7,Austin North Interstate 35,24,100,42101,Carbon monoxide,12420,"Austin-Round Rock, TX",48,Texas,453,Travis,30.35386,-97.69166
5/28/2020,AQS,484531068,1,0.6,ppm,7,Austin North Interstate 35,24,100,42101,Carbon monoxide,12420,"Austin-Round Rock, TX",48,Texas,453,Travis,30.35386,-97.69166
5/29/2020,AQS,484531068,1,0.6,ppm,7,Austin North Interstate 35,24,100,42101,Carbon monoxide,12420,"Austin-Round Rock, TX",48,Texas,453,Travis,30.35386,-97.69166
5/30/2020,AQS,484531068,1,0.6,ppm,7,Austin North Interstate 35,24,100,42101,Carbon monoxide,12420,"Austin-Round Rock, TX",48,Texas,453,Travis,30.35386,-97.69166
5/31/2020,AQS,484531068,1,0.6,ppm,7,Austin North Interstate 35,24,100,42101,Carbon monoxide,12420,"Austin-Round Rock, TX",48,Texas,453,Travis,30.35386,-97.69166
6/1/2020,AQS,484531068,1,0.6,ppm,7,Austin North Interstate 35,24,100,42101,Carbon monoxide,12420,"Austin-Round Rock, TX",48,Texas,453,Travis,30.35386,-97.69166
6/2/2020,AQS,484531068,1,0.7,ppm,8,Austin North Interstate 35,24,100,42101,Carbon monoxide,12420,"Austin-Round Rock, TX",48,Texas,453,Travis,30.35386,-97.69166
6/3/2020,AQS,484531068,1,0.5,ppm,6,Austin North Interstate 35,24,100,42101,Carbon monoxide,12420,"Austin-Round Rock, TX",48,Texas,453,Travis,30.35386,-97.69166
6/4/2020,AQS,484531068,1,0.5,ppm,6,Austin North Interstate 35,24,100,42101,Carbon monoxide,12420,"Austin-Round Rock, TX",48,Texas,453,Travis,30.35386,-97.69166
6/5/2020,AQS,484531068,1,0.7,ppm,8,Austin North Interstate 35,24,100,42101,Carbon monoxide,12420,"Austin-Round Rock, TX",48,Texas,453,Travis,30.35386,-97.69166
6/6/2020,AQS,484531068,1,0.7,ppm,8,Austin North Interstate 35,24,100,42101,Carbon monoxide,12420,"Austin-Round Rock, TX",48,Texas,453,Travis,30.35386,-97.69166
6/7/2020,AQS,484531068,1,0.6,ppm,7,Austin North Interstate 35,24,100,42101,Carbon monoxide,12420,"Austin-Round Rock, TX",48,Texas,453,Travis,30.35386,-97.69166
6/8/2020,AQS,484531068,1,0.6,ppm,7,Austin North Interstate 35,24,100,42101,Carbon monoxide,12420,"Austin-Round Rock, TX",48,Texas,453,Travis,30.35386,-97.69166
6/9/2020,AQS,484531068,1,0.6,ppm,7,Austin North Interstate 35,24,100,42101,Carbon monoxide,12420,"Austin-Round Rock, TX",48,Texas,453,Travis,30.35386,-97.69166
6/10/2020,AQS,484531068,1,0.6,ppm,7,Austin North Interstate 35,24,100,42101,Carbon monoxide,12420,"Austin-Round Rock, TX",48,Texas,453,Travis,30.35386,-97.69166
6/11/2020,AQS,484531068,1,0.7,ppm,8,Austin North Interstate 35,24,100,42101,Carbon monoxide,12420,"Austin-Round Rock, TX",48,Texas,453,Travis,30.35386,-97.69166
6/12/2020,AQS,484531068,1,0.6,ppm,7,Austin North Interstate 35,24,100,42101,Carbon monoxide,12420,"Austin-Round Rock, TX",48,Texas,453,Travis,30.35386,-97.69166
6/13/2020,AQS,484531068,1,0.6,ppm,7,Austin North Interstate 35,24,100,42101,Carbon monoxide,12420,"Austin-Round Rock, TX",48,Texas,453,Travis,30.35386,-97.69166
6/14/2020,AQS,484531068,1,0.6,ppm,7,Austin North Interstate 35,24,100,42101,Carbon monoxide,12420,"Austin-Round Rock, TX",48,Texas,453,Travis,30.35386,-97.69166
6/15/2020,AQS,484531068,1,0.6,ppm,7,Austin North Interstate 35,24,100,42101,Carbon monoxide,12420,"Austin-Round Rock, TX",48,Texas,453,Travis,30.35386,-97.69166
6/16/2020,AQS,484531068,1,0.6,ppm,7,Austin North Interstate 35,24,100,42101,Carbon monoxide,12420,"Austin-Round Rock, TX",48,Texas,453,Travis,30.35386,-97.69166
6/17/2020,AQS,484531068,1,0.5,ppm,6,Austin North Interstate 35,24,100,42101,Carbon monoxide,12420,"Austin-Round Rock, TX",48,Texas,453,Travis,30.35386,-97.69166
6/18/2020,AQS,484531068,1,0.5,ppm,6,Austin North Interstate 35,24,100,42101,Carbon monoxide,12420,"Austin-Round Rock, TX",48,Texas,453,Travis,30.35386,-97.69166
6/19/2020,AQS,484531068,1,0.5,ppm,6,Austin North Interstate 35,24,100,42101,Carbon monoxide,12420,"Austin-Round Rock, TX",48,Texas,453,Travis,30.35386,-97.69166
6/20/2020,AQS,484531068,1,0.5,ppm,6,Austin North Interstate 35,24,100,42101,Carbon monoxide,12420,"Austin-Round Rock, TX",48,Texas,453,Travis,30.35386,-97.69166
6/21/2020,AQS,484531068,1,0.5,ppm,6,Austin North Interstate 35,24,100,42101,Carbon monoxide,12420,"Austin-Round Rock, TX",48,Texas,453,Travis,30.35386,-97.69166
6/22/2020,AQS,484531068,1,0.5,ppm,6,Austin North Interstate 35,24,100,42101,Carbon monoxide,12420,"Austin-Round Rock, TX",48,Texas,453,Travis,30.35386,-97.69166
6/23/2020,AQS,484531068,1,0.5,ppm,6,Austin North Interstate 35,24,100,42101,Carbon monoxide,12420,"Austin-Round Rock, TX",48,Texas,453,Travis,30.35386,-97.69166
6/24/2020,AQS,484531068,1,0.5,ppm,6,Austin North Interstate 35,24,100,42101,Carbon monoxide,12420,"Austin-Round Rock, TX",48,Texas,453,Travis,30.35386,-97.69166
6/25/2020,AQS,484531068,1,0.5,ppm,6,Austin North Interstate 35,24,100,42101,Carbon monoxide,12420,"Austin-Round Rock, TX",48,Texas,453,Travis,30.35386,-97.69166
6/26/2020,AQS,484531068,1,0.6,ppm,7,Austin North Interstate 35,24,100,42101,Carbon monoxide,12420,"Austin-Round Rock, TX",48,Texas,453,Travis,30.35386,-97.69166
6/27/2020,AQS,484531068,1,0.6,ppm,7,Austin North Interstate 35,24,100,42101,Carbon monoxide,12420,"Austin-Round Rock, TX",48,Texas,453,Travis,30.35386,-97.69166
6/28/2020,AQS,484531068,1,0.5,ppm,6,Austin North Interstate 35,24,100,42101,Carbon monoxide,12420,"Austin-Round Rock, TX",48,Texas,453,Travis,30.35386,-97.69166
6/29/2020,AQS,484531068,1,0.5,ppm,6,Austin North Interstate 35,24,100,42101,Carbon monoxide,12420,"Austin-Round Rock, TX",48,Texas,453,Travis,30.35386,-97.69166
6/30/2020,AQS,484531068,1,0.5,ppm,6,Austin North Interstate 35,24,100,42101,Carbon monoxide,12420,"Austin-Round Rock, TX",48,Texas,453,Travis,30.35386,-97.69166
7/1/2020,AQS,484531068,1,0.5,ppm,6,Austin North Interstate 35,19,79,42101,Carbon monoxide,12420,"Austin-Round Rock, TX",48,Texas,453,Travis,30.35386,-97.69166
7/2/2020,AQS,484531068,1,0.6,ppm,7,Austin North Interstate 35,24,100,42101,Carbon monoxide,12420,"Austin-Round Rock, TX",48,Texas,453,Travis,30.35386,-97.69166
7/3/2020,AQS,484531068,1,0.6,ppm,7,Austin North Interstate 35,24,100,42101,Carbon monoxide,12420,"Austin-Round Rock, TX",48,Texas,453,Travis,30.35386,-97.69166
7/4/2020,AQS,484531068,1,0.6,ppm,7,Austin North Interstate 35,24,100,42101,Carbon monoxide,12420,"Austin-Round Rock, TX",48,Texas,453,Travis,30.35386,-97.69166
7/5/2020,AQS,484531068,1,0.5,ppm,6,Austin North Interstate 35,24,100,42101,Carbon monoxide,12420,"Austin-Round Rock, TX",48,Texas,453,Travis,30.35386,-97.69166
7/6/2020,AQS,484531068,1,0.6,ppm,7,Austin North Interstate 35,24,100,42101,Carbon monoxide,12420,"Austin-Round Rock, TX",48,Texas,453,Travis,30.35386,-97.69166
7/7/2020,AQS,484531068,1,0.6,ppm,7,Austin North Interstate 35,24,100,42101,Carbon monoxide,12420,"Austin-Round Rock, TX",48,Texas,453,Travis,30.35386,-97.69166
7/8/2020,AQS,484531068,1,0.6,ppm,7,Austin North Interstate 35,24,100,42101,Carbon monoxide,12420,"Austin-Round Rock, TX",48,Texas,453,Travis,30.35386,-97.69166
7/9/2020,AQS,484531068,1,0.5,ppm,6,Austin North Interstate 35,24,100,42101,Carbon monoxide,12420,"Austin-Round Rock, TX",48,Texas,453,Travis,30.35386,-97.69166
7/10/2020,AQS,484531068,1,0.6,ppm,7,Austin North Interstate 35,24,100,42101,Carbon monoxide,12420,"Austin-Round Rock, TX",48,Texas,453,Travis,30.35386,-97.69166
7/11/2020,AQS,484531068,1,0.6,ppm,7,Austin North Interstate 35,24,100,42101,Carbon monoxide,12420,"Austin-Round Rock, TX",48,Texas,453,Travis,30.35386,-97.69166
7/12/2020,AQS,484531068,1,0.5,ppm,6,Austin North Interstate 35,24,100,42101,Carbon monoxide,12420,"Austin-Round Rock, TX",48,Texas,453,Travis,30.35386,-97.69166
7/13/2020,AQS,484531068,1,0.5,ppm,6,Austin North Interstate 35,24,100,42101,Carbon monoxide,12420,"Austin-Round Rock, TX",48,Texas,453,Travis,30.35386,-97.69166
7/14/2020,AQS,484531068,1,0.5,ppm,6,Austin North Interstate 35,24,100,42101,Carbon monoxide,12420,"Austin-Round Rock, TX",48,Texas,453,Travis,30.35386,-97.69166
7/15/2020,AQS,484531068,1,0.5,ppm,6,Austin North Interstate 35,24,100,42101,Carbon monoxide,12420,"Austin-Round Rock, TX",48,Texas,453,Travis,30.35386,-97.69166
7/16/2020,AQS,484531068,1,0.5,ppm,6,Austin North Interstate 35,24,100,42101,Carbon monoxide,12420,"Austin-Round Rock, TX",48,Texas,453,Travis,30.35386,-97.69166
7/17/2020,AQS,484531068,1,0.5,ppm,6,Austin North Interstate 35,24,100,42101,Carbon monoxide,12420,"Austin-Round Rock, TX",48,Texas,453,Travis,30.35386,-97.69166
7/18/2020,AQS,484531068,1,0.5,ppm,6,Austin North Interstate 35,24,100,42101,Carbon monoxide,12420,"Austin-Round Rock, TX",48,Texas,453,Travis,30.35386,-97.69166
7/19/2020,AQS,484531068,1,0.5,ppm,6,Austin North Interstate 35,24,100,42101,Carbon monoxide,12420,"Austin-Round Rock, TX",48,Texas,453,Travis,30.35386,-97.69166
7/20/2020,AQS,484531068,1,0.5,ppm,6,Austin North Interstate 35,24,100,42101,Carbon monoxide,12420,"Austin-Round Rock, TX",48,Texas,453,Travis,30.35386,-97.69166
7/21/2020,AQS,484531068,1,0.5,ppm,6,Austin North Interstate 35,24,100,42101,Carbon monoxide,12420,"Austin-Round Rock, TX",48,Texas,453,Travis,30.35386,-97.69166
7/22/2020,AQS,484531068,1,0.5,ppm,6,Austin North Interstate 35,24,100,42101,Carbon monoxide,12420,"Austin-Round Rock, TX",48,Texas,453,Travis,30.35386,-97.69166
7/23/2020,AQS,484531068,1,0.5,ppm,6,Austin North Interstate 35,24,100,42101,Carbon monoxide,12420,"Austin-Round Rock, TX",48,Texas,453,Travis,30.35386,-97.69166
7/24/2020,AQS,484531068,1,0.5,ppm,6,Austin North Interstate 35,24,100,42101,Carbon monoxide,12420,"Austin-Round Rock, TX",48,Texas,453,Travis,30.35386,-97.69166
7/25/2020,AQS,484531068,1,0.6,ppm,7,Austin North Interstate 35,24,100,42101,Carbon monoxide,12420,"Austin-Round Rock, TX",48,Texas,453,Travis,30.35386,-97.69166
7/26/2020,AQS,484531068,1,0.5,ppm,6,Austin North Interstate 35,24,100,42101,Carbon monoxide,12420,"Austin-Round Rock, TX",48,Texas,453,Travis,30.35386,-97.69166
7/27/2020,AQS,484531068,1,0.5,ppm,6,Austin North Interstate 35,24,100,42101,Carbon monoxide,12420,"Austin-Round Rock, TX",48,Texas,453,Travis,30.35386,-97.69166
7/28/2020,AQS,484531068,1,0.5,ppm,6,Austin North Interstate 35,24,100,42101,Carbon monoxide,12420,"Austin-Round Rock, TX",48,Texas,453,Travis,30.35386,-97.69166
7/29/2020,AQS,484531068,1,0.5,ppm,6,Austin North Interstate 35,24,100,42101,Carbon monoxide,12420,"Austin-Round Rock, TX",48,Texas,453,Travis,30.35386,-97.69166
7/30/2020,AQS,484531068,1,0.4,ppm,5,Austin North Interstate 35,24,100,42101,Carbon monoxide,12420,"Austin-Round Rock, TX",48,Texas,453,Travis,30.35386,-97.69166
7/31/2020,AQS,484531068,1,0.5,ppm,6,Austin North Interstate 35,24,100,42101,Carbon monoxide,12420,"Austin-Round Rock, TX",48,Texas,453,Travis,30.35386,-97.69166
8/1/2020,AQS,484531068,1,0.6,ppm,7,Austin North Interstate 35,24,100,42101,Carbon monoxide,12420,"Austin-Round Rock, TX",48,Texas,453,Travis,30.35386,-97.69166
8/2/2020,AQS,484531068,1,0.6,ppm,7,Austin North Interstate 35,24,100,42101,Carbon monoxide,12420,"Austin-Round Rock, TX",48,Texas,453,Travis,30.35386,-97.69166
8/3/2020,AQS,484531068,1,0.5,ppm,6,Austin North Interstate 35,24,100,42101,Carbon monoxide,12420,"Austin-Round Rock, TX",48,Texas,453,Travis,30.35386,-97.69166
8/4/2020,AQS,484531068,1,0.5,ppm,6,Austin North Interstate 35,24,100,42101,Carbon monoxide,12420,"Austin-Round Rock, TX",48,Texas,453,Travis,30.35386,-97.69166
8/5/2020,AQS,484531068,1,0.5,ppm,6,Austin North Interstate 35,24,100,42101,Carbon monoxide,12420,"Austin-Round Rock, TX",48,Texas,453,Travis,30.35386,-97.69166
8/6/2020,AQS,484531068,1,0.5,ppm,6,Austin North Interstate 35,24,100,42101,Carbon monoxide,12420,"Austin-Round Rock, TX",48,Texas,453,Travis,30.35386,-97.69166
8/7/2020,AQS,484531068,1,0.6,ppm,7,Austin North Interstate 35,24,100,42101,Carbon monoxide,12420,"Austin-Round Rock, TX",48,Texas,453,Travis,30.35386,-97.69166
8/8/2020,AQS,484531068,1,0.5,ppm,6,Austin North Interstate 35,24,100,42101,Carbon monoxide,12420,"Austin-Round Rock, TX",48,Texas,453,Travis,30.35386,-97.69166
8/9/2020,AQS,484531068,1,0.4,ppm,5,Austin North Interstate 35,24,100,42101,Carbon monoxide,12420,"Austin-Round Rock, TX",48,Texas,453,Travis,30.35386,-97.69166
8/10/2020,AQS,484531068,1,0.4,ppm,5,Austin North Interstate 35,24,100,42101,Carbon monoxide,12420,"Austin-Round Rock, TX",48,Texas,453,Travis,30.35386,-97.69166
8/11/2020,AQS,484531068,1,0.5,ppm,6,Austin North Interstate 35,24,100,42101,Carbon monoxide,12420,"Austin-Round Rock, TX",48,Texas,453,Travis,30.35386,-97.69166
8/12/2020,AQS,484531068,1,0.5,ppm,6,Austin North Interstate 35,24,100,42101,Carbon monoxide,12420,"Austin-Round Rock, TX",48,Texas,453,Travis,30.35386,-97.69166
8/13/2020,AQS,484531068,1,0.4,ppm,5,Austin North Interstate 35,24,100,42101,Carbon monoxide,12420,"Austin-Round Rock, TX",48,Texas,453,Travis,30.35386,-97.69166
8/14/2020,AQS,484531068,1,0.5,ppm,6,Austin North Interstate 35,24,100,42101,Carbon monoxide,12420,"Austin-Round Rock, TX",48,Texas,453,Travis,30.35386,-97.69166
8/15/2020,AQS,484531068,1,0.6,ppm,7,Austin North Interstate 35,24,100,42101,Carbon monoxide,12420,"Austin-Round Rock, TX",48,Texas,453,Travis,30.35386,-97.69166
8/16/2020,AQS,484531068,1,0.5,ppm,6,Austin North Interstate 35,24,100,42101,Carbon monoxide,12420,"Austin-Round Rock, TX",48,Texas,453,Travis,30.35386,-97.69166
8/17/2020,AQS,484531068,1,0.5,ppm,6,Austin North Interstate 35,24,100,42101,Carbon monoxide,12420,"Austin-Round Rock, TX",48,Texas,453,Travis,30.35386,-97.69166
8/18/2020,AQS,484531068,1,0.5,ppm,6,Austin North Interstate 35,24,100,42101,Carbon monoxide,12420,"Austin-Round Rock, TX",48,Texas,453,Travis,30.35386,-97.69166
8/19/2020,AQS,484531068,1,0.4,ppm,5,Austin North Interstate 35,24,100,42101,Carbon monoxide,12420,"Austin-Round Rock, TX",48,Texas,453,Travis,30.35386,-97.69166
8/20/2020,AQS,484531068,1,0.6,ppm,7,Austin North Interstate 35,24,100,42101,Carbon monoxide,12420,"Austin-Round Rock, TX",48,Texas,453,Travis,30.35386,-97.69166
8/21/2020,AQS,484531068,1,0.6,ppm,7,Austin North Interstate 35,24,100,42101,Carbon monoxide,12420,"Austin-Round Rock, TX",48,Texas,453,Travis,30.35386,-97.69166
8/22/2020,AQS,484531068,1,0.6,ppm,7,Austin North Interstate 35,24,100,42101,Carbon monoxide,12420,"Austin-Round Rock, TX",48,Texas,453,Travis,30.35386,-97.69166
8/23/2020,AQS,484531068,1,0.6,ppm,7,Austin North Interstate 35,24,100,42101,Carbon monoxide,12420,"Austin-Round Rock, TX",48,Texas,453,Travis,30.35386,-97.69166
8/24/2020,AQS,484531068,1,0.5,ppm,6,Austin North Interstate 35,24,100,42101,Carbon monoxide,12420,"Austin-Round Rock, TX",48,Texas,453,Travis,30.35386,-97.69166
8/25/2020,AQS,484531068,1,0.5,ppm,6,Austin North Interstate 35,24,100,42101,Carbon monoxide,12420,"Austin-Round Rock, TX",48,Texas,453,Travis,30.35386,-97.69166
8/26/2020,AQS,484531068,1,0.4,ppm,5,Austin North Interstate 35,24,100,42101,Carbon monoxide,12420,"Austin-Round Rock, TX",48,Texas,453,Travis,30.35386,-97.69166
8/27/2020,AQS,484531068,1,0.4,ppm,5,Austin North Interstate 35,24,100,42101,Carbon monoxide,12420,"Austin-Round Rock, TX",48,Texas,453,Travis,30.35386,-97.69166
8/28/2020,AQS,484531068,1,0.4,ppm,5,Austin North Interstate 35,24,100,42101,Carbon monoxide,12420,"Austin-Round Rock, TX",48,Texas,453,Travis,30.35386,-97.69166
8/29/2020,AQS,484531068,1,0.5,ppm,6,Austin North Interstate 35,24,100,42101,Carbon monoxide,12420,"Austin-Round Rock, TX",48,Texas,453,Travis,30.35386,-97.69166
8/30/2020,AQS,484531068,1,0.4,ppm,5,Austin North Interstate 35,24,100,42101,Carbon monoxide,12420,"Austin-Round Rock, TX",48,Texas,453,Travis,30.35386,-97.69166
8/31/2020,AQS,484531068,1,0.5,ppm,6,Austin North Interstate 35,24,100,42101,Carbon monoxide,12420,"Austin-Round Rock, TX",48,Texas,453,Travis,30.35386,-97.69166
9/1/2020,AQS,484531068,1,0.5,ppm,6,Austin North Interstate 35,24,100,42101,Carbon monoxide,12420,"Austin-Round Rock, TX",48,Texas,453,Travis,30.35386,-97.69166
9/2/2020,AQS,484531068,1,0.6,ppm,7,Austin North Interstate 35,24,100,42101,Carbon monoxide,12420,"Austin-Round Rock, TX",48,Texas,453,Travis,30.35386,-97.69166
9/3/2020,AQS,484531068,1,0.5,ppm,6,Austin North Interstate 35,24,100,42101,Carbon monoxide,12420,"Austin-Round Rock, TX",48,Texas,453,Travis,30.35386,-97.69166
9/4/2020,AQS,484531068,1,0.6,ppm,7,Austin North Interstate 35,24,100,42101,Carbon monoxide,12420,"Austin-Round Rock, TX",48,Texas,453,Travis,30.35386,-97.69166
9/5/2020,AQS,484531068,1,0.6,ppm,7,Austin North Interstate 35,24,100,42101,Carbon monoxide,12420,"Austin-Round Rock, TX",48,Texas,453,Travis,30.35386,-97.69166
9/6/2020,AQS,484531068,1,0.8,ppm,9,Austin North Interstate 35,24,100,42101,Carbon monoxide,12420,"Austin-Round Rock, TX",48,Texas,453,Travis,30.35386,-97.69166
9/7/2020,AQS,484531068,1,0.7,ppm,8,Austin North Interstate 35,24,100,42101,Carbon monoxide,12420,"Austin-Round Rock, TX",48,Texas,453,Travis,30.35386,-97.69166
9/8/2020,AQS,484531068,1,0.6,ppm,7,Austin North Interstate 35,24,100,42101,Carbon monoxide,12420,"Austin-Round Rock, TX",48,Texas,453,Travis,30.35386,-97.69166
9/9/2020,AQS,484531068,1,0.6,ppm,7,Austin North Interstate 35,24,100,42101,Carbon monoxide,12420,"Austin-Round Rock, TX",48,Texas,453,Travis,30.35386,-97.69166
9/10/2020,AQS,484531068,1,0.3,ppm,3,Austin North Interstate 35,24,100,42101,Carbon monoxide,12420,"Austin-Round Rock, TX",48,Texas,453,Travis,30.35386,-97.69166
9/11/2020,AQS,484531068,1,0.4,ppm,5,Austin North Interstate 35,24,100,42101,Carbon monoxide,12420,"Austin-Round Rock, TX",48,Texas,453,Travis,30.35386,-97.69166
9/12/2020,AQS,484531068,1,0.7,ppm,8,Austin North Interstate 35,24,100,42101,Carbon monoxide,12420,"Austin-Round Rock, TX",48,Texas,453,Travis,30.35386,-97.69166
9/13/2020,AQS,484531068,1,0.7,ppm,8,Austin North Interstate 35,24,100,42101,Carbon monoxide,12420,"Austin-Round Rock, TX",48,Texas,453,Travis,30.35386,-97.69166
9/14/2020,AQS,484531068,1,0.5,ppm,6,Austin North Interstate 35,24,100,42101,Carbon monoxide,12420,"Austin-Round Rock, TX",48,Texas,453,Travis,30.35386,-97.69166
9/15/2020,AQS,484531068,1,0.6,ppm,7,Austin North Interstate 35,24,100,42101,Carbon monoxide,12420,"Austin-Round Rock, TX",48,Texas,453,Travis,30.35386,-97.69166
9/16/2020,AQS,484531068,1,0.6,ppm,7,Austin North Interstate 35,24,100,42101,Carbon monoxide,12420,"Austin-Round Rock, TX",48,Texas,453,Travis,30.35386,-97.69166
9/17/2020,AQS,484531068,1,0.5,ppm,6,Austin North Interstate 35,17,71,42101,Carbon monoxide,12420,"Austin-Round Rock, TX",48,Texas,453,Travis,30.35386,-97.69166
9/18/2020,AQS,484531068,1,0.6,ppm,7,Austin North Interstate 35,24,100,42101,Carbon monoxide,12420,"Austin-Round Rock, TX",48,Texas,453,Travis,30.35386,-97.69166
9/19/2020,AQS,484531068,1,0.7,ppm,8,Austin North Interstate 35,24,100,42101,Carbon monoxide,12420,"Austin-Round Rock, TX",48,Texas,453,Travis,30.35386,-97.69166
9/20/2020,AQS,484531068,1,0.7,ppm,8,Austin North Interstate 35,24,100,42101,Carbon monoxide,12420,"Austin-Round Rock, TX",48,Texas,453,Travis,30.35386,-97.69166
9/21/2020,AQS,484531068,1,0.4,ppm,5,Austin North Interstate 35,17,71,42101,Carbon monoxide,12420,"Austin-Round Rock, TX",48,Texas,453,Travis,30.35386,-97.69166
9/22/2020,AQS,484531068,1,0.4,ppm,5,Austin North Interstate 35,24,100,42101,Carbon monoxide,12420,"Austin-Round Rock, TX",48,Texas,453,Travis,30.35386,-97.69166
9/23/2020,AQS,484531068,1,0.4,ppm,5,Austin North Interstate 35,24,100,42101,Carbon monoxide,12420,"Austin-Round Rock, TX",48,Texas,453,Travis,30.35386,-97.69166
9/24/2020,AQS,484531068,1,0.6,ppm,7,Austin North Interstate 35,24,100,42101,Carbon monoxide,12420,"Austin-Round Rock, TX",48,Texas,453,Travis,30.35386,-97.69166
9/25/2020,AQS,484531068,1,0.8,ppm,9,Austin North Interstate 35,24,100,42101,Carbon monoxide,12420,"Austin-Round Rock, TX",48,Texas,453,Travis,30.35386,-97.69166
9/26/2020,AQS,484531068,1,0.7,ppm,8,Austin North Interstate 35,24,100,42101,Carbon monoxide,12420,"Austin-Round Rock, TX",48,Texas,453,Travis,30.35386,-97.69166
9/27/2020,AQS,484531068,1,0.6,ppm,7,Austin North Interstate 35,24,100,42101,Carbon monoxide,12420,"Austin-Round Rock, TX",48,Texas,453,Travis,30.35386,-97.69166
9/28/2020,AQS,484531068,1,0.4,ppm,5,Austin North Interstate 35,24,100,42101,Carbon monoxide,12420,"Austin-Round Rock, TX",48,Texas,453,Travis,30.35386,-97.69166
9/29/2020,AQS,484531068,1,0.7,ppm,8,Austin North Interstate 35,24,100,42101,Carbon monoxide,12420,"Austin-Round Rock, TX",48,Texas,453,Travis,30.35386,-97.69166
9/30/2020,AQS,484531068,1,0.9,ppm,10,Austin North Interstate 35,24,100,42101,Carbon monoxide,12420,"Austin-Round Rock, TX",48,Texas,453,Travis,30.35386,-97.69166
10/1/2020,AQS,484531068,1,0.6,ppm,7,Austin North Interstate 35,24,100,42101,Carbon monoxide,12420,"Austin-Round Rock, TX",48,Texas,453,Travis,30.35386,-97.69166
10/2/2020,AQS,484531068,1,0.6,ppm,7,Austin North Interstate 35,24,100,42101,Carbon monoxide,12420,"Austin-Round Rock, TX",48,Texas,453,Travis,30.35386,-97.69166
10/3/2020,AQS,484531068,1,0.6,ppm,7,Austin North Interstate 35,24,100,42101,Carbon monoxide,12420,"Austin-Round Rock, TX",48,Texas,453,Travis,30.35386,-97.69166
10/4/2020,AQS,484531068,1,0.6,ppm,7,Austin North Interstate 35,24,100,42101,Carbon monoxide,12420,"Austin-Round Rock, TX",48,Texas,453,Travis,30.35386,-97.69166
10/5/2020,AQS,484531068,1,0.6,ppm,7,Austin North Interstate 35,24,100,42101,Carbon monoxide,12420,"Austin-Round Rock, TX",48,Texas,453,Travis,30.35386,-97.69166
10/6/2020,AQS,484531068,1,0.6,ppm,7,Austin North Interstate 35,24,100,42101,Carbon monoxide,12420,"Austin-Round Rock, TX",48,Texas,453,Travis,30.35386,-97.69166
10/7/2020,AQS,484531068,1,0.7,ppm,8,Austin North Interstate 35,24,100,42101,Carbon monoxide,12420,"Austin-Round Rock, TX",48,Texas,453,Travis,30.35386,-97.69166
10/8/2020,AQS,484531068,1,0.6,ppm,7,Austin North Interstate 35,24,100,42101,Carbon monoxide,12420,"Austin-Round Rock, TX",48,Texas,453,Travis,30.35386,-97.69166
10/9/2020,AQS,484531068,1,0.6,ppm,7,Austin North Interstate 35,24,100,42101,Carbon monoxide,12420,"Austin-Round Rock, TX",48,Texas,453,Travis,30.35386,-97.69166
10/10/2020,AQS,484531068,1,0.9,ppm,10,Austin North Interstate 35,24,100,42101,Carbon monoxide,12420,"Austin-Round Rock, TX",48,Texas,453,Travis,30.35386,-97.69166
10/11/2020,AQS,484531068,1,0.9,ppm,10,Austin North Interstate 35,24,100,42101,Carbon monoxide,12420,"Austin-Round Rock, TX",48,Texas,453,Travis,30.35386,-97.69166
10/12/2020,AQS,484531068,1,0.5,ppm,6,Austin North Interstate 35,24,100,42101,Carbon monoxide,12420,"Austin-Round Rock, TX",48,Texas,453,Travis,30.35386,-97.69166
10/13/2020,AQS,484531068,1,0.5,ppm,6,Austin North Interstate 35,24,100,42101,Carbon monoxide,12420,"Austin-Round Rock, TX",48,Texas,453,Travis,30.35386,-97.69166
10/14/2020,AQS,484531068,1,0.7,ppm,8,Austin North Interstate 35,24,100,42101,Carbon monoxide,12420,"Austin-Round Rock, TX",48,Texas,453,Travis,30.35386,-97.69166
10/15/2020,AQS,484531068,1,0.4,ppm,5,Austin North Interstate 35,24,100,42101,Carbon monoxide,12420,"Austin-Round Rock, TX",48,Texas,453,Travis,30.35386,-97.69166
10/16/2020,AQS,484531068,1,0.5,ppm,6,Austin North Interstate 35,24,100,42101,Carbon monoxide,12420,"Austin-Round Rock, TX",48,Texas,453,Travis,30.35386,-97.69166
10/17/2020,AQS,484531068,1,0.6,ppm,7,Austin North Interstate 35,24,100,42101,Carbon monoxide,12420,"Austin-Round Rock, TX",48,Texas,453,Travis,30.35386,-97.69166
10/18/2020,AQS,484531068,1,0.5,ppm,6,Austin North Interstate 35,24,100,42101,Carbon monoxide,12420,"Austin-Round Rock, TX",48,Texas,453,Travis,30.35386,-97.69166
10/19/2020,AQS,484531068,1,0.6,ppm,7,Austin North Interstate 35,24,100,42101,Carbon monoxide,12420,"Austin-Round Rock, TX",48,Texas,453,Travis,30.35386,-97.69166
10/20/2020,AQS,484531068,1,0.5,ppm,6,Austin North Interstate 35,24,100,42101,Carbon monoxide,12420,"Austin-Round Rock, TX",48,Texas,453,Travis,30.35386,-97.69166
10/21/2020,AQS,484531068,1,0.6,ppm,7,Austin North Interstate 35,24,100,42101,Carbon monoxide,12420,"Austin-Round Rock, TX",48,Texas,453,Travis,30.35386,-97.69166
10/22/2020,AQS,484531068,1,0.6,ppm,7,Austin North Interstate 35,24,100,42101,Carbon monoxide,12420,"Austin-Round Rock, TX",48,Texas,453,Travis,30.35386,-97.69166
10/23/2020,AQS,484531068,1,0.5,ppm,6,Austin North Interstate 35,24,100,42101,Carbon monoxide,12420,"Austin-Round Rock, TX",48,Texas,453,Travis,30.35386,-97.69166
10/24/2020,AQS,484531068,1,0.6,ppm,7,Austin North Interstate 35,24,100,42101,Carbon monoxide,12420,"Austin-Round Rock, TX",48,Texas,453,Travis,30.35386,-97.69166
10/25/2020,AQS,484531068,1,0.6,ppm,7,Austin North Interstate 35,24,100,42101,Carbon monoxide,12420,"Austin-Round Rock, TX",48,Texas,453,Travis,30.35386,-97.69166
10/26/2020,AQS,484531068,1,0.5,ppm,6,Austin North Interstate 35,24,100,42101,Carbon monoxide,12420,"Austin-Round Rock, TX",48,Texas,453,Travis,30.35386,-97.69166
10/27/2020,AQS,484531068,1,0.2,ppm,2,Austin North Interstate 35,18,75,42101,Carbon monoxide,12420,"Austin-Round Rock, TX",48,Texas,453,Travis,30.35386,-97.69166
10/28/2020,AQS,484531068,1,0.4,ppm,5,Austin North Interstate 35,24,100,42101,Carbon monoxide,12420,"Austin-Round Rock, TX",48,Texas,453,Travis,30.35386,-97.69166
10/29/2020,AQS,484531068,1,0.4,ppm,5,Austin North Interstate 35,24,100,42101,Carbon monoxide,12420,"Austin-Round Rock, TX",48,Texas,453,Travis,30.35386,-97.69166
10/30/2020,AQS,484531068,1,1.1,ppm,13,Austin North Interstate 35,24,100,42101,Carbon monoxide,12420,"Austin-Round Rock, TX",48,Texas,453,Travis,30.35386,-97.69166
10/31/2020,AQS,484531068,1,1.2,ppm,14,Austin North Interstate 35,24,100,42101,Carbon monoxide,12420,"Austin-Round Rock, TX",48,Texas,453,Travis,30.35386,-97.69166
11/1/2020,AQS,484531068,1,1.3,ppm,15,Austin North Interstate 35,24,100,42101,Carbon monoxide,12420,"Austin-Round Rock, TX",48,Texas,453,Travis,30.35386,-97.69166
11/2/2020,AQS,484531068,1,0.9,ppm,10,Austin North Interstate 35,24,100,42101,Carbon monoxide,12420,"Austin-Round Rock, TX",48,Texas,453,Travis,30.35386,-97.69166
11/3/2020,AQS,484531068,1,1,ppm,11,Austin North Interstate 35,18,75,42101,Carbon monoxide,12420,"Austin-Round Rock, TX",48,Texas,453,Travis,30.35386,-97.69166
11/4/2020,AQS,484531068,1,0.6,ppm,7,Austin North Interstate 35,24,100,42101,Carbon monoxide,12420,"Austin-Round Rock, TX",48,Texas,453,Travis,30.35386,-97.69166
11/5/2020,AQS,484531068,1,0.7,ppm,8,Austin North Interstate 35,24,100,42101,Carbon monoxide,12420,"Austin-Round Rock, TX",48,Texas,453,Travis,30.35386,-97.69166
11/6/2020,AQS,484531068,1,0.7,ppm,8,Austin North Interstate 35,24,100,42101,Carbon monoxide,12420,"Austin-Round Rock, TX",48,Texas,453,Travis,30.35386,-97.69166
11/7/2020,AQS,484531068,1,0.7,ppm,8,Austin North Interstate 35,24,100,42101,Carbon monoxide,12420,"Austin-Round Rock, TX",48,Texas,453,Travis,30.35386,-97.69166
11/8/2020,AQS,484531068,1,0.6,ppm,7,Austin North Interstate 35,24,100,42101,Carbon monoxide,12420,"Austin-Round Rock, TX",48,Texas,453,Travis,30.35386,-97.69166
11/9/2020,AQS,484531068,1,0.5,ppm,6,Austin North Interstate 35,24,100,42101,Carbon monoxide,12420,"Austin-Round Rock, TX",48,Texas,453,Travis,30.35386,-97.69166
11/10/2020,AQS,484531068,1,0.5,ppm,6,Austin North Interstate 35,24,100,42101,Carbon monoxide,12420,"Austin-Round Rock, TX",48,Texas,453,Travis,30.35386,-97.69166
11/11/2020,AQS,484531068,1,0.6,ppm,7,Austin North Interstate 35,24,100,42101,Carbon monoxide,12420,"Austin-Round Rock, TX",48,Texas,453,Travis,30.35386,-97.69166
11/12/2020,AQS,484531068,1,1.2,ppm,14,Austin North Interstate 35,24,100,42101,Carbon monoxide,12420,"Austin-Round Rock, TX",48,Texas,453,Travis,30.35386,-97.69166
11/13/2020,AQS,484531068,1,1.3,ppm,15,Austin North Interstate 35,24,100,42101,Carbon monoxide,12420,"Austin-Round Rock, TX",48,Texas,453,Travis,30.35386,-97.69166
11/14/2020,AQS,484531068,1,0.6,ppm,7,Austin North Interstate 35,24,100,42101,Carbon monoxide,12420,"Austin-Round Rock, TX",48,Texas,453,Travis,30.35386,-97.69166
11/15/2020,AQS,484531068,1,0.6,ppm,7,Austin North Interstate 35,24,100,42101,Carbon monoxide,12420,"Austin-Round Rock, TX",48,Texas,453,Travis,30.35386,-97.69166
11/16/2020,AQS,484531068,1,1,ppm,11,Austin North Interstate 35,24,100,42101,Carbon monoxide,12420,"Austin-Round Rock, TX",48,Texas,453,Travis,30.35386,-97.69166
11/17/2020,AQS,484531068,1,1.1,ppm,13,Austin North Interstate 35,24,100,42101,Carbon monoxide,12420,"Austin-Round Rock, TX",48,Texas,453,Travis,30.35386,-97.69166
11/18/2020,AQS,484531068,1,1.2,ppm,14,Austin North Interstate 35,24,100,42101,Carbon monoxide,12420,"Austin-Round Rock, TX",48,Texas,453,Travis,30.35386,-97.69166
11/19/2020,AQS,484531068,1,0.5,ppm,6,Austin North Interstate 35,24,100,42101,Carbon monoxide,12420,"Austin-Round Rock, TX",48,Texas,453,Travis,30.35386,-97.69166
11/20/2020,AQS,484531068,1,0.7,ppm,8,Austin North Interstate 35,24,100,42101,Carbon monoxide,12420,"Austin-Round Rock, TX",48,Texas,453,Travis,30.35386,-97.69166
11/21/2020,AQS,484531068,1,0.7,ppm,8,Austin North Interstate 35,24,100,42101,Carbon monoxide,12420,"Austin-Round Rock, TX",48,Texas,453,Travis,30.35386,-97.69166
11/22/2020,AQS,484531068,1,0.6,ppm,7,Austin North Interstate 35,24,100,42101,Carbon monoxide,12420,"Austin-Round Rock, TX",48,Texas,453,Travis,30.35386,-97.69166
11/23/2020,AQS,484531068,1,0.5,ppm,6,Austin North Interstate 35,24,100,42101,Carbon monoxide,12420,"Austin-Round Rock, TX",48,Texas,453,Travis,30.35386,-97.69166
11/24/2020,AQS,484531068,1,0.5,ppm,6,Austin North Interstate 35,24,100,42101,Carbon monoxide,12420,"Austin-Round Rock, TX",48,Texas,453,Travis,30.35386,-97.69166
11/25/2020,AQS,484531068,1,0.5,ppm,6,Austin North Interstate 35,24,100,42101,Carbon monoxide,12420,"Austin-Round Rock, TX",48,Texas,453,Travis,30.35386,-97.69166
11/26/2020,AQS,484531068,1,1,ppm,11,Austin North Interstate 35,24,100,42101,Carbon monoxide,12420,"Austin-Round Rock, TX",48,Texas,453,Travis,30.35386,-97.69166
11/27/2020,AQS,484531068,1,1.1,ppm,13,Austin North Interstate 35,24,100,42101,Carbon monoxide,12420,"Austin-Round Rock, TX",48,Texas,453,Travis,30.35386,-97.69166
11/28/2020,AQS,484531068,1,0.4,ppm,5,Austin North Interstate 35,24,100,42101,Carbon monoxide,12420,"Austin-Round Rock, TX",48,Texas,453,Travis,30.35386,-97.69166
11/29/2020,AQS,484531068,1,0.3,ppm,3,Austin North Interstate 35,24,100,42101,Carbon monoxide,12420,"Austin-Round Rock, TX",48,Texas,453,Travis,30.35386,-97.69166
11/30/2020,AQS,484531068,1,1,ppm,11,Austin North Interstate 35,24,100,42101,Carbon monoxide,12420,"Austin-Round Rock, TX",48,Texas,453,Travis,30.35386,-97.69166
12/1/2020,AQS,484531068,1,1.3,ppm,15,Austin North Interstate 35,24,100,42101,Carbon monoxide,12420,"Austin-Round Rock, TX",48,Texas,453,Travis,30.35386,-97.69166
12/2/2020,AQS,484531068,1,0.7,ppm,8,Austin North Interstate 35,24,100,42101,Carbon monoxide,12420,"Austin-Round Rock, TX",48,Texas,453,Travis,30.35386,-97.69166
12/3/2020,AQS,484531068,1,0.2,ppm,2,Austin North Interstate 35,24,100,42101,Carbon monoxide,12420,"Austin-Round Rock, TX",48,Texas,453,Travis,30.35386,-97.69166
12/4/2020,AQS,484531068,1,1.2,ppm,14,Austin North Interstate 35,24,100,42101,Carbon monoxide,12420,"Austin-Round Rock, TX",48,Texas,453,Travis,30.35386,-97.69166
12/5/2020,AQS,484531068,1,1.6,ppm,18,Austin North Interstate 35,24,100,42101,Carbon monoxide,12420,"Austin-Round Rock, TX",48,Texas,453,Travis,30.35386,-97.69166
12/6/2020,AQS,484531068,1,0.6,ppm,7,Austin North Interstate 35,24,100,42101,Carbon monoxide,12420,"Austin-Round Rock, TX",48,Texas,453,Travis,30.35386,-97.69166
12/7/2020,AQS,484531068,1,1.2,ppm,14,Austin North Interstate 35,24,100,42101,Carbon monoxide,12420,"Austin-Round Rock, TX",48,Texas,453,Travis,30.35386,-97.69166
12/8/2020,AQS,484531068,1,1.4,ppm,16,Austin North Interstate 35,24,100,42101,Carbon monoxide,12420,"Austin-Round Rock, TX",48,Texas,453,Travis,30.35386,-97.69166
12/9/2020,AQS,484531068,1,1.2,ppm,14,Austin North Interstate 35,24,100,42101,Carbon monoxide,12420,"Austin-Round Rock, TX",48,Texas,453,Travis,30.35386,-97.69166
12/10/2020,AQS,484531068,1,0.5,ppm,6,Austin North Interstate 35,24,100,42101,Carbon monoxide,12420,"Austin-Round Rock, TX",48,Texas,453,Travis,30.35386,-97.69166
12/11/2020,AQS,484531068,1,1.4,ppm,16,Austin North Interstate 35,24,100,42101,Carbon monoxide,12420,"Austin-Round Rock, TX",48,Texas,453,Travis,30.35386,-97.69166
12/12/2020,AQS,484531068,1,1.3,ppm,15,Austin North Interstate 35,24,100,42101,Carbon monoxide,12420,"Austin-Round Rock, TX",48,Texas,453,Travis,30.35386,-97.69166
12/13/2020,AQS,484531068,1,0.5,ppm,6,Austin North Interstate 35,24,100,42101,Carbon monoxide,12420,"Austin-Round Rock, TX",48,Texas,453,Travis,30.35386,-97.69166
12/14/2020,AQS,484531068,1,0.4,ppm,5,Austin North Interstate 35,18,75,42101,Carbon monoxide,12420,"Austin-Round Rock, TX",48,Texas,453,Travis,30.35386,-97.69166
12/15/2020,AQS,484531068,1,0.5,ppm,6,Austin North Interstate 35,24,100,42101,Carbon monoxide,12420,"Austin-Round Rock, TX",48,Texas,453,Travis,30.35386,-97.69166
12/16/2020,AQS,484531068,1,0.5,ppm,6,Austin North Interstate 35,24,100,42101,Carbon monoxide,12420,"Austin-Round Rock, TX",48,Texas,453,Travis,30.35386,-97.69166
12/17/2020,AQS,484531068,1,0.7,ppm,8,Austin North Interstate 35,24,100,42101,Carbon monoxide,12420,"Austin-Round Rock, TX",48,Texas,453,Travis,30.35386,-97.69166
12/18/2020,AQS,484531068,1,0.5,ppm,6,Austin North Interstate 35,24,100,42101,Carbon monoxide,12420,"Austin-Round Rock, TX",48,Texas,453,Travis,30.35386,-97.69166
12/19/2020,AQS,484531068,1,0.5,ppm,6,Austin North Interstate 35,24,100,42101,Carbon monoxide,12420,"Austin-Round Rock, TX",48,Texas,453,Travis,30.35386,-97.69166
12/20/2020,AQS,484531068,1,1.3,ppm,15,Austin North Interstate 35,24,100,42101,Carbon monoxide,12420,"Austin-Round Rock, TX",48,Texas,453,Travis,30.35386,-97.69166
12/21/2020,AQS,484531068,1,1.5,ppm,17,Austin North Interstate 35,24,100,42101,Carbon monoxide,12420,"Austin-Round Rock, TX",48,Texas,453,Travis,30.35386,-97.69166
12/22/2020,AQS,484531068,1,1.1,ppm,13,Austin North Interstate 35,24,100,42101,Carbon monoxide,12420,"Austin-Round Rock, TX",48,Texas,453,Travis,30.35386,-97.69166
12/23/2020,AQS,484531068,1,0.4,ppm,5,Austin North Interstate 35,24,100,42101,Carbon monoxide,12420,"Austin-Round Rock, TX",48,Texas,453,Travis,30.35386,-97.69166
12/24/2020,AQS,484531068,1,0.4,ppm,5,Austin North Interstate 35,24,100,42101,Carbon monoxide,12420,"Austin-Round Rock, TX",48,Texas,453,Travis,30.35386,-97.69166
12/25/2020,AQS,484531068,1,0.8,ppm,9,Austin North Interstate 35,24,100,42101,Carbon monoxide,12420,"Austin-Round Rock, TX",48,Texas,453,Travis,30.35386,-97.69166
12/26/2020,AQS,484531068,1,1.1,ppm,13,Austin North Interstate 35,24,100,42101,Carbon monoxide,12420,"Austin-Round Rock, TX",48,Texas,453,Travis,30.35386,-97.69166
12/27/2020,AQS,484531068,1,0.7,ppm,8,Austin North Interstate 35,24,100,42101,Carbon monoxide,12420,"Austin-Round Rock, TX",48,Texas,453,Travis,30.35386,-97.69166
12/28/2020,AQS,484531068,1,0.7,ppm,8,Austin North Interstate 35,24,100,42101,Carbon monoxide,12420,"Austin-Round Rock, TX",48,Texas,453,Travis,30.35386,-97.69166
12/29/2020,AQS,484531068,1,0.4,ppm,5,Austin North Interstate 35,24,100,42101,Carbon monoxide,12420,"Austin-Round Rock, TX",48,Texas,453,Travis,30.35386,-97.69166
12/30/2020,AQS,484531068,1,0.5,ppm,6,Austin North Interstate 35,24,100,42101,Carbon monoxide,12420,"Austin-Round Rock, TX",48,Texas,453,Travis,30.35386,-97.69166
12/31/2020,AQS,484531068,1,0.2,ppm,2,Austin North Interstate 35,24,100,42101,Carbon monoxide,12420,"Austin-Round Rock, TX",48,Texas,453,Travis,30.35386,-97.69166
