Date,Source,Site ID,POC,Daily Max 1-hour SO2 Concentration,UNITS,DAILY_AQI_VALUE,Site Name,DAILY_OBS_COUNT,PERCENT_COMPLETE,AQS_PARAMETER_CODE,AQS_PARAMETER_DESC,CBSA_CODE,CBSA_NAME,STATE_CODE,STATE,COUNTY_CODE,COUNTY,SITE_LATITUDE,SITE_LONGITUDE
1/21/2020,AQS,371830014,2,1.3,ppb,1,Millbrook School,23,96,42401,Sulfur dioxide,39580,"Raleigh, NC",37,North Carolina,183,Wake,35.856111,-78.574167
1/22/2020,AQS,371830014,2,1.7,ppb,1,Millbrook School,23,96,42401,Sulfur dioxide,39580,"Raleigh, NC",37,North Carolina,183,Wake,35.856111,-78.574167
1/23/2020,AQS,371830014,2,0.5,ppb,0,Millbrook School,23,96,42401,Sulfur dioxide,39580,"Raleigh, NC",37,North Carolina,183,Wake,35.856111,-78.574167
1/24/2020,AQS,371830014,2,0.1,ppb,0,Millbrook School,23,96,42401,Sulfur dioxide,39580,"Raleigh, NC",37,North Carolina,183,Wake,35.856111,-78.574167
1/25/2020,AQS,371830014,2,0,ppb,0,Millbrook School,23,96,42401,Sulfur dioxide,39580,"Raleigh, NC",37,North Carolina,183,Wake,35.856111,-78.574167
1/26/2020,AQS,371830014,2,1,ppb,1,Millbrook School,23,96,42401,Sulfur dioxide,39580,"Raleigh, NC",37,North Carolina,183,Wake,35.856111,-78.574167
1/27/2020,AQS,371830014,2,0.9,ppb,0,Millbrook School,23,96,42401,Sulfur dioxide,39580,"Raleigh, NC",37,North Carolina,183,Wake,35.856111,-78.574167
1/28/2020,AQS,371830014,2,0.7,ppb,0,Millbrook School,23,96,42401,Sulfur dioxide,39580,"Raleigh, NC",37,North Carolina,183,Wake,35.856111,-78.574167
1/29/2020,AQS,371830014,2,0.9,ppb,0,Millbrook School,23,96,42401,Sulfur dioxide,39580,"Raleigh, NC",37,North Carolina,183,Wake,35.856111,-78.574167
1/30/2020,AQS,371830014,2,0.4,ppb,0,Millbrook School,23,96,42401,Sulfur dioxide,39580,"Raleigh, NC",37,North Carolina,183,Wake,35.856111,-78.574167
1/31/2020,AQS,371830014,2,0.5,ppb,0,Millbrook School,23,96,42401,Sulfur dioxide,39580,"Raleigh, NC",37,North Carolina,183,Wake,35.856111,-78.574167
2/1/2020,AQS,371830014,2,0,ppb,0,Millbrook School,23,96,42401,Sulfur dioxide,39580,"Raleigh, NC",37,North Carolina,183,Wake,35.856111,-78.574167
2/2/2020,AQS,371830014,2,0.1,ppb,0,Millbrook School,23,96,42401,Sulfur dioxide,39580,"Raleigh, NC",37,North Carolina,183,Wake,35.856111,-78.574167
2/3/2020,AQS,371830014,2,0.3,ppb,0,Millbrook School,22,92,42401,Sulfur dioxide,39580,"Raleigh, NC",37,North Carolina,183,Wake,35.856111,-78.574167
2/4/2020,AQS,371830014,2,0.5,ppb,0,Millbrook School,23,96,42401,Sulfur dioxide,39580,"Raleigh, NC",37,North Carolina,183,Wake,35.856111,-78.574167
2/5/2020,AQS,371830014,2,0.1,ppb,0,Millbrook School,23,96,42401,Sulfur dioxide,39580,"Raleigh, NC",37,North Carolina,183,Wake,35.856111,-78.574167
2/6/2020,AQS,371830014,2,0.1,ppb,0,Millbrook School,23,96,42401,Sulfur dioxide,39580,"Raleigh, NC",37,North Carolina,183,Wake,35.856111,-78.574167
2/7/2020,AQS,371830014,2,0,ppb,0,Millbrook School,23,96,42401,Sulfur dioxide,39580,"Raleigh, NC",37,North Carolina,183,Wake,35.856111,-78.574167
2/8/2020,AQS,371830014,2,0.3,ppb,0,Millbrook School,23,96,42401,Sulfur dioxide,39580,"Raleigh, NC",37,North Carolina,183,Wake,35.856111,-78.574167
2/9/2020,AQS,371830014,2,0.1,ppb,0,Millbrook School,23,96,42401,Sulfur dioxide,39580,"Raleigh, NC",37,North Carolina,183,Wake,35.856111,-78.574167
2/10/2020,AQS,371830014,2,0.3,ppb,0,Millbrook School,23,96,42401,Sulfur dioxide,39580,"Raleigh, NC",37,North Carolina,183,Wake,35.856111,-78.574167
2/11/2020,AQS,371830014,2,0.2,ppb,0,Millbrook School,23,96,42401,Sulfur dioxide,39580,"Raleigh, NC",37,North Carolina,183,Wake,35.856111,-78.574167
2/12/2020,AQS,371830014,2,0.1,ppb,0,Millbrook School,23,96,42401,Sulfur dioxide,39580,"Raleigh, NC",37,North Carolina,183,Wake,35.856111,-78.574167
2/13/2020,AQS,371830014,2,0,ppb,0,Millbrook School,22,92,42401,Sulfur dioxide,39580,"Raleigh, NC",37,North Carolina,183,Wake,35.856111,-78.574167
2/14/2020,AQS,371830014,2,0.4,ppb,0,Millbrook School,23,96,42401,Sulfur dioxide,39580,"Raleigh, NC",37,North Carolina,183,Wake,35.856111,-78.574167
2/15/2020,AQS,371830014,2,0.2,ppb,0,Millbrook School,23,96,42401,Sulfur dioxide,39580,"Raleigh, NC",37,North Carolina,183,Wake,35.856111,-78.574167
2/16/2020,AQS,371830014,2,0.3,ppb,0,Millbrook School,23,96,42401,Sulfur dioxide,39580,"Raleigh, NC",37,North Carolina,183,Wake,35.856111,-78.574167
2/17/2020,AQS,371830014,2,0.3,ppb,0,Millbrook School,21,88,42401,Sulfur dioxide,39580,"Raleigh, NC",37,North Carolina,183,Wake,35.856111,-78.574167
2/18/2020,AQS,371830014,2,0.2,ppb,0,Millbrook School,23,96,42401,Sulfur dioxide,39580,"Raleigh, NC",37,North Carolina,183,Wake,35.856111,-78.574167
2/19/2020,AQS,371830014,2,0.2,ppb,0,Millbrook School,23,96,42401,Sulfur dioxide,39580,"Raleigh, NC",37,North Carolina,183,Wake,35.856111,-78.574167
2/20/2020,AQS,371830014,2,0.2,ppb,0,Millbrook School,23,96,42401,Sulfur dioxide,39580,"Raleigh, NC",37,North Carolina,183,Wake,35.856111,-78.574167
2/21/2020,AQS,371830014,2,0.3,ppb,0,Millbrook School,23,96,42401,Sulfur dioxide,39580,"Raleigh, NC",37,North Carolina,183,Wake,35.856111,-78.574167
2/22/2020,AQS,371830014,2,0.4,ppb,0,Millbrook School,23,96,42401,Sulfur dioxide,39580,"Raleigh, NC",37,North Carolina,183,Wake,35.856111,-78.574167
2/23/2020,AQS,371830014,2,0.3,ppb,0,Millbrook School,23,96,42401,Sulfur dioxide,39580,"Raleigh, NC",37,North Carolina,183,Wake,35.856111,-78.574167
2/24/2020,AQS,371830014,2,0.4,ppb,0,Millbrook School,23,96,42401,Sulfur dioxide,39580,"Raleigh, NC",37,North Carolina,183,Wake,35.856111,-78.574167
2/25/2020,AQS,371830014,2,0.1,ppb,0,Millbrook School,23,96,42401,Sulfur dioxide,39580,"Raleigh, NC",37,North Carolina,183,Wake,35.856111,-78.574167
2/26/2020,AQS,371830014,2,0.1,ppb,0,Millbrook School,23,96,42401,Sulfur dioxide,39580,"Raleigh, NC",37,North Carolina,183,Wake,35.856111,-78.574167
2/27/2020,AQS,371830014,2,0.1,ppb,0,Millbrook School,23,96,42401,Sulfur dioxide,39580,"Raleigh, NC",37,North Carolina,183,Wake,35.856111,-78.574167
2/28/2020,AQS,371830014,2,0.3,ppb,0,Millbrook School,23,96,42401,Sulfur dioxide,39580,"Raleigh, NC",37,North Carolina,183,Wake,35.856111,-78.574167
2/29/2020,AQS,371830014,2,0.4,ppb,0,Millbrook School,23,96,42401,Sulfur dioxide,39580,"Raleigh, NC",37,North Carolina,183,Wake,35.856111,-78.574167
3/1/2020,AQS,371830014,2,0.4,ppb,0,Millbrook School,23,96,42401,Sulfur dioxide,39580,"Raleigh, NC",37,North Carolina,183,Wake,35.856111,-78.574167
3/2/2020,AQS,371830014,2,0.4,ppb,0,Millbrook School,23,96,42401,Sulfur dioxide,39580,"Raleigh, NC",37,North Carolina,183,Wake,35.856111,-78.574167
3/3/2020,AQS,371830014,2,0.1,ppb,0,Millbrook School,23,96,42401,Sulfur dioxide,39580,"Raleigh, NC",37,North Carolina,183,Wake,35.856111,-78.574167
3/4/2020,AQS,371830014,2,0.2,ppb,0,Millbrook School,23,96,42401,Sulfur dioxide,39580,"Raleigh, NC",37,North Carolina,183,Wake,35.856111,-78.574167
3/5/2020,AQS,371830014,2,0.5,ppb,0,Millbrook School,23,96,42401,Sulfur dioxide,39580,"Raleigh, NC",37,North Carolina,183,Wake,35.856111,-78.574167
3/6/2020,AQS,371830014,2,0.2,ppb,0,Millbrook School,23,96,42401,Sulfur dioxide,39580,"Raleigh, NC",37,North Carolina,183,Wake,35.856111,-78.574167
3/7/2020,AQS,371830014,2,0.3,ppb,0,Millbrook School,23,96,42401,Sulfur dioxide,39580,"Raleigh, NC",37,North Carolina,183,Wake,35.856111,-78.574167
3/8/2020,AQS,371830014,2,0.4,ppb,0,Millbrook School,23,96,42401,Sulfur dioxide,39580,"Raleigh, NC",37,North Carolina,183,Wake,35.856111,-78.574167
3/9/2020,AQS,371830014,2,0.4,ppb,0,Millbrook School,23,96,42401,Sulfur dioxide,39580,"Raleigh, NC",37,North Carolina,183,Wake,35.856111,-78.574167
3/10/2020,AQS,371830014,2,0.4,ppb,0,Millbrook School,23,96,42401,Sulfur dioxide,39580,"Raleigh, NC",37,North Carolina,183,Wake,35.856111,-78.574167
3/11/2020,AQS,371830014,2,0.3,ppb,0,Millbrook School,23,96,42401,Sulfur dioxide,39580,"Raleigh, NC",37,North Carolina,183,Wake,35.856111,-78.574167
3/12/2020,AQS,371830014,2,0.2,ppb,0,Millbrook School,23,96,42401,Sulfur dioxide,39580,"Raleigh, NC",37,North Carolina,183,Wake,35.856111,-78.574167
3/13/2020,AQS,371830014,2,0.2,ppb,0,Millbrook School,23,96,42401,Sulfur dioxide,39580,"Raleigh, NC",37,North Carolina,183,Wake,35.856111,-78.574167
3/14/2020,AQS,371830014,2,0.5,ppb,0,Millbrook School,23,96,42401,Sulfur dioxide,39580,"Raleigh, NC",37,North Carolina,183,Wake,35.856111,-78.574167
3/15/2020,AQS,371830014,2,0.2,ppb,0,Millbrook School,23,96,42401,Sulfur dioxide,39580,"Raleigh, NC",37,North Carolina,183,Wake,35.856111,-78.574167
3/16/2020,AQS,371830014,2,0.1,ppb,0,Millbrook School,22,92,42401,Sulfur dioxide,39580,"Raleigh, NC",37,North Carolina,183,Wake,35.856111,-78.574167
3/17/2020,AQS,371830014,2,0.1,ppb,0,Millbrook School,23,96,42401,Sulfur dioxide,39580,"Raleigh, NC",37,North Carolina,183,Wake,35.856111,-78.574167
3/18/2020,AQS,371830014,2,0.2,ppb,0,Millbrook School,23,96,42401,Sulfur dioxide,39580,"Raleigh, NC",37,North Carolina,183,Wake,35.856111,-78.574167
3/19/2020,AQS,371830014,2,0.1,ppb,0,Millbrook School,23,96,42401,Sulfur dioxide,39580,"Raleigh, NC",37,North Carolina,183,Wake,35.856111,-78.574167
3/20/2020,AQS,371830014,2,0.2,ppb,0,Millbrook School,23,96,42401,Sulfur dioxide,39580,"Raleigh, NC",37,North Carolina,183,Wake,35.856111,-78.574167
3/21/2020,AQS,371830014,2,0.1,ppb,0,Millbrook School,23,96,42401,Sulfur dioxide,39580,"Raleigh, NC",37,North Carolina,183,Wake,35.856111,-78.574167
3/22/2020,AQS,371830014,2,0.1,ppb,0,Millbrook School,23,96,42401,Sulfur dioxide,39580,"Raleigh, NC",37,North Carolina,183,Wake,35.856111,-78.574167
3/23/2020,AQS,371830014,2,0.1,ppb,0,Millbrook School,23,96,42401,Sulfur dioxide,39580,"Raleigh, NC",37,North Carolina,183,Wake,35.856111,-78.574167
3/24/2020,AQS,371830014,2,0,ppb,0,Millbrook School,23,96,42401,Sulfur dioxide,39580,"Raleigh, NC",37,North Carolina,183,Wake,35.856111,-78.574167
3/25/2020,AQS,371830014,2,0,ppb,0,Millbrook School,23,96,42401,Sulfur dioxide,39580,"Raleigh, NC",37,North Carolina,183,Wake,35.856111,-78.574167
3/26/2020,AQS,371830014,2,0.1,ppb,0,Millbrook School,23,96,42401,Sulfur dioxide,39580,"Raleigh, NC",37,North Carolina,183,Wake,35.856111,-78.574167
3/27/2020,AQS,371830014,2,0.4,ppb,0,Millbrook School,23,96,42401,Sulfur dioxide,39580,"Raleigh, NC",37,North Carolina,183,Wake,35.856111,-78.574167
3/28/2020,AQS,371830014,2,0.3,ppb,0,Millbrook School,23,96,42401,Sulfur dioxide,39580,"Raleigh, NC",37,North Carolina,183,Wake,35.856111,-78.574167
3/29/2020,AQS,371830014,2,0.2,ppb,0,Millbrook School,23,96,42401,Sulfur dioxide,39580,"Raleigh, NC",37,North Carolina,183,Wake,35.856111,-78.574167
3/30/2020,AQS,371830014,2,0.1,ppb,0,Millbrook School,23,96,42401,Sulfur dioxide,39580,"Raleigh, NC",37,North Carolina,183,Wake,35.856111,-78.574167
3/31/2020,AQS,371830014,2,0.7,ppb,0,Millbrook School,23,96,42401,Sulfur dioxide,39580,"Raleigh, NC",37,North Carolina,183,Wake,35.856111,-78.574167
4/1/2020,AQS,371830014,2,0.1,ppb,0,Millbrook School,23,96,42401,Sulfur dioxide,39580,"Raleigh, NC",37,North Carolina,183,Wake,35.856111,-78.574167
4/2/2020,AQS,371830014,2,0.3,ppb,0,Millbrook School,23,96,42401,Sulfur dioxide,39580,"Raleigh, NC",37,North Carolina,183,Wake,35.856111,-78.574167
4/3/2020,AQS,371830014,2,0.3,ppb,0,Millbrook School,23,96,42401,Sulfur dioxide,39580,"Raleigh, NC",37,North Carolina,183,Wake,35.856111,-78.574167
4/4/2020,AQS,371830014,2,1.1,ppb,1,Millbrook School,23,96,42401,Sulfur dioxide,39580,"Raleigh, NC",37,North Carolina,183,Wake,35.856111,-78.574167
4/5/2020,AQS,371830014,2,0.2,ppb,0,Millbrook School,23,96,42401,Sulfur dioxide,39580,"Raleigh, NC",37,North Carolina,183,Wake,35.856111,-78.574167
4/6/2020,AQS,371830014,2,0.3,ppb,0,Millbrook School,23,96,42401,Sulfur dioxide,39580,"Raleigh, NC",37,North Carolina,183,Wake,35.856111,-78.574167
4/7/2020,AQS,371830014,2,0.2,ppb,0,Millbrook School,23,96,42401,Sulfur dioxide,39580,"Raleigh, NC",37,North Carolina,183,Wake,35.856111,-78.574167
4/8/2020,AQS,371830014,2,0.3,ppb,0,Millbrook School,23,96,42401,Sulfur dioxide,39580,"Raleigh, NC",37,North Carolina,183,Wake,35.856111,-78.574167
4/9/2020,AQS,371830014,2,0,ppb,0,Millbrook School,23,96,42401,Sulfur dioxide,39580,"Raleigh, NC",37,North Carolina,183,Wake,35.856111,-78.574167
4/10/2020,AQS,371830014,2,1.4,ppb,1,Millbrook School,23,96,42401,Sulfur dioxide,39580,"Raleigh, NC",37,North Carolina,183,Wake,35.856111,-78.574167
4/11/2020,AQS,371830014,2,1.2,ppb,1,Millbrook School,23,96,42401,Sulfur dioxide,39580,"Raleigh, NC",37,North Carolina,183,Wake,35.856111,-78.574167
4/12/2020,AQS,371830014,2,0.2,ppb,0,Millbrook School,23,96,42401,Sulfur dioxide,39580,"Raleigh, NC",37,North Carolina,183,Wake,35.856111,-78.574167
4/13/2020,AQS,371830014,2,0,ppb,0,Millbrook School,22,92,42401,Sulfur dioxide,39580,"Raleigh, NC",37,North Carolina,183,Wake,35.856111,-78.574167
4/14/2020,AQS,371830014,2,0.2,ppb,0,Millbrook School,23,96,42401,Sulfur dioxide,39580,"Raleigh, NC",37,North Carolina,183,Wake,35.856111,-78.574167
4/15/2020,AQS,371830014,2,0.2,ppb,0,Millbrook School,23,96,42401,Sulfur dioxide,39580,"Raleigh, NC",37,North Carolina,183,Wake,35.856111,-78.574167
4/16/2020,AQS,371830014,2,0.2,ppb,0,Millbrook School,23,96,42401,Sulfur dioxide,39580,"Raleigh, NC",37,North Carolina,183,Wake,35.856111,-78.574167
4/17/2020,AQS,371830014,2,5.7,ppb,7,Millbrook School,23,96,42401,Sulfur dioxide,39580,"Raleigh, NC",37,North Carolina,183,Wake,35.856111,-78.574167
4/18/2020,AQS,371830014,2,0.1,ppb,0,Millbrook School,23,96,42401,Sulfur dioxide,39580,"Raleigh, NC",37,North Carolina,183,Wake,35.856111,-78.574167
4/19/2020,AQS,371830014,2,0.2,ppb,0,Millbrook School,23,96,42401,Sulfur dioxide,39580,"Raleigh, NC",37,North Carolina,183,Wake,35.856111,-78.574167
4/20/2020,AQS,371830014,2,0.1,ppb,0,Millbrook School,23,96,42401,Sulfur dioxide,39580,"Raleigh, NC",37,North Carolina,183,Wake,35.856111,-78.574167
4/21/2020,AQS,371830014,2,0.1,ppb,0,Millbrook School,23,96,42401,Sulfur dioxide,39580,"Raleigh, NC",37,North Carolina,183,Wake,35.856111,-78.574167
4/22/2020,AQS,371830014,2,0.2,ppb,0,Millbrook School,23,96,42401,Sulfur dioxide,39580,"Raleigh, NC",37,North Carolina,183,Wake,35.856111,-78.574167
4/23/2020,AQS,371830014,2,0.3,ppb,0,Millbrook School,23,96,42401,Sulfur dioxide,39580,"Raleigh, NC",37,North Carolina,183,Wake,35.856111,-78.574167
4/24/2020,AQS,371830014,2,0.1,ppb,0,Millbrook School,23,96,42401,Sulfur dioxide,39580,"Raleigh, NC",37,North Carolina,183,Wake,35.856111,-78.574167
4/25/2020,AQS,371830014,2,0,ppb,0,Millbrook School,23,96,42401,Sulfur dioxide,39580,"Raleigh, NC",37,North Carolina,183,Wake,35.856111,-78.574167
4/26/2020,AQS,371830014,2,0,ppb,0,Millbrook School,23,96,42401,Sulfur dioxide,39580,"Raleigh, NC",37,North Carolina,183,Wake,35.856111,-78.574167
4/27/2020,AQS,371830014,2,0.3,ppb,0,Millbrook School,20,83,42401,Sulfur dioxide,39580,"Raleigh, NC",37,North Carolina,183,Wake,35.856111,-78.574167
4/28/2020,AQS,371830014,2,0.4,ppb,0,Millbrook School,23,96,42401,Sulfur dioxide,39580,"Raleigh, NC",37,North Carolina,183,Wake,35.856111,-78.574167
4/29/2020,AQS,371830014,2,0.2,ppb,0,Millbrook School,23,96,42401,Sulfur dioxide,39580,"Raleigh, NC",37,North Carolina,183,Wake,35.856111,-78.574167
4/30/2020,AQS,371830014,2,0,ppb,0,Millbrook School,23,96,42401,Sulfur dioxide,39580,"Raleigh, NC",37,North Carolina,183,Wake,35.856111,-78.574167
5/1/2020,AQS,371830014,2,0,ppb,0,Millbrook School,23,96,42401,Sulfur dioxide,39580,"Raleigh, NC",37,North Carolina,183,Wake,35.856111,-78.574167
5/2/2020,AQS,371830014,2,0.2,ppb,0,Millbrook School,23,96,42401,Sulfur dioxide,39580,"Raleigh, NC",37,North Carolina,183,Wake,35.856111,-78.574167
5/3/2020,AQS,371830014,2,0.2,ppb,0,Millbrook School,23,96,42401,Sulfur dioxide,39580,"Raleigh, NC",37,North Carolina,183,Wake,35.856111,-78.574167
5/4/2020,AQS,371830014,2,0.2,ppb,0,Millbrook School,23,96,42401,Sulfur dioxide,39580,"Raleigh, NC",37,North Carolina,183,Wake,35.856111,-78.574167
5/5/2020,AQS,371830014,2,0.3,ppb,0,Millbrook School,23,96,42401,Sulfur dioxide,39580,"Raleigh, NC",37,North Carolina,183,Wake,35.856111,-78.574167
5/6/2020,AQS,371830014,2,0,ppb,0,Millbrook School,23,96,42401,Sulfur dioxide,39580,"Raleigh, NC",37,North Carolina,183,Wake,35.856111,-78.574167
5/7/2020,AQS,371830014,2,0.3,ppb,0,Millbrook School,22,92,42401,Sulfur dioxide,39580,"Raleigh, NC",37,North Carolina,183,Wake,35.856111,-78.574167
5/8/2020,AQS,371830014,2,0.2,ppb,0,Millbrook School,23,96,42401,Sulfur dioxide,39580,"Raleigh, NC",37,North Carolina,183,Wake,35.856111,-78.574167
5/9/2020,AQS,371830014,2,0.3,ppb,0,Millbrook School,23,96,42401,Sulfur dioxide,39580,"Raleigh, NC",37,North Carolina,183,Wake,35.856111,-78.574167
5/10/2020,AQS,371830014,2,0.4,ppb,0,Millbrook School,23,96,42401,Sulfur dioxide,39580,"Raleigh, NC",37,North Carolina,183,Wake,35.856111,-78.574167
5/11/2020,AQS,371830014,2,0.2,ppb,0,Millbrook School,23,96,42401,Sulfur dioxide,39580,"Raleigh, NC",37,North Carolina,183,Wake,35.856111,-78.574167
5/12/2020,AQS,371830014,2,0.2,ppb,0,Millbrook School,23,96,42401,Sulfur dioxide,39580,"Raleigh, NC",37,North Carolina,183,Wake,35.856111,-78.574167
5/13/2020,AQS,371830014,2,0.3,ppb,0,Millbrook School,23,96,42401,Sulfur dioxide,39580,"Raleigh, NC",37,North Carolina,183,Wake,35.856111,-78.574167
5/14/2020,AQS,371830014,2,0.2,ppb,0,Millbrook School,23,96,42401,Sulfur dioxide,39580,"Raleigh, NC",37,North Carolina,183,Wake,35.856111,-78.574167
5/15/2020,AQS,371830014,2,0.1,ppb,0,Millbrook School,23,96,42401,Sulfur dioxide,39580,"Raleigh, NC",37,North Carolina,183,Wake,35.856111,-78.574167
5/16/2020,AQS,371830014,2,0.1,ppb,0,Millbrook School,23,96,42401,Sulfur dioxide,39580,"Raleigh, NC",37,North Carolina,183,Wake,35.856111,-78.574167
5/17/2020,AQS,371830014,2,0,ppb,0,Millbrook School,23,96,42401,Sulfur dioxide,39580,"Raleigh, NC",37,North Carolina,183,Wake,35.856111,-78.574167
5/18/2020,AQS,371830014,2,0,ppb,0,Millbrook School,23,96,42401,Sulfur dioxide,39580,"Raleigh, NC",37,North Carolina,183,Wake,35.856111,-78.574167
5/19/2020,AQS,371830014,2,0,ppb,0,Millbrook School,23,96,42401,Sulfur dioxide,39580,"Raleigh, NC",37,North Carolina,183,Wake,35.856111,-78.574167
5/20/2020,AQS,371830014,2,0,ppb,0,Millbrook School,23,96,42401,Sulfur dioxide,39580,"Raleigh, NC",37,North Carolina,183,Wake,35.856111,-78.574167
5/21/2020,AQS,371830014,2,0,ppb,0,Millbrook School,23,96,42401,Sulfur dioxide,39580,"Raleigh, NC",37,North Carolina,183,Wake,35.856111,-78.574167
5/22/2020,AQS,371830014,2,0,ppb,0,Millbrook School,23,96,42401,Sulfur dioxide,39580,"Raleigh, NC",37,North Carolina,183,Wake,35.856111,-78.574167
5/23/2020,AQS,371830014,2,0.1,ppb,0,Millbrook School,23,96,42401,Sulfur dioxide,39580,"Raleigh, NC",37,North Carolina,183,Wake,35.856111,-78.574167
5/24/2020,AQS,371830014,2,0.1,ppb,0,Millbrook School,23,96,42401,Sulfur dioxide,39580,"Raleigh, NC",37,North Carolina,183,Wake,35.856111,-78.574167
5/25/2020,AQS,371830014,2,0.1,ppb,0,Millbrook School,23,96,42401,Sulfur dioxide,39580,"Raleigh, NC",37,North Carolina,183,Wake,35.856111,-78.574167
5/26/2020,AQS,371830014,2,0,ppb,0,Millbrook School,23,96,42401,Sulfur dioxide,39580,"Raleigh, NC",37,North Carolina,183,Wake,35.856111,-78.574167
5/27/2020,AQS,371830014,2,0,ppb,0,Millbrook School,23,96,42401,Sulfur dioxide,39580,"Raleigh, NC",37,North Carolina,183,Wake,35.856111,-78.574167
5/28/2020,AQS,371830014,2,0,ppb,0,Millbrook School,23,96,42401,Sulfur dioxide,39580,"Raleigh, NC",37,North Carolina,183,Wake,35.856111,-78.574167
5/29/2020,AQS,371830014,2,0,ppb,0,Millbrook School,23,96,42401,Sulfur dioxide,39580,"Raleigh, NC",37,North Carolina,183,Wake,35.856111,-78.574167
5/30/2020,AQS,371830014,2,0.1,ppb,0,Millbrook School,23,96,42401,Sulfur dioxide,39580,"Raleigh, NC",37,North Carolina,183,Wake,35.856111,-78.574167
5/31/2020,AQS,371830014,2,0.1,ppb,0,Millbrook School,23,96,42401,Sulfur dioxide,39580,"Raleigh, NC",37,North Carolina,183,Wake,35.856111,-78.574167
6/1/2020,AQS,371830014,2,0.1,ppb,0,Millbrook School,23,96,42401,Sulfur dioxide,39580,"Raleigh, NC",37,North Carolina,183,Wake,35.856111,-78.574167
6/2/2020,AQS,371830014,2,0.2,ppb,0,Millbrook School,23,96,42401,Sulfur dioxide,39580,"Raleigh, NC",37,North Carolina,183,Wake,35.856111,-78.574167
6/3/2020,AQS,371830014,2,0.1,ppb,0,Millbrook School,22,92,42401,Sulfur dioxide,39580,"Raleigh, NC",37,North Carolina,183,Wake,35.856111,-78.574167
6/4/2020,AQS,371830014,2,0.1,ppb,0,Millbrook School,23,96,42401,Sulfur dioxide,39580,"Raleigh, NC",37,North Carolina,183,Wake,35.856111,-78.574167
6/5/2020,AQS,371830014,2,0.1,ppb,0,Millbrook School,20,83,42401,Sulfur dioxide,39580,"Raleigh, NC",37,North Carolina,183,Wake,35.856111,-78.574167
6/6/2020,AQS,371830014,2,0.5,ppb,0,Millbrook School,23,96,42401,Sulfur dioxide,39580,"Raleigh, NC",37,North Carolina,183,Wake,35.856111,-78.574167
6/7/2020,AQS,371830014,2,0.4,ppb,0,Millbrook School,23,96,42401,Sulfur dioxide,39580,"Raleigh, NC",37,North Carolina,183,Wake,35.856111,-78.574167
6/8/2020,AQS,371830014,2,0.2,ppb,0,Millbrook School,23,96,42401,Sulfur dioxide,39580,"Raleigh, NC",37,North Carolina,183,Wake,35.856111,-78.574167
6/10/2020,AQS,371830014,2,0,ppb,0,Millbrook School,23,96,42401,Sulfur dioxide,39580,"Raleigh, NC",37,North Carolina,183,Wake,35.856111,-78.574167
6/11/2020,AQS,371830014,2,0,ppb,0,Millbrook School,19,79,42401,Sulfur dioxide,39580,"Raleigh, NC",37,North Carolina,183,Wake,35.856111,-78.574167
6/12/2020,AQS,371830014,2,0,ppb,0,Millbrook School,23,96,42401,Sulfur dioxide,39580,"Raleigh, NC",37,North Carolina,183,Wake,35.856111,-78.574167
6/13/2020,AQS,371830014,2,0.1,ppb,0,Millbrook School,23,96,42401,Sulfur dioxide,39580,"Raleigh, NC",37,North Carolina,183,Wake,35.856111,-78.574167
6/14/2020,AQS,371830014,2,0.6,ppb,0,Millbrook School,23,96,42401,Sulfur dioxide,39580,"Raleigh, NC",37,North Carolina,183,Wake,35.856111,-78.574167
6/15/2020,AQS,371830014,2,0,ppb,0,Millbrook School,23,96,42401,Sulfur dioxide,39580,"Raleigh, NC",37,North Carolina,183,Wake,35.856111,-78.574167
6/16/2020,AQS,371830014,2,0,ppb,0,Millbrook School,23,96,42401,Sulfur dioxide,39580,"Raleigh, NC",37,North Carolina,183,Wake,35.856111,-78.574167
6/17/2020,AQS,371830014,2,0,ppb,0,Millbrook School,23,96,42401,Sulfur dioxide,39580,"Raleigh, NC",37,North Carolina,183,Wake,35.856111,-78.574167
6/18/2020,AQS,371830014,2,0,ppb,0,Millbrook School,23,96,42401,Sulfur dioxide,39580,"Raleigh, NC",37,North Carolina,183,Wake,35.856111,-78.574167
6/19/2020,AQS,371830014,2,0,ppb,0,Millbrook School,23,96,42401,Sulfur dioxide,39580,"Raleigh, NC",37,North Carolina,183,Wake,35.856111,-78.574167
6/20/2020,AQS,371830014,2,0,ppb,0,Millbrook School,23,96,42401,Sulfur dioxide,39580,"Raleigh, NC",37,North Carolina,183,Wake,35.856111,-78.574167
6/21/2020,AQS,371830014,2,0.3,ppb,0,Millbrook School,23,96,42401,Sulfur dioxide,39580,"Raleigh, NC",37,North Carolina,183,Wake,35.856111,-78.574167
6/22/2020,AQS,371830014,2,0,ppb,0,Millbrook School,23,96,42401,Sulfur dioxide,39580,"Raleigh, NC",37,North Carolina,183,Wake,35.856111,-78.574167
6/23/2020,AQS,371830014,2,0,ppb,0,Millbrook School,23,96,42401,Sulfur dioxide,39580,"Raleigh, NC",37,North Carolina,183,Wake,35.856111,-78.574167
6/24/2020,AQS,371830014,2,0.1,ppb,0,Millbrook School,23,96,42401,Sulfur dioxide,39580,"Raleigh, NC",37,North Carolina,183,Wake,35.856111,-78.574167
6/25/2020,AQS,371830014,2,0,ppb,0,Millbrook School,23,96,42401,Sulfur dioxide,39580,"Raleigh, NC",37,North Carolina,183,Wake,35.856111,-78.574167
6/26/2020,AQS,371830014,2,0.7,ppb,0,Millbrook School,23,96,42401,Sulfur dioxide,39580,"Raleigh, NC",37,North Carolina,183,Wake,35.856111,-78.574167
6/27/2020,AQS,371830014,2,0.1,ppb,0,Millbrook School,23,96,42401,Sulfur dioxide,39580,"Raleigh, NC",37,North Carolina,183,Wake,35.856111,-78.574167
6/28/2020,AQS,371830014,2,0.2,ppb,0,Millbrook School,23,96,42401,Sulfur dioxide,39580,"Raleigh, NC",37,North Carolina,183,Wake,35.856111,-78.574167
6/29/2020,AQS,371830014,2,0.1,ppb,0,Millbrook School,23,96,42401,Sulfur dioxide,39580,"Raleigh, NC",37,North Carolina,183,Wake,35.856111,-78.574167
6/30/2020,AQS,371830014,2,0.1,ppb,0,Millbrook School,23,96,42401,Sulfur dioxide,39580,"Raleigh, NC",37,North Carolina,183,Wake,35.856111,-78.574167
7/1/2020,AQS,371830014,2,0.2,ppb,0,Millbrook School,21,88,42401,Sulfur dioxide,39580,"Raleigh, NC",37,North Carolina,183,Wake,35.856111,-78.574167
7/2/2020,AQS,371830014,2,0.3,ppb,0,Millbrook School,23,96,42401,Sulfur dioxide,39580,"Raleigh, NC",37,North Carolina,183,Wake,35.856111,-78.574167
7/3/2020,AQS,371830014,2,0.2,ppb,0,Millbrook School,23,96,42401,Sulfur dioxide,39580,"Raleigh, NC",37,North Carolina,183,Wake,35.856111,-78.574167
7/4/2020,AQS,371830014,2,0.6,ppb,0,Millbrook School,23,96,42401,Sulfur dioxide,39580,"Raleigh, NC",37,North Carolina,183,Wake,35.856111,-78.574167
7/5/2020,AQS,371830014,2,0,ppb,0,Millbrook School,23,96,42401,Sulfur dioxide,39580,"Raleigh, NC",37,North Carolina,183,Wake,35.856111,-78.574167
7/6/2020,AQS,371830014,2,0,ppb,0,Millbrook School,23,96,42401,Sulfur dioxide,39580,"Raleigh, NC",37,North Carolina,183,Wake,35.856111,-78.574167
7/7/2020,AQS,371830014,2,0,ppb,0,Millbrook School,23,96,42401,Sulfur dioxide,39580,"Raleigh, NC",37,North Carolina,183,Wake,35.856111,-78.574167
7/8/2020,AQS,371830014,2,0,ppb,0,Millbrook School,23,96,42401,Sulfur dioxide,39580,"Raleigh, NC",37,North Carolina,183,Wake,35.856111,-78.574167
7/9/2020,AQS,371830014,2,0,ppb,0,Millbrook School,23,96,42401,Sulfur dioxide,39580,"Raleigh, NC",37,North Carolina,183,Wake,35.856111,-78.574167
7/10/2020,AQS,371830014,2,0,ppb,0,Millbrook School,23,96,42401,Sulfur dioxide,39580,"Raleigh, NC",37,North Carolina,183,Wake,35.856111,-78.574167
7/11/2020,AQS,371830014,2,0,ppb,0,Millbrook School,23,96,42401,Sulfur dioxide,39580,"Raleigh, NC",37,North Carolina,183,Wake,35.856111,-78.574167
7/12/2020,AQS,371830014,2,0.5,ppb,0,Millbrook School,23,96,42401,Sulfur dioxide,39580,"Raleigh, NC",37,North Carolina,183,Wake,35.856111,-78.574167
7/13/2020,AQS,371830014,2,0.2,ppb,0,Millbrook School,23,96,42401,Sulfur dioxide,39580,"Raleigh, NC",37,North Carolina,183,Wake,35.856111,-78.574167
7/14/2020,AQS,371830014,2,0.6,ppb,0,Millbrook School,23,96,42401,Sulfur dioxide,39580,"Raleigh, NC",37,North Carolina,183,Wake,35.856111,-78.574167
7/15/2020,AQS,371830014,2,0.1,ppb,0,Millbrook School,23,96,42401,Sulfur dioxide,39580,"Raleigh, NC",37,North Carolina,183,Wake,35.856111,-78.574167
7/16/2020,AQS,371830014,2,0.1,ppb,0,Millbrook School,23,96,42401,Sulfur dioxide,39580,"Raleigh, NC",37,North Carolina,183,Wake,35.856111,-78.574167
7/17/2020,AQS,371830014,2,0.2,ppb,0,Millbrook School,23,96,42401,Sulfur dioxide,39580,"Raleigh, NC",37,North Carolina,183,Wake,35.856111,-78.574167
7/18/2020,AQS,371830014,2,0.1,ppb,0,Millbrook School,23,96,42401,Sulfur dioxide,39580,"Raleigh, NC",37,North Carolina,183,Wake,35.856111,-78.574167
7/19/2020,AQS,371830014,2,0.1,ppb,0,Millbrook School,23,96,42401,Sulfur dioxide,39580,"Raleigh, NC",37,North Carolina,183,Wake,35.856111,-78.574167
7/20/2020,AQS,371830014,2,0.3,ppb,0,Millbrook School,23,96,42401,Sulfur dioxide,39580,"Raleigh, NC",37,North Carolina,183,Wake,35.856111,-78.574167
7/21/2020,AQS,371830014,2,0.1,ppb,0,Millbrook School,23,96,42401,Sulfur dioxide,39580,"Raleigh, NC",37,North Carolina,183,Wake,35.856111,-78.574167
7/22/2020,AQS,371830014,2,0.1,ppb,0,Millbrook School,23,96,42401,Sulfur dioxide,39580,"Raleigh, NC",37,North Carolina,183,Wake,35.856111,-78.574167
7/23/2020,AQS,371830014,2,0,ppb,0,Millbrook School,23,96,42401,Sulfur dioxide,39580,"Raleigh, NC",37,North Carolina,183,Wake,35.856111,-78.574167
7/24/2020,AQS,371830014,2,0,ppb,0,Millbrook School,23,96,42401,Sulfur dioxide,39580,"Raleigh, NC",37,North Carolina,183,Wake,35.856111,-78.574167
7/25/2020,AQS,371830014,2,0,ppb,0,Millbrook School,23,96,42401,Sulfur dioxide,39580,"Raleigh, NC",37,North Carolina,183,Wake,35.856111,-78.574167
7/26/2020,AQS,371830014,2,0.2,ppb,0,Millbrook School,23,96,42401,Sulfur dioxide,39580,"Raleigh, NC",37,North Carolina,183,Wake,35.856111,-78.574167
7/27/2020,AQS,371830014,2,0.2,ppb,0,Millbrook School,24,100,42401,Sulfur dioxide,39580,"Raleigh, NC",37,North Carolina,183,Wake,35.856111,-78.574167
7/28/2020,AQS,371830014,2,0.2,ppb,0,Millbrook School,23,96,42401,Sulfur dioxide,39580,"Raleigh, NC",37,North Carolina,183,Wake,35.856111,-78.574167
7/29/2020,AQS,371830014,2,0.1,ppb,0,Millbrook School,22,92,42401,Sulfur dioxide,39580,"Raleigh, NC",37,North Carolina,183,Wake,35.856111,-78.574167
7/30/2020,AQS,371830014,2,0,ppb,0,Millbrook School,23,96,42401,Sulfur dioxide,39580,"Raleigh, NC",37,North Carolina,183,Wake,35.856111,-78.574167
8/5/2020,AQS,371830014,2,0,ppb,0,Millbrook School,23,96,42401,Sulfur dioxide,39580,"Raleigh, NC",37,North Carolina,183,Wake,35.856111,-78.574167
8/6/2020,AQS,371830014,2,0,ppb,0,Millbrook School,23,96,42401,Sulfur dioxide,39580,"Raleigh, NC",37,North Carolina,183,Wake,35.856111,-78.574167
8/7/2020,AQS,371830014,2,0,ppb,0,Millbrook School,23,96,42401,Sulfur dioxide,39580,"Raleigh, NC",37,North Carolina,183,Wake,35.856111,-78.574167
8/8/2020,AQS,371830014,2,0,ppb,0,Millbrook School,23,96,42401,Sulfur dioxide,39580,"Raleigh, NC",37,North Carolina,183,Wake,35.856111,-78.574167
8/9/2020,AQS,371830014,2,0,ppb,0,Millbrook School,23,96,42401,Sulfur dioxide,39580,"Raleigh, NC",37,North Carolina,183,Wake,35.856111,-78.574167
8/10/2020,AQS,371830014,2,0,ppb,0,Millbrook School,23,96,42401,Sulfur dioxide,39580,"Raleigh, NC",37,North Carolina,183,Wake,35.856111,-78.574167
8/11/2020,AQS,371830014,2,0,ppb,0,Millbrook School,23,96,42401,Sulfur dioxide,39580,"Raleigh, NC",37,North Carolina,183,Wake,35.856111,-78.574167
8/12/2020,AQS,371830014,2,0,ppb,0,Millbrook School,23,96,42401,Sulfur dioxide,39580,"Raleigh, NC",37,North Carolina,183,Wake,35.856111,-78.574167
8/13/2020,AQS,371830014,2,0,ppb,0,Millbrook School,23,96,42401,Sulfur dioxide,39580,"Raleigh, NC",37,North Carolina,183,Wake,35.856111,-78.574167
8/14/2020,AQS,371830014,2,0,ppb,0,Millbrook School,23,96,42401,Sulfur dioxide,39580,"Raleigh, NC",37,North Carolina,183,Wake,35.856111,-78.574167
8/15/2020,AQS,371830014,2,0,ppb,0,Millbrook School,23,96,42401,Sulfur dioxide,39580,"Raleigh, NC",37,North Carolina,183,Wake,35.856111,-78.574167
8/16/2020,AQS,371830014,2,0,ppb,0,Millbrook School,23,96,42401,Sulfur dioxide,39580,"Raleigh, NC",37,North Carolina,183,Wake,35.856111,-78.574167
8/17/2020,AQS,371830014,2,0,ppb,0,Millbrook School,23,96,42401,Sulfur dioxide,39580,"Raleigh, NC",37,North Carolina,183,Wake,35.856111,-78.574167
8/18/2020,AQS,371830014,2,0.1,ppb,0,Millbrook School,23,96,42401,Sulfur dioxide,39580,"Raleigh, NC",37,North Carolina,183,Wake,35.856111,-78.574167
8/19/2020,AQS,371830014,2,0,ppb,0,Millbrook School,23,96,42401,Sulfur dioxide,39580,"Raleigh, NC",37,North Carolina,183,Wake,35.856111,-78.574167
8/20/2020,AQS,371830014,2,0,ppb,0,Millbrook School,23,96,42401,Sulfur dioxide,39580,"Raleigh, NC",37,North Carolina,183,Wake,35.856111,-78.574167
8/21/2020,AQS,371830014,2,0,ppb,0,Millbrook School,23,96,42401,Sulfur dioxide,39580,"Raleigh, NC",37,North Carolina,183,Wake,35.856111,-78.574167
8/22/2020,AQS,371830014,2,0,ppb,0,Millbrook School,23,96,42401,Sulfur dioxide,39580,"Raleigh, NC",37,North Carolina,183,Wake,35.856111,-78.574167
8/23/2020,AQS,371830014,2,0,ppb,0,Millbrook School,23,96,42401,Sulfur dioxide,39580,"Raleigh, NC",37,North Carolina,183,Wake,35.856111,-78.574167
8/24/2020,AQS,371830014,2,0.1,ppb,0,Millbrook School,23,96,42401,Sulfur dioxide,39580,"Raleigh, NC",37,North Carolina,183,Wake,35.856111,-78.574167
8/25/2020,AQS,371830014,2,0,ppb,0,Millbrook School,23,96,42401,Sulfur dioxide,39580,"Raleigh, NC",37,North Carolina,183,Wake,35.856111,-78.574167
8/26/2020,AQS,371830014,2,0.6,ppb,0,Millbrook School,21,88,42401,Sulfur dioxide,39580,"Raleigh, NC",37,North Carolina,183,Wake,35.856111,-78.574167
9/1/2020,AQS,371830014,2,0.2,ppb,0,Millbrook School,23,96,42401,Sulfur dioxide,39580,"Raleigh, NC",37,North Carolina,183,Wake,35.856111,-78.574167
9/2/2020,AQS,371830014,2,0.3,ppb,0,Millbrook School,23,96,42401,Sulfur dioxide,39580,"Raleigh, NC",37,North Carolina,183,Wake,35.856111,-78.574167
9/3/2020,AQS,371830014,2,0.4,ppb,0,Millbrook School,23,96,42401,Sulfur dioxide,39580,"Raleigh, NC",37,North Carolina,183,Wake,35.856111,-78.574167
9/4/2020,AQS,371830014,2,0.2,ppb,0,Millbrook School,23,96,42401,Sulfur dioxide,39580,"Raleigh, NC",37,North Carolina,183,Wake,35.856111,-78.574167
9/5/2020,AQS,371830014,2,0.5,ppb,0,Millbrook School,23,96,42401,Sulfur dioxide,39580,"Raleigh, NC",37,North Carolina,183,Wake,35.856111,-78.574167
9/6/2020,AQS,371830014,2,0.3,ppb,0,Millbrook School,23,96,42401,Sulfur dioxide,39580,"Raleigh, NC",37,North Carolina,183,Wake,35.856111,-78.574167
9/7/2020,AQS,371830014,2,0.3,ppb,0,Millbrook School,23,96,42401,Sulfur dioxide,39580,"Raleigh, NC",37,North Carolina,183,Wake,35.856111,-78.574167
9/8/2020,AQS,371830014,2,0.2,ppb,0,Millbrook School,23,96,42401,Sulfur dioxide,39580,"Raleigh, NC",37,North Carolina,183,Wake,35.856111,-78.574167
9/9/2020,AQS,371830014,2,0.1,ppb,0,Millbrook School,23,96,42401,Sulfur dioxide,39580,"Raleigh, NC",37,North Carolina,183,Wake,35.856111,-78.574167
9/10/2020,AQS,371830014,2,0.2,ppb,0,Millbrook School,23,96,42401,Sulfur dioxide,39580,"Raleigh, NC",37,North Carolina,183,Wake,35.856111,-78.574167
9/11/2020,AQS,371830014,2,0.1,ppb,0,Millbrook School,23,96,42401,Sulfur dioxide,39580,"Raleigh, NC",37,North Carolina,183,Wake,35.856111,-78.574167
9/12/2020,AQS,371830014,2,0,ppb,0,Millbrook School,23,96,42401,Sulfur dioxide,39580,"Raleigh, NC",37,North Carolina,183,Wake,35.856111,-78.574167
9/13/2020,AQS,371830014,2,0.2,ppb,0,Millbrook School,23,96,42401,Sulfur dioxide,39580,"Raleigh, NC",37,North Carolina,183,Wake,35.856111,-78.574167
9/14/2020,AQS,371830014,2,0.2,ppb,0,Millbrook School,23,96,42401,Sulfur dioxide,39580,"Raleigh, NC",37,North Carolina,183,Wake,35.856111,-78.574167
9/15/2020,AQS,371830014,2,0.5,ppb,0,Millbrook School,23,96,42401,Sulfur dioxide,39580,"Raleigh, NC",37,North Carolina,183,Wake,35.856111,-78.574167
9/16/2020,AQS,371830014,2,0.1,ppb,0,Millbrook School,23,96,42401,Sulfur dioxide,39580,"Raleigh, NC",37,North Carolina,183,Wake,35.856111,-78.574167
9/17/2020,AQS,371830014,2,0.1,ppb,0,Millbrook School,23,96,42401,Sulfur dioxide,39580,"Raleigh, NC",37,North Carolina,183,Wake,35.856111,-78.574167
9/18/2020,AQS,371830014,2,0.4,ppb,0,Millbrook School,23,96,42401,Sulfur dioxide,39580,"Raleigh, NC",37,North Carolina,183,Wake,35.856111,-78.574167
9/19/2020,AQS,371830014,2,0.5,ppb,0,Millbrook School,23,96,42401,Sulfur dioxide,39580,"Raleigh, NC",37,North Carolina,183,Wake,35.856111,-78.574167
9/20/2020,AQS,371830014,2,0.4,ppb,0,Millbrook School,23,96,42401,Sulfur dioxide,39580,"Raleigh, NC",37,North Carolina,183,Wake,35.856111,-78.574167
9/21/2020,AQS,371830014,2,0.2,ppb,0,Millbrook School,23,96,42401,Sulfur dioxide,39580,"Raleigh, NC",37,North Carolina,183,Wake,35.856111,-78.574167
9/22/2020,AQS,371830014,2,0.2,ppb,0,Millbrook School,23,96,42401,Sulfur dioxide,39580,"Raleigh, NC",37,North Carolina,183,Wake,35.856111,-78.574167
9/23/2020,AQS,371830014,2,0.3,ppb,0,Millbrook School,22,92,42401,Sulfur dioxide,39580,"Raleigh, NC",37,North Carolina,183,Wake,35.856111,-78.574167
9/24/2020,AQS,371830014,2,0.1,ppb,0,Millbrook School,23,96,42401,Sulfur dioxide,39580,"Raleigh, NC",37,North Carolina,183,Wake,35.856111,-78.574167
9/25/2020,AQS,371830014,2,0,ppb,0,Millbrook School,23,96,42401,Sulfur dioxide,39580,"Raleigh, NC",37,North Carolina,183,Wake,35.856111,-78.574167
9/26/2020,AQS,371830014,2,0,ppb,0,Millbrook School,23,96,42401,Sulfur dioxide,39580,"Raleigh, NC",37,North Carolina,183,Wake,35.856111,-78.574167
9/27/2020,AQS,371830014,2,0,ppb,0,Millbrook School,23,96,42401,Sulfur dioxide,39580,"Raleigh, NC",37,North Carolina,183,Wake,35.856111,-78.574167
9/28/2020,AQS,371830014,2,0,ppb,0,Millbrook School,23,96,42401,Sulfur dioxide,39580,"Raleigh, NC",37,North Carolina,183,Wake,35.856111,-78.574167
9/29/2020,AQS,371830014,2,0,ppb,0,Millbrook School,23,96,42401,Sulfur dioxide,39580,"Raleigh, NC",37,North Carolina,183,Wake,35.856111,-78.574167
9/30/2020,AQS,371830014,2,0,ppb,0,Millbrook School,23,96,42401,Sulfur dioxide,39580,"Raleigh, NC",37,North Carolina,183,Wake,35.856111,-78.574167
10/1/2020,AQS,371830014,2,0.1,ppb,0,Millbrook School,23,96,42401,Sulfur dioxide,39580,"Raleigh, NC",37,North Carolina,183,Wake,35.856111,-78.574167
10/2/2020,AQS,371830014,2,0.1,ppb,0,Millbrook School,23,96,42401,Sulfur dioxide,39580,"Raleigh, NC",37,North Carolina,183,Wake,35.856111,-78.574167
10/3/2020,AQS,371830014,2,0.1,ppb,0,Millbrook School,23,96,42401,Sulfur dioxide,39580,"Raleigh, NC",37,North Carolina,183,Wake,35.856111,-78.574167
10/4/2020,AQS,371830014,2,0.3,ppb,0,Millbrook School,23,96,42401,Sulfur dioxide,39580,"Raleigh, NC",37,North Carolina,183,Wake,35.856111,-78.574167
10/5/2020,AQS,371830014,2,0.1,ppb,0,Millbrook School,23,96,42401,Sulfur dioxide,39580,"Raleigh, NC",37,North Carolina,183,Wake,35.856111,-78.574167
10/6/2020,AQS,371830014,2,0.1,ppb,0,Millbrook School,23,96,42401,Sulfur dioxide,39580,"Raleigh, NC",37,North Carolina,183,Wake,35.856111,-78.574167
10/7/2020,AQS,371830014,2,0.2,ppb,0,Millbrook School,23,96,42401,Sulfur dioxide,39580,"Raleigh, NC",37,North Carolina,183,Wake,35.856111,-78.574167
10/8/2020,AQS,371830014,2,0.7,ppb,0,Millbrook School,23,96,42401,Sulfur dioxide,39580,"Raleigh, NC",37,North Carolina,183,Wake,35.856111,-78.574167
10/9/2020,AQS,371830014,2,0.1,ppb,0,Millbrook School,23,96,42401,Sulfur dioxide,39580,"Raleigh, NC",37,North Carolina,183,Wake,35.856111,-78.574167
10/10/2020,AQS,371830014,2,0,ppb,0,Millbrook School,23,96,42401,Sulfur dioxide,39580,"Raleigh, NC",37,North Carolina,183,Wake,35.856111,-78.574167
10/11/2020,AQS,371830014,2,0,ppb,0,Millbrook School,23,96,42401,Sulfur dioxide,39580,"Raleigh, NC",37,North Carolina,183,Wake,35.856111,-78.574167
10/12/2020,AQS,371830014,2,0.1,ppb,0,Millbrook School,23,96,42401,Sulfur dioxide,39580,"Raleigh, NC",37,North Carolina,183,Wake,35.856111,-78.574167
10/13/2020,AQS,371830014,2,0.2,ppb,0,Millbrook School,23,96,42401,Sulfur dioxide,39580,"Raleigh, NC",37,North Carolina,183,Wake,35.856111,-78.574167
10/14/2020,AQS,371830014,2,0.8,ppb,0,Millbrook School,23,96,42401,Sulfur dioxide,39580,"Raleigh, NC",37,North Carolina,183,Wake,35.856111,-78.574167
10/15/2020,AQS,371830014,2,0.1,ppb,0,Millbrook School,23,96,42401,Sulfur dioxide,39580,"Raleigh, NC",37,North Carolina,183,Wake,35.856111,-78.574167
10/16/2020,AQS,371830014,2,0,ppb,0,Millbrook School,23,96,42401,Sulfur dioxide,39580,"Raleigh, NC",37,North Carolina,183,Wake,35.856111,-78.574167
10/17/2020,AQS,371830014,2,0.1,ppb,0,Millbrook School,23,96,42401,Sulfur dioxide,39580,"Raleigh, NC",37,North Carolina,183,Wake,35.856111,-78.574167
10/18/2020,AQS,371830014,2,0.2,ppb,0,Millbrook School,23,96,42401,Sulfur dioxide,39580,"Raleigh, NC",37,North Carolina,183,Wake,35.856111,-78.574167
10/19/2020,AQS,371830014,2,0,ppb,0,Millbrook School,23,96,42401,Sulfur dioxide,39580,"Raleigh, NC",37,North Carolina,183,Wake,35.856111,-78.574167
10/20/2020,AQS,371830014,2,0.1,ppb,0,Millbrook School,23,96,42401,Sulfur dioxide,39580,"Raleigh, NC",37,North Carolina,183,Wake,35.856111,-78.574167
10/21/2020,AQS,371830014,2,0,ppb,0,Millbrook School,21,88,42401,Sulfur dioxide,39580,"Raleigh, NC",37,North Carolina,183,Wake,35.856111,-78.574167
10/22/2020,AQS,371830014,2,0.2,ppb,0,Millbrook School,23,96,42401,Sulfur dioxide,39580,"Raleigh, NC",37,North Carolina,183,Wake,35.856111,-78.574167
10/23/2020,AQS,371830014,2,0.3,ppb,0,Millbrook School,23,96,42401,Sulfur dioxide,39580,"Raleigh, NC",37,North Carolina,183,Wake,35.856111,-78.574167
10/24/2020,AQS,371830014,2,0.1,ppb,0,Millbrook School,23,96,42401,Sulfur dioxide,39580,"Raleigh, NC",37,North Carolina,183,Wake,35.856111,-78.574167
10/25/2020,AQS,371830014,2,0,ppb,0,Millbrook School,23,96,42401,Sulfur dioxide,39580,"Raleigh, NC",37,North Carolina,183,Wake,35.856111,-78.574167
10/26/2020,AQS,371830014,2,0,ppb,0,Millbrook School,23,96,42401,Sulfur dioxide,39580,"Raleigh, NC",37,North Carolina,183,Wake,35.856111,-78.574167
10/27/2020,AQS,371830014,2,0.4,ppb,0,Millbrook School,23,96,42401,Sulfur dioxide,39580,"Raleigh, NC",37,North Carolina,183,Wake,35.856111,-78.574167
10/28/2020,AQS,371830014,2,0,ppb,0,Millbrook School,23,96,42401,Sulfur dioxide,39580,"Raleigh, NC",37,North Carolina,183,Wake,35.856111,-78.574167
10/29/2020,AQS,371830014,2,0,ppb,0,Millbrook School,23,96,42401,Sulfur dioxide,39580,"Raleigh, NC",37,North Carolina,183,Wake,35.856111,-78.574167
10/30/2020,AQS,371830014,2,0.4,ppb,0,Millbrook School,21,88,42401,Sulfur dioxide,39580,"Raleigh, NC",37,North Carolina,183,Wake,35.856111,-78.574167
10/31/2020,AQS,371830014,2,0.1,ppb,0,Millbrook School,23,96,42401,Sulfur dioxide,39580,"Raleigh, NC",37,North Carolina,183,Wake,35.856111,-78.574167
11/1/2020,AQS,371830014,2,0.1,ppb,0,Millbrook School,23,96,42401,Sulfur dioxide,39580,"Raleigh, NC",37,North Carolina,183,Wake,35.856111,-78.574167
11/2/2020,AQS,371830014,2,0.1,ppb,0,Millbrook School,23,96,42401,Sulfur dioxide,39580,"Raleigh, NC",37,North Carolina,183,Wake,35.856111,-78.574167
11/3/2020,AQS,371830014,2,0.2,ppb,0,Millbrook School,23,96,42401,Sulfur dioxide,39580,"Raleigh, NC",37,North Carolina,183,Wake,35.856111,-78.574167
11/4/2020,AQS,371830014,2,0.3,ppb,0,Millbrook School,23,96,42401,Sulfur dioxide,39580,"Raleigh, NC",37,North Carolina,183,Wake,35.856111,-78.574167
11/5/2020,AQS,371830014,2,0.4,ppb,0,Millbrook School,23,96,42401,Sulfur dioxide,39580,"Raleigh, NC",37,North Carolina,183,Wake,35.856111,-78.574167
11/6/2020,AQS,371830014,2,0.1,ppb,0,Millbrook School,23,96,42401,Sulfur dioxide,39580,"Raleigh, NC",37,North Carolina,183,Wake,35.856111,-78.574167
11/7/2020,AQS,371830014,2,0.1,ppb,0,Millbrook School,23,96,42401,Sulfur dioxide,39580,"Raleigh, NC",37,North Carolina,183,Wake,35.856111,-78.574167
11/8/2020,AQS,371830014,2,0,ppb,0,Millbrook School,23,96,42401,Sulfur dioxide,39580,"Raleigh, NC",37,North Carolina,183,Wake,35.856111,-78.574167
11/9/2020,AQS,371830014,2,0.2,ppb,0,Millbrook School,23,96,42401,Sulfur dioxide,39580,"Raleigh, NC",37,North Carolina,183,Wake,35.856111,-78.574167
11/10/2020,AQS,371830014,2,0,ppb,0,Millbrook School,23,96,42401,Sulfur dioxide,39580,"Raleigh, NC",37,North Carolina,183,Wake,35.856111,-78.574167
11/11/2020,AQS,371830014,2,0,ppb,0,Millbrook School,23,96,42401,Sulfur dioxide,39580,"Raleigh, NC",37,North Carolina,183,Wake,35.856111,-78.574167
11/12/2020,AQS,371830014,2,0,ppb,0,Millbrook School,23,96,42401,Sulfur dioxide,39580,"Raleigh, NC",37,North Carolina,183,Wake,35.856111,-78.574167
11/13/2020,AQS,371830014,2,0.1,ppb,0,Millbrook School,23,96,42401,Sulfur dioxide,39580,"Raleigh, NC",37,North Carolina,183,Wake,35.856111,-78.574167
11/14/2020,AQS,371830014,2,1.2,ppb,1,Millbrook School,23,96,42401,Sulfur dioxide,39580,"Raleigh, NC",37,North Carolina,183,Wake,35.856111,-78.574167
11/15/2020,AQS,371830014,2,0.1,ppb,0,Millbrook School,23,96,42401,Sulfur dioxide,39580,"Raleigh, NC",37,North Carolina,183,Wake,35.856111,-78.574167
11/16/2020,AQS,371830014,2,0.1,ppb,0,Millbrook School,23,96,42401,Sulfur dioxide,39580,"Raleigh, NC",37,North Carolina,183,Wake,35.856111,-78.574167
11/17/2020,AQS,371830014,2,0.2,ppb,0,Millbrook School,23,96,42401,Sulfur dioxide,39580,"Raleigh, NC",37,North Carolina,183,Wake,35.856111,-78.574167
11/18/2020,AQS,371830014,2,1.6,ppb,1,Millbrook School,22,92,42401,Sulfur dioxide,39580,"Raleigh, NC",37,North Carolina,183,Wake,35.856111,-78.574167
11/19/2020,AQS,371830014,2,0.2,ppb,0,Millbrook School,23,96,42401,Sulfur dioxide,39580,"Raleigh, NC",37,North Carolina,183,Wake,35.856111,-78.574167
11/20/2020,AQS,371830014,2,0.3,ppb,0,Millbrook School,23,96,42401,Sulfur dioxide,39580,"Raleigh, NC",37,North Carolina,183,Wake,35.856111,-78.574167
11/21/2020,AQS,371830014,2,0.3,ppb,0,Millbrook School,23,96,42401,Sulfur dioxide,39580,"Raleigh, NC",37,North Carolina,183,Wake,35.856111,-78.574167
11/22/2020,AQS,371830014,2,0.4,ppb,0,Millbrook School,23,96,42401,Sulfur dioxide,39580,"Raleigh, NC",37,North Carolina,183,Wake,35.856111,-78.574167
11/23/2020,AQS,371830014,2,0.2,ppb,0,Millbrook School,23,96,42401,Sulfur dioxide,39580,"Raleigh, NC",37,North Carolina,183,Wake,35.856111,-78.574167
11/24/2020,AQS,371830014,2,0.3,ppb,0,Millbrook School,23,96,42401,Sulfur dioxide,39580,"Raleigh, NC",37,North Carolina,183,Wake,35.856111,-78.574167
11/25/2020,AQS,371830014,2,0.2,ppb,0,Millbrook School,23,96,42401,Sulfur dioxide,39580,"Raleigh, NC",37,North Carolina,183,Wake,35.856111,-78.574167
11/26/2020,AQS,371830014,2,0,ppb,0,Millbrook School,23,96,42401,Sulfur dioxide,39580,"Raleigh, NC",37,North Carolina,183,Wake,35.856111,-78.574167
11/27/2020,AQS,371830014,2,0.1,ppb,0,Millbrook School,23,96,42401,Sulfur dioxide,39580,"Raleigh, NC",37,North Carolina,183,Wake,35.856111,-78.574167
11/28/2020,AQS,371830014,2,0.5,ppb,0,Millbrook School,23,96,42401,Sulfur dioxide,39580,"Raleigh, NC",37,North Carolina,183,Wake,35.856111,-78.574167
11/29/2020,AQS,371830014,2,0.5,ppb,0,Millbrook School,23,96,42401,Sulfur dioxide,39580,"Raleigh, NC",37,North Carolina,183,Wake,35.856111,-78.574167
11/30/2020,AQS,371830014,2,0,ppb,0,Millbrook School,23,96,42401,Sulfur dioxide,39580,"Raleigh, NC",37,North Carolina,183,Wake,35.856111,-78.574167
12/1/2020,AQS,371830014,2,0.1,ppb,0,Millbrook School,23,96,42401,Sulfur dioxide,39580,"Raleigh, NC",37,North Carolina,183,Wake,35.856111,-78.574167
12/2/2020,AQS,371830014,2,0.3,ppb,0,Millbrook School,23,96,42401,Sulfur dioxide,39580,"Raleigh, NC",37,North Carolina,183,Wake,35.856111,-78.574167
12/3/2020,AQS,371830014,2,0.5,ppb,0,Millbrook School,23,96,42401,Sulfur dioxide,39580,"Raleigh, NC",37,North Carolina,183,Wake,35.856111,-78.574167
12/4/2020,AQS,371830014,2,0.3,ppb,0,Millbrook School,23,96,42401,Sulfur dioxide,39580,"Raleigh, NC",37,North Carolina,183,Wake,35.856111,-78.574167
12/5/2020,AQS,371830014,2,0,ppb,0,Millbrook School,23,96,42401,Sulfur dioxide,39580,"Raleigh, NC",37,North Carolina,183,Wake,35.856111,-78.574167
12/6/2020,AQS,371830014,2,0.2,ppb,0,Millbrook School,23,96,42401,Sulfur dioxide,39580,"Raleigh, NC",37,North Carolina,183,Wake,35.856111,-78.574167
12/7/2020,AQS,371830014,2,0.3,ppb,0,Millbrook School,21,88,42401,Sulfur dioxide,39580,"Raleigh, NC",37,North Carolina,183,Wake,35.856111,-78.574167
12/8/2020,AQS,371830014,2,0.3,ppb,0,Millbrook School,23,96,42401,Sulfur dioxide,39580,"Raleigh, NC",37,North Carolina,183,Wake,35.856111,-78.574167
12/9/2020,AQS,371830014,2,0.4,ppb,0,Millbrook School,23,96,42401,Sulfur dioxide,39580,"Raleigh, NC",37,North Carolina,183,Wake,35.856111,-78.574167
12/10/2020,AQS,371830014,2,0.9,ppb,0,Millbrook School,23,96,42401,Sulfur dioxide,39580,"Raleigh, NC",37,North Carolina,183,Wake,35.856111,-78.574167
12/11/2020,AQS,371830014,2,1.4,ppb,1,Millbrook School,23,96,42401,Sulfur dioxide,39580,"Raleigh, NC",37,North Carolina,183,Wake,35.856111,-78.574167
12/12/2020,AQS,371830014,2,0.4,ppb,0,Millbrook School,23,96,42401,Sulfur dioxide,39580,"Raleigh, NC",37,North Carolina,183,Wake,35.856111,-78.574167
12/13/2020,AQS,371830014,2,0.2,ppb,0,Millbrook School,23,96,42401,Sulfur dioxide,39580,"Raleigh, NC",37,North Carolina,183,Wake,35.856111,-78.574167
12/14/2020,AQS,371830014,2,0.7,ppb,0,Millbrook School,23,96,42401,Sulfur dioxide,39580,"Raleigh, NC",37,North Carolina,183,Wake,35.856111,-78.574167
12/15/2020,AQS,371830014,2,0.7,ppb,0,Millbrook School,19,79,42401,Sulfur dioxide,39580,"Raleigh, NC",37,North Carolina,183,Wake,35.856111,-78.574167
12/16/2020,AQS,371830014,2,0.1,ppb,0,Millbrook School,21,88,42401,Sulfur dioxide,39580,"Raleigh, NC",37,North Carolina,183,Wake,35.856111,-78.574167
12/17/2020,AQS,371830014,2,0.1,ppb,0,Millbrook School,23,96,42401,Sulfur dioxide,39580,"Raleigh, NC",37,North Carolina,183,Wake,35.856111,-78.574167
12/18/2020,AQS,371830014,2,0.4,ppb,0,Millbrook School,23,96,42401,Sulfur dioxide,39580,"Raleigh, NC",37,North Carolina,183,Wake,35.856111,-78.574167
12/19/2020,AQS,371830014,2,0.3,ppb,0,Millbrook School,23,96,42401,Sulfur dioxide,39580,"Raleigh, NC",37,North Carolina,183,Wake,35.856111,-78.574167
12/20/2020,AQS,371830014,2,0.1,ppb,0,Millbrook School,23,96,42401,Sulfur dioxide,39580,"Raleigh, NC",37,North Carolina,183,Wake,35.856111,-78.574167
12/21/2020,AQS,371830014,2,0.1,ppb,0,Millbrook School,23,96,42401,Sulfur dioxide,39580,"Raleigh, NC",37,North Carolina,183,Wake,35.856111,-78.574167
12/22/2020,AQS,371830014,2,0.3,ppb,0,Millbrook School,23,96,42401,Sulfur dioxide,39580,"Raleigh, NC",37,North Carolina,183,Wake,35.856111,-78.574167
12/23/2020,AQS,371830014,2,0.5,ppb,0,Millbrook School,23,96,42401,Sulfur dioxide,39580,"Raleigh, NC",37,North Carolina,183,Wake,35.856111,-78.574167
12/24/2020,AQS,371830014,2,0.1,ppb,0,Millbrook School,23,96,42401,Sulfur dioxide,39580,"Raleigh, NC",37,North Carolina,183,Wake,35.856111,-78.574167
12/25/2020,AQS,371830014,2,0,ppb,0,Millbrook School,23,96,42401,Sulfur dioxide,39580,"Raleigh, NC",37,North Carolina,183,Wake,35.856111,-78.574167
12/26/2020,AQS,371830014,2,0.3,ppb,0,Millbrook School,23,96,42401,Sulfur dioxide,39580,"Raleigh, NC",37,North Carolina,183,Wake,35.856111,-78.574167
12/27/2020,AQS,371830014,2,1.2,ppb,1,Millbrook School,23,96,42401,Sulfur dioxide,39580,"Raleigh, NC",37,North Carolina,183,Wake,35.856111,-78.574167
12/28/2020,AQS,371830014,2,0.6,ppb,0,Millbrook School,23,96,42401,Sulfur dioxide,39580,"Raleigh, NC",37,North Carolina,183,Wake,35.856111,-78.574167
12/29/2020,AQS,371830014,2,0.3,ppb,0,Millbrook School,23,96,42401,Sulfur dioxide,39580,"Raleigh, NC",37,North Carolina,183,Wake,35.856111,-78.574167
12/30/2020,AQS,371830014,2,0.2,ppb,0,Millbrook School,23,96,42401,Sulfur dioxide,39580,"Raleigh, NC",37,North Carolina,183,Wake,35.856111,-78.574167
12/31/2020,AQS,371830014,2,0.2,ppb,0,Millbrook School,23,96,42401,Sulfur dioxide,39580,"Raleigh, NC",37,North Carolina,183,Wake,35.856111,-78.574167
