Date,Source,Site ID,POC,Daily Max 8-hour Ozone Concentration,UNITS,DAILY_AQI_VALUE,Site Name,DAILY_OBS_COUNT,PERCENT_COMPLETE,AQS_PARAMETER_CODE,AQS_PARAMETER_DESC,CBSA_CODE,CBSA_NAME,STATE_CODE,STATE,COUNTY_CODE,COUNTY,SITE_LATITUDE,SITE_LONGITUDE
3/30/2016,AQS,560210002,1,0.047,ppm,44,Cheyenne Mobile,17,100,44201,Ozone,16940,"Cheyenne, WY",56,Wyoming,21,Laramie,41.13069,-104.75308
3/31/2016,AQS,560210002,1,0.047,ppm,44,Cheyenne Mobile,17,100,44201,Ozone,16940,"Cheyenne, WY",56,Wyoming,21,Laramie,41.13069,-104.75308
4/1/2016,AQS,560210002,1,0.047,ppm,44,Cheyenne Mobile,17,100,44201,Ozone,16940,"Cheyenne, WY",56,Wyoming,21,Laramie,41.13069,-104.75308
4/2/2016,AQS,560210002,1,0.046,ppm,43,Cheyenne Mobile,17,100,44201,Ozone,16940,"Cheyenne, WY",56,Wyoming,21,Laramie,41.13069,-104.75308
4/3/2016,AQS,560210002,1,0.047,ppm,44,Cheyenne Mobile,17,100,44201,Ozone,16940,"Cheyenne, WY",56,Wyoming,21,Laramie,41.13069,-104.75308
4/4/2016,AQS,560210002,1,0.044,ppm,41,Cheyenne Mobile,17,100,44201,Ozone,16940,"Cheyenne, WY",56,Wyoming,21,Laramie,41.13069,-104.75308
4/5/2016,AQS,560210002,1,0.05,ppm,46,Cheyenne Mobile,17,100,44201,Ozone,16940,"Cheyenne, WY",56,Wyoming,21,Laramie,41.13069,-104.75308
4/6/2016,AQS,560210002,1,0.044,ppm,41,Cheyenne Mobile,17,100,44201,Ozone,16940,"Cheyenne, WY",56,Wyoming,21,Laramie,41.13069,-104.75308
4/7/2016,AQS,560210002,1,0.04,ppm,37,Cheyenne Mobile,17,100,44201,Ozone,16940,"Cheyenne, WY",56,Wyoming,21,Laramie,41.13069,-104.75308
4/8/2016,AQS,560210002,1,0.042,ppm,39,Cheyenne Mobile,17,100,44201,Ozone,16940,"Cheyenne, WY",56,Wyoming,21,Laramie,41.13069,-104.75308
4/9/2016,AQS,560210002,1,0.049,ppm,45,Cheyenne Mobile,17,100,44201,Ozone,16940,"Cheyenne, WY",56,Wyoming,21,Laramie,41.13069,-104.75308
4/10/2016,AQS,560210002,1,0.037,ppm,34,Cheyenne Mobile,17,100,44201,Ozone,16940,"Cheyenne, WY",56,Wyoming,21,Laramie,41.13069,-104.75308
4/11/2016,AQS,560210002,1,0.035,ppm,32,Cheyenne Mobile,17,100,44201,Ozone,16940,"Cheyenne, WY",56,Wyoming,21,Laramie,41.13069,-104.75308
4/12/2016,AQS,560210002,1,0.035,ppm,32,Cheyenne Mobile,17,100,44201,Ozone,16940,"Cheyenne, WY",56,Wyoming,21,Laramie,41.13069,-104.75308
4/13/2016,AQS,560210002,1,0.041,ppm,38,Cheyenne Mobile,17,100,44201,Ozone,16940,"Cheyenne, WY",56,Wyoming,21,Laramie,41.13069,-104.75308
4/14/2016,AQS,560210002,1,0.052,ppm,48,Cheyenne Mobile,17,100,44201,Ozone,16940,"Cheyenne, WY",56,Wyoming,21,Laramie,41.13069,-104.75308
4/15/2016,AQS,560210002,1,0.052,ppm,48,Cheyenne Mobile,17,100,44201,Ozone,16940,"Cheyenne, WY",56,Wyoming,21,Laramie,41.13069,-104.75308
4/16/2016,AQS,560210002,1,0.041,ppm,38,Cheyenne Mobile,17,100,44201,Ozone,16940,"Cheyenne, WY",56,Wyoming,21,Laramie,41.13069,-104.75308
4/17/2016,AQS,560210002,1,0.05,ppm,46,Cheyenne Mobile,17,100,44201,Ozone,16940,"Cheyenne, WY",56,Wyoming,21,Laramie,41.13069,-104.75308
4/18/2016,AQS,560210002,1,0.048,ppm,44,Cheyenne Mobile,14,82,44201,Ozone,16940,"Cheyenne, WY",56,Wyoming,21,Laramie,41.13069,-104.75308
4/23/2016,AQS,560210002,1,0.052,ppm,48,Cheyenne Mobile,17,100,44201,Ozone,16940,"Cheyenne, WY",56,Wyoming,21,Laramie,41.13069,-104.75308
4/24/2016,AQS,560210002,1,0.041,ppm,38,Cheyenne Mobile,17,100,44201,Ozone,16940,"Cheyenne, WY",56,Wyoming,21,Laramie,41.13069,-104.75308
4/25/2016,AQS,560210002,1,0.044,ppm,41,Cheyenne Mobile,17,100,44201,Ozone,16940,"Cheyenne, WY",56,Wyoming,21,Laramie,41.13069,-104.75308
4/26/2016,AQS,560210002,1,0.036,ppm,33,Cheyenne Mobile,17,100,44201,Ozone,16940,"Cheyenne, WY",56,Wyoming,21,Laramie,41.13069,-104.75308
4/27/2016,AQS,560210002,1,0.037,ppm,34,Cheyenne Mobile,17,100,44201,Ozone,16940,"Cheyenne, WY",56,Wyoming,21,Laramie,41.13069,-104.75308
4/28/2016,AQS,560210002,1,0.03,ppm,28,Cheyenne Mobile,17,100,44201,Ozone,16940,"Cheyenne, WY",56,Wyoming,21,Laramie,41.13069,-104.75308
4/29/2016,AQS,560210002,1,0.032,ppm,30,Cheyenne Mobile,17,100,44201,Ozone,16940,"Cheyenne, WY",56,Wyoming,21,Laramie,41.13069,-104.75308
4/30/2016,AQS,560210002,1,0.042,ppm,39,Cheyenne Mobile,17,100,44201,Ozone,16940,"Cheyenne, WY",56,Wyoming,21,Laramie,41.13069,-104.75308
5/1/2016,AQS,560210002,1,0.047,ppm,44,Cheyenne Mobile,17,100,44201,Ozone,16940,"Cheyenne, WY",56,Wyoming,21,Laramie,41.13069,-104.75308
5/2/2016,AQS,560210002,1,0.046,ppm,43,Cheyenne Mobile,17,100,44201,Ozone,16940,"Cheyenne, WY",56,Wyoming,21,Laramie,41.13069,-104.75308
5/3/2016,AQS,560210002,1,0.044,ppm,41,Cheyenne Mobile,17,100,44201,Ozone,16940,"Cheyenne, WY",56,Wyoming,21,Laramie,41.13069,-104.75308
5/4/2016,AQS,560210002,1,0.039,ppm,36,Cheyenne Mobile,17,100,44201,Ozone,16940,"Cheyenne, WY",56,Wyoming,21,Laramie,41.13069,-104.75308
5/5/2016,AQS,560210002,1,0.048,ppm,44,Cheyenne Mobile,17,100,44201,Ozone,16940,"Cheyenne, WY",56,Wyoming,21,Laramie,41.13069,-104.75308
5/6/2016,AQS,560210002,1,0.046,ppm,43,Cheyenne Mobile,17,100,44201,Ozone,16940,"Cheyenne, WY",56,Wyoming,21,Laramie,41.13069,-104.75308
5/7/2016,AQS,560210002,1,0.051,ppm,47,Cheyenne Mobile,17,100,44201,Ozone,16940,"Cheyenne, WY",56,Wyoming,21,Laramie,41.13069,-104.75308
5/8/2016,AQS,560210002,1,0.051,ppm,47,Cheyenne Mobile,17,100,44201,Ozone,16940,"Cheyenne, WY",56,Wyoming,21,Laramie,41.13069,-104.75308
5/9/2016,AQS,560210002,1,0.043,ppm,40,Cheyenne Mobile,17,100,44201,Ozone,16940,"Cheyenne, WY",56,Wyoming,21,Laramie,41.13069,-104.75308
5/10/2016,AQS,560210002,1,0.059,ppm,64,Cheyenne Mobile,17,100,44201,Ozone,16940,"Cheyenne, WY",56,Wyoming,21,Laramie,41.13069,-104.75308
5/12/2016,AQS,560210002,1,0.054,ppm,50,Cheyenne Mobile,17,100,44201,Ozone,16940,"Cheyenne, WY",56,Wyoming,21,Laramie,41.13069,-104.75308
5/13/2016,AQS,560210002,1,0.036,ppm,33,Cheyenne Mobile,17,100,44201,Ozone,16940,"Cheyenne, WY",56,Wyoming,21,Laramie,41.13069,-104.75308
5/14/2016,AQS,560210002,1,0.031,ppm,29,Cheyenne Mobile,17,100,44201,Ozone,16940,"Cheyenne, WY",56,Wyoming,21,Laramie,41.13069,-104.75308
5/15/2016,AQS,560210002,1,0.031,ppm,29,Cheyenne Mobile,17,100,44201,Ozone,16940,"Cheyenne, WY",56,Wyoming,21,Laramie,41.13069,-104.75308
5/16/2016,AQS,560210002,1,0.025,ppm,23,Cheyenne Mobile,17,100,44201,Ozone,16940,"Cheyenne, WY",56,Wyoming,21,Laramie,41.13069,-104.75308
5/17/2016,AQS,560210002,1,0.042,ppm,39,Cheyenne Mobile,17,100,44201,Ozone,16940,"Cheyenne, WY",56,Wyoming,21,Laramie,41.13069,-104.75308
5/18/2016,AQS,560210002,1,0.036,ppm,33,Cheyenne Mobile,17,100,44201,Ozone,16940,"Cheyenne, WY",56,Wyoming,21,Laramie,41.13069,-104.75308
5/19/2016,AQS,560210002,1,0.049,ppm,45,Cheyenne Mobile,17,100,44201,Ozone,16940,"Cheyenne, WY",56,Wyoming,21,Laramie,41.13069,-104.75308
5/20/2016,AQS,560210002,1,0.051,ppm,47,Cheyenne Mobile,17,100,44201,Ozone,16940,"Cheyenne, WY",56,Wyoming,21,Laramie,41.13069,-104.75308
5/21/2016,AQS,560210002,1,0.044,ppm,41,Cheyenne Mobile,17,100,44201,Ozone,16940,"Cheyenne, WY",56,Wyoming,21,Laramie,41.13069,-104.75308
5/22/2016,AQS,560210002,1,0.053,ppm,49,Cheyenne Mobile,17,100,44201,Ozone,16940,"Cheyenne, WY",56,Wyoming,21,Laramie,41.13069,-104.75308
5/23/2016,AQS,560210002,1,0.05,ppm,46,Cheyenne Mobile,17,100,44201,Ozone,16940,"Cheyenne, WY",56,Wyoming,21,Laramie,41.13069,-104.75308
5/24/2016,AQS,560210002,1,0.055,ppm,51,Cheyenne Mobile,17,100,44201,Ozone,16940,"Cheyenne, WY",56,Wyoming,21,Laramie,41.13069,-104.75308
5/25/2016,AQS,560210002,1,0.058,ppm,61,Cheyenne Mobile,17,100,44201,Ozone,16940,"Cheyenne, WY",56,Wyoming,21,Laramie,41.13069,-104.75308
5/26/2016,AQS,560210002,1,0.054,ppm,50,Cheyenne Mobile,17,100,44201,Ozone,16940,"Cheyenne, WY",56,Wyoming,21,Laramie,41.13069,-104.75308
5/27/2016,AQS,560210002,1,0.043,ppm,40,Cheyenne Mobile,17,100,44201,Ozone,16940,"Cheyenne, WY",56,Wyoming,21,Laramie,41.13069,-104.75308
5/28/2016,AQS,560210002,1,0.047,ppm,44,Cheyenne Mobile,17,100,44201,Ozone,16940,"Cheyenne, WY",56,Wyoming,21,Laramie,41.13069,-104.75308
5/29/2016,AQS,560210002,1,0.052,ppm,48,Cheyenne Mobile,17,100,44201,Ozone,16940,"Cheyenne, WY",56,Wyoming,21,Laramie,41.13069,-104.75308
5/30/2016,AQS,560210002,1,0.044,ppm,41,Cheyenne Mobile,17,100,44201,Ozone,16940,"Cheyenne, WY",56,Wyoming,21,Laramie,41.13069,-104.75308
5/31/2016,AQS,560210002,1,0.052,ppm,48,Cheyenne Mobile,17,100,44201,Ozone,16940,"Cheyenne, WY",56,Wyoming,21,Laramie,41.13069,-104.75308
6/1/2016,AQS,560210002,1,0.047,ppm,44,Cheyenne Mobile,13,76,44201,Ozone,16940,"Cheyenne, WY",56,Wyoming,21,Laramie,41.13069,-104.75308
6/2/2016,AQS,560210002,1,0.051,ppm,47,Cheyenne Mobile,17,100,44201,Ozone,16940,"Cheyenne, WY",56,Wyoming,21,Laramie,41.13069,-104.75308
6/3/2016,AQS,560210002,1,0.047,ppm,44,Cheyenne Mobile,17,100,44201,Ozone,16940,"Cheyenne, WY",56,Wyoming,21,Laramie,41.13069,-104.75308
6/4/2016,AQS,560210002,1,0.046,ppm,43,Cheyenne Mobile,17,100,44201,Ozone,16940,"Cheyenne, WY",56,Wyoming,21,Laramie,41.13069,-104.75308
6/5/2016,AQS,560210002,1,0.038,ppm,35,Cheyenne Mobile,17,100,44201,Ozone,16940,"Cheyenne, WY",56,Wyoming,21,Laramie,41.13069,-104.75308
6/6/2016,AQS,560210002,1,0.037,ppm,34,Cheyenne Mobile,17,100,44201,Ozone,16940,"Cheyenne, WY",56,Wyoming,21,Laramie,41.13069,-104.75308
6/7/2016,AQS,560210002,1,0.04,ppm,37,Cheyenne Mobile,17,100,44201,Ozone,16940,"Cheyenne, WY",56,Wyoming,21,Laramie,41.13069,-104.75308
6/8/2016,AQS,560210002,1,0.041,ppm,38,Cheyenne Mobile,17,100,44201,Ozone,16940,"Cheyenne, WY",56,Wyoming,21,Laramie,41.13069,-104.75308
6/10/2016,AQS,560210002,1,0.051,ppm,47,Cheyenne Mobile,17,100,44201,Ozone,16940,"Cheyenne, WY",56,Wyoming,21,Laramie,41.13069,-104.75308
6/11/2016,AQS,560210002,1,0.056,ppm,54,Cheyenne Mobile,17,100,44201,Ozone,16940,"Cheyenne, WY",56,Wyoming,21,Laramie,41.13069,-104.75308
6/12/2016,AQS,560210002,1,0.042,ppm,39,Cheyenne Mobile,17,100,44201,Ozone,16940,"Cheyenne, WY",56,Wyoming,21,Laramie,41.13069,-104.75308
6/13/2016,AQS,560210002,1,0.049,ppm,45,Cheyenne Mobile,17,100,44201,Ozone,16940,"Cheyenne, WY",56,Wyoming,21,Laramie,41.13069,-104.75308
6/14/2016,AQS,560210002,1,0.053,ppm,49,Cheyenne Mobile,17,100,44201,Ozone,16940,"Cheyenne, WY",56,Wyoming,21,Laramie,41.13069,-104.75308
6/15/2016,AQS,560210002,1,0.06,ppm,67,Cheyenne Mobile,17,100,44201,Ozone,16940,"Cheyenne, WY",56,Wyoming,21,Laramie,41.13069,-104.75308
6/16/2016,AQS,560210002,1,0.066,ppm,87,Cheyenne Mobile,17,100,44201,Ozone,16940,"Cheyenne, WY",56,Wyoming,21,Laramie,41.13069,-104.75308
6/17/2016,AQS,560210002,1,0.054,ppm,50,Cheyenne Mobile,17,100,44201,Ozone,16940,"Cheyenne, WY",56,Wyoming,21,Laramie,41.13069,-104.75308
6/18/2016,AQS,560210002,1,0.06,ppm,67,Cheyenne Mobile,17,100,44201,Ozone,16940,"Cheyenne, WY",56,Wyoming,21,Laramie,41.13069,-104.75308
6/19/2016,AQS,560210002,1,0.052,ppm,48,Cheyenne Mobile,17,100,44201,Ozone,16940,"Cheyenne, WY",56,Wyoming,21,Laramie,41.13069,-104.75308
6/20/2016,AQS,560210002,1,0.049,ppm,45,Cheyenne Mobile,17,100,44201,Ozone,16940,"Cheyenne, WY",56,Wyoming,21,Laramie,41.13069,-104.75308
6/21/2016,AQS,560210002,1,0.052,ppm,48,Cheyenne Mobile,17,100,44201,Ozone,16940,"Cheyenne, WY",56,Wyoming,21,Laramie,41.13069,-104.75308
6/22/2016,AQS,560210002,1,0.052,ppm,48,Cheyenne Mobile,17,100,44201,Ozone,16940,"Cheyenne, WY",56,Wyoming,21,Laramie,41.13069,-104.75308
6/23/2016,AQS,560210002,1,0.049,ppm,45,Cheyenne Mobile,17,100,44201,Ozone,16940,"Cheyenne, WY",56,Wyoming,21,Laramie,41.13069,-104.75308
6/24/2016,AQS,560210002,1,0.057,ppm,58,Cheyenne Mobile,17,100,44201,Ozone,16940,"Cheyenne, WY",56,Wyoming,21,Laramie,41.13069,-104.75308
6/25/2016,AQS,560210002,1,0.049,ppm,45,Cheyenne Mobile,17,100,44201,Ozone,16940,"Cheyenne, WY",56,Wyoming,21,Laramie,41.13069,-104.75308
6/26/2016,AQS,560210002,1,0.06,ppm,67,Cheyenne Mobile,17,100,44201,Ozone,16940,"Cheyenne, WY",56,Wyoming,21,Laramie,41.13069,-104.75308
6/27/2016,AQS,560210002,1,0.054,ppm,50,Cheyenne Mobile,17,100,44201,Ozone,16940,"Cheyenne, WY",56,Wyoming,21,Laramie,41.13069,-104.75308
6/28/2016,AQS,560210002,1,0.059,ppm,64,Cheyenne Mobile,17,100,44201,Ozone,16940,"Cheyenne, WY",56,Wyoming,21,Laramie,41.13069,-104.75308
6/29/2016,AQS,560210002,1,0.052,ppm,48,Cheyenne Mobile,17,100,44201,Ozone,16940,"Cheyenne, WY",56,Wyoming,21,Laramie,41.13069,-104.75308
6/30/2016,AQS,560210002,1,0.052,ppm,48,Cheyenne Mobile,17,100,44201,Ozone,16940,"Cheyenne, WY",56,Wyoming,21,Laramie,41.13069,-104.75308
7/1/2016,AQS,560210002,1,0.045,ppm,42,Cheyenne Mobile,17,100,44201,Ozone,16940,"Cheyenne, WY",56,Wyoming,21,Laramie,41.13069,-104.75308
7/2/2016,AQS,560210002,1,0.052,ppm,48,Cheyenne Mobile,17,100,44201,Ozone,16940,"Cheyenne, WY",56,Wyoming,21,Laramie,41.13069,-104.75308
7/3/2016,AQS,560210002,1,0.051,ppm,47,Cheyenne Mobile,17,100,44201,Ozone,16940,"Cheyenne, WY",56,Wyoming,21,Laramie,41.13069,-104.75308
7/4/2016,AQS,560210002,1,0.055,ppm,51,Cheyenne Mobile,17,100,44201,Ozone,16940,"Cheyenne, WY",56,Wyoming,21,Laramie,41.13069,-104.75308
7/5/2016,AQS,560210002,1,0.049,ppm,45,Cheyenne Mobile,17,100,44201,Ozone,16940,"Cheyenne, WY",56,Wyoming,21,Laramie,41.13069,-104.75308
7/6/2016,AQS,560210002,1,0.05,ppm,46,Cheyenne Mobile,17,100,44201,Ozone,16940,"Cheyenne, WY",56,Wyoming,21,Laramie,41.13069,-104.75308
7/7/2016,AQS,560210002,1,0.052,ppm,48,Cheyenne Mobile,17,100,44201,Ozone,16940,"Cheyenne, WY",56,Wyoming,21,Laramie,41.13069,-104.75308
7/8/2016,AQS,560210002,1,0.055,ppm,51,Cheyenne Mobile,17,100,44201,Ozone,16940,"Cheyenne, WY",56,Wyoming,21,Laramie,41.13069,-104.75308
7/9/2016,AQS,560210002,1,0.045,ppm,42,Cheyenne Mobile,17,100,44201,Ozone,16940,"Cheyenne, WY",56,Wyoming,21,Laramie,41.13069,-104.75308
7/10/2016,AQS,560210002,1,0.057,ppm,58,Cheyenne Mobile,17,100,44201,Ozone,16940,"Cheyenne, WY",56,Wyoming,21,Laramie,41.13069,-104.75308
7/11/2016,AQS,560210002,1,0.055,ppm,51,Cheyenne Mobile,17,100,44201,Ozone,16940,"Cheyenne, WY",56,Wyoming,21,Laramie,41.13069,-104.75308
7/12/2016,AQS,560210002,1,0.056,ppm,54,Cheyenne Mobile,17,100,44201,Ozone,16940,"Cheyenne, WY",56,Wyoming,21,Laramie,41.13069,-104.75308
7/13/2016,AQS,560210002,1,0.056,ppm,54,Cheyenne Mobile,17,100,44201,Ozone,16940,"Cheyenne, WY",56,Wyoming,21,Laramie,41.13069,-104.75308
7/14/2016,AQS,560210002,1,0.055,ppm,51,Cheyenne Mobile,17,100,44201,Ozone,16940,"Cheyenne, WY",56,Wyoming,21,Laramie,41.13069,-104.75308
7/15/2016,AQS,560210002,1,0.045,ppm,42,Cheyenne Mobile,17,100,44201,Ozone,16940,"Cheyenne, WY",56,Wyoming,21,Laramie,41.13069,-104.75308
7/16/2016,AQS,560210002,1,0.059,ppm,64,Cheyenne Mobile,17,100,44201,Ozone,16940,"Cheyenne, WY",56,Wyoming,21,Laramie,41.13069,-104.75308
7/17/2016,AQS,560210002,1,0.053,ppm,49,Cheyenne Mobile,17,100,44201,Ozone,16940,"Cheyenne, WY",56,Wyoming,21,Laramie,41.13069,-104.75308
7/18/2016,AQS,560210002,1,0.053,ppm,49,Cheyenne Mobile,17,100,44201,Ozone,16940,"Cheyenne, WY",56,Wyoming,21,Laramie,41.13069,-104.75308
7/19/2016,AQS,560210002,1,0.046,ppm,43,Cheyenne Mobile,17,100,44201,Ozone,16940,"Cheyenne, WY",56,Wyoming,21,Laramie,41.13069,-104.75308
7/20/2016,AQS,560210002,1,0.049,ppm,45,Cheyenne Mobile,17,100,44201,Ozone,16940,"Cheyenne, WY",56,Wyoming,21,Laramie,41.13069,-104.75308
7/21/2016,AQS,560210002,1,0.053,ppm,49,Cheyenne Mobile,17,100,44201,Ozone,16940,"Cheyenne, WY",56,Wyoming,21,Laramie,41.13069,-104.75308
7/22/2016,AQS,560210002,1,0.059,ppm,64,Cheyenne Mobile,17,100,44201,Ozone,16940,"Cheyenne, WY",56,Wyoming,21,Laramie,41.13069,-104.75308
7/23/2016,AQS,560210002,1,0.047,ppm,44,Cheyenne Mobile,17,100,44201,Ozone,16940,"Cheyenne, WY",56,Wyoming,21,Laramie,41.13069,-104.75308
7/24/2016,AQS,560210002,1,0.052,ppm,48,Cheyenne Mobile,17,100,44201,Ozone,16940,"Cheyenne, WY",56,Wyoming,21,Laramie,41.13069,-104.75308
7/25/2016,AQS,560210002,1,0.056,ppm,54,Cheyenne Mobile,17,100,44201,Ozone,16940,"Cheyenne, WY",56,Wyoming,21,Laramie,41.13069,-104.75308
7/26/2016,AQS,560210002,1,0.054,ppm,50,Cheyenne Mobile,17,100,44201,Ozone,16940,"Cheyenne, WY",56,Wyoming,21,Laramie,41.13069,-104.75308
7/27/2016,AQS,560210002,1,0.056,ppm,54,Cheyenne Mobile,17,100,44201,Ozone,16940,"Cheyenne, WY",56,Wyoming,21,Laramie,41.13069,-104.75308
7/28/2016,AQS,560210002,1,0.047,ppm,44,Cheyenne Mobile,17,100,44201,Ozone,16940,"Cheyenne, WY",56,Wyoming,21,Laramie,41.13069,-104.75308
7/29/2016,AQS,560210002,1,0.054,ppm,50,Cheyenne Mobile,17,100,44201,Ozone,16940,"Cheyenne, WY",56,Wyoming,21,Laramie,41.13069,-104.75308
7/30/2016,AQS,560210002,1,0.057,ppm,58,Cheyenne Mobile,17,100,44201,Ozone,16940,"Cheyenne, WY",56,Wyoming,21,Laramie,41.13069,-104.75308
7/31/2016,AQS,560210002,1,0.052,ppm,48,Cheyenne Mobile,17,100,44201,Ozone,16940,"Cheyenne, WY",56,Wyoming,21,Laramie,41.13069,-104.75308
8/1/2016,AQS,560210002,1,0.058,ppm,61,Cheyenne Mobile,17,100,44201,Ozone,16940,"Cheyenne, WY",56,Wyoming,21,Laramie,41.13069,-104.75308
8/2/2016,AQS,560210002,1,0.062,ppm,74,Cheyenne Mobile,17,100,44201,Ozone,16940,"Cheyenne, WY",56,Wyoming,21,Laramie,41.13069,-104.75308
8/3/2016,AQS,560210002,1,0.063,ppm,77,Cheyenne Mobile,17,100,44201,Ozone,16940,"Cheyenne, WY",56,Wyoming,21,Laramie,41.13069,-104.75308
8/5/2016,AQS,560210002,1,0.046,ppm,43,Cheyenne Mobile,17,100,44201,Ozone,16940,"Cheyenne, WY",56,Wyoming,21,Laramie,41.13069,-104.75308
8/6/2016,AQS,560210002,1,0.042,ppm,39,Cheyenne Mobile,17,100,44201,Ozone,16940,"Cheyenne, WY",56,Wyoming,21,Laramie,41.13069,-104.75308
8/7/2016,AQS,560210002,1,0.058,ppm,61,Cheyenne Mobile,17,100,44201,Ozone,16940,"Cheyenne, WY",56,Wyoming,21,Laramie,41.13069,-104.75308
8/8/2016,AQS,560210002,1,0.053,ppm,49,Cheyenne Mobile,17,100,44201,Ozone,16940,"Cheyenne, WY",56,Wyoming,21,Laramie,41.13069,-104.75308
8/9/2016,AQS,560210002,1,0.053,ppm,49,Cheyenne Mobile,17,100,44201,Ozone,16940,"Cheyenne, WY",56,Wyoming,21,Laramie,41.13069,-104.75308
8/10/2016,AQS,560210002,1,0.049,ppm,45,Cheyenne Mobile,17,100,44201,Ozone,16940,"Cheyenne, WY",56,Wyoming,21,Laramie,41.13069,-104.75308
8/11/2016,AQS,560210002,1,0.05,ppm,46,Cheyenne Mobile,17,100,44201,Ozone,16940,"Cheyenne, WY",56,Wyoming,21,Laramie,41.13069,-104.75308
8/12/2016,AQS,560210002,1,0.054,ppm,50,Cheyenne Mobile,17,100,44201,Ozone,16940,"Cheyenne, WY",56,Wyoming,21,Laramie,41.13069,-104.75308
8/13/2016,AQS,560210002,1,0.055,ppm,51,Cheyenne Mobile,17,100,44201,Ozone,16940,"Cheyenne, WY",56,Wyoming,21,Laramie,41.13069,-104.75308
8/14/2016,AQS,560210002,1,0.058,ppm,61,Cheyenne Mobile,17,100,44201,Ozone,16940,"Cheyenne, WY",56,Wyoming,21,Laramie,41.13069,-104.75308
8/16/2016,AQS,560210002,1,0.057,ppm,58,Cheyenne Mobile,17,100,44201,Ozone,16940,"Cheyenne, WY",56,Wyoming,21,Laramie,41.13069,-104.75308
8/17/2016,AQS,560210002,1,0.06,ppm,67,Cheyenne Mobile,17,100,44201,Ozone,16940,"Cheyenne, WY",56,Wyoming,21,Laramie,41.13069,-104.75308
8/18/2016,AQS,560210002,1,0.053,ppm,49,Cheyenne Mobile,17,100,44201,Ozone,16940,"Cheyenne, WY",56,Wyoming,21,Laramie,41.13069,-104.75308
8/19/2016,AQS,560210002,1,0.038,ppm,35,Cheyenne Mobile,17,100,44201,Ozone,16940,"Cheyenne, WY",56,Wyoming,21,Laramie,41.13069,-104.75308
8/20/2016,AQS,560210002,1,0.041,ppm,38,Cheyenne Mobile,17,100,44201,Ozone,16940,"Cheyenne, WY",56,Wyoming,21,Laramie,41.13069,-104.75308
8/21/2016,AQS,560210002,1,0.055,ppm,51,Cheyenne Mobile,17,100,44201,Ozone,16940,"Cheyenne, WY",56,Wyoming,21,Laramie,41.13069,-104.75308
8/22/2016,AQS,560210002,1,0.049,ppm,45,Cheyenne Mobile,17,100,44201,Ozone,16940,"Cheyenne, WY",56,Wyoming,21,Laramie,41.13069,-104.75308
8/23/2016,AQS,560210002,1,0.049,ppm,45,Cheyenne Mobile,17,100,44201,Ozone,16940,"Cheyenne, WY",56,Wyoming,21,Laramie,41.13069,-104.75308
8/24/2016,AQS,560210002,1,0.051,ppm,47,Cheyenne Mobile,17,100,44201,Ozone,16940,"Cheyenne, WY",56,Wyoming,21,Laramie,41.13069,-104.75308
8/25/2016,AQS,560210002,1,0.045,ppm,42,Cheyenne Mobile,17,100,44201,Ozone,16940,"Cheyenne, WY",56,Wyoming,21,Laramie,41.13069,-104.75308
8/26/2016,AQS,560210002,1,0.046,ppm,43,Cheyenne Mobile,17,100,44201,Ozone,16940,"Cheyenne, WY",56,Wyoming,21,Laramie,41.13069,-104.75308
8/27/2016,AQS,560210002,1,0.054,ppm,50,Cheyenne Mobile,17,100,44201,Ozone,16940,"Cheyenne, WY",56,Wyoming,21,Laramie,41.13069,-104.75308
8/28/2016,AQS,560210002,1,0.055,ppm,51,Cheyenne Mobile,17,100,44201,Ozone,16940,"Cheyenne, WY",56,Wyoming,21,Laramie,41.13069,-104.75308
8/29/2016,AQS,560210002,1,0.053,ppm,49,Cheyenne Mobile,17,100,44201,Ozone,16940,"Cheyenne, WY",56,Wyoming,21,Laramie,41.13069,-104.75308
8/30/2016,AQS,560210002,1,0.045,ppm,42,Cheyenne Mobile,17,100,44201,Ozone,16940,"Cheyenne, WY",56,Wyoming,21,Laramie,41.13069,-104.75308
8/31/2016,AQS,560210002,1,0.045,ppm,42,Cheyenne Mobile,17,100,44201,Ozone,16940,"Cheyenne, WY",56,Wyoming,21,Laramie,41.13069,-104.75308
9/1/2016,AQS,560210002,1,0.044,ppm,41,Cheyenne Mobile,17,100,44201,Ozone,16940,"Cheyenne, WY",56,Wyoming,21,Laramie,41.13069,-104.75308
9/2/2016,AQS,560210002,1,0.041,ppm,38,Cheyenne Mobile,17,100,44201,Ozone,16940,"Cheyenne, WY",56,Wyoming,21,Laramie,41.13069,-104.75308
9/3/2016,AQS,560210002,1,0.046,ppm,43,Cheyenne Mobile,17,100,44201,Ozone,16940,"Cheyenne, WY",56,Wyoming,21,Laramie,41.13069,-104.75308
9/4/2016,AQS,560210002,1,0.041,ppm,38,Cheyenne Mobile,17,100,44201,Ozone,16940,"Cheyenne, WY",56,Wyoming,21,Laramie,41.13069,-104.75308
9/5/2016,AQS,560210002,1,0.044,ppm,41,Cheyenne Mobile,17,100,44201,Ozone,16940,"Cheyenne, WY",56,Wyoming,21,Laramie,41.13069,-104.75308
9/6/2016,AQS,560210002,1,0.042,ppm,39,Cheyenne Mobile,17,100,44201,Ozone,16940,"Cheyenne, WY",56,Wyoming,21,Laramie,41.13069,-104.75308
9/7/2016,AQS,560210002,1,0.05,ppm,46,Cheyenne Mobile,17,100,44201,Ozone,16940,"Cheyenne, WY",56,Wyoming,21,Laramie,41.13069,-104.75308
9/8/2016,AQS,560210002,1,0.046,ppm,43,Cheyenne Mobile,17,100,44201,Ozone,16940,"Cheyenne, WY",56,Wyoming,21,Laramie,41.13069,-104.75308
9/9/2016,AQS,560210002,1,0.038,ppm,35,Cheyenne Mobile,17,100,44201,Ozone,16940,"Cheyenne, WY",56,Wyoming,21,Laramie,41.13069,-104.75308
9/10/2016,AQS,560210002,1,0.051,ppm,47,Cheyenne Mobile,17,100,44201,Ozone,16940,"Cheyenne, WY",56,Wyoming,21,Laramie,41.13069,-104.75308
9/11/2016,AQS,560210002,1,0.048,ppm,44,Cheyenne Mobile,17,100,44201,Ozone,16940,"Cheyenne, WY",56,Wyoming,21,Laramie,41.13069,-104.75308
9/12/2016,AQS,560210002,1,0.039,ppm,36,Cheyenne Mobile,17,100,44201,Ozone,16940,"Cheyenne, WY",56,Wyoming,21,Laramie,41.13069,-104.75308
9/13/2016,AQS,560210002,1,0.022,ppm,20,Cheyenne Mobile,17,100,44201,Ozone,16940,"Cheyenne, WY",56,Wyoming,21,Laramie,41.13069,-104.75308
9/14/2016,AQS,560210002,1,0.035,ppm,32,Cheyenne Mobile,17,100,44201,Ozone,16940,"Cheyenne, WY",56,Wyoming,21,Laramie,41.13069,-104.75308
9/15/2016,AQS,560210002,1,0.044,ppm,41,Cheyenne Mobile,17,100,44201,Ozone,16940,"Cheyenne, WY",56,Wyoming,21,Laramie,41.13069,-104.75308
9/16/2016,AQS,560210002,1,0.045,ppm,42,Cheyenne Mobile,17,100,44201,Ozone,16940,"Cheyenne, WY",56,Wyoming,21,Laramie,41.13069,-104.75308
9/27/2016,AQS,560210002,1,0.038,ppm,35,Cheyenne Mobile,14,82,44201,Ozone,16940,"Cheyenne, WY",56,Wyoming,21,Laramie,41.13069,-104.75308
9/28/2016,AQS,560210002,1,0.036,ppm,33,Cheyenne Mobile,17,100,44201,Ozone,16940,"Cheyenne, WY",56,Wyoming,21,Laramie,41.13069,-104.75308
9/29/2016,AQS,560210002,1,0.045,ppm,42,Cheyenne Mobile,17,100,44201,Ozone,16940,"Cheyenne, WY",56,Wyoming,21,Laramie,41.13069,-104.75308
9/30/2016,AQS,560210002,1,0.036,ppm,33,Cheyenne Mobile,17,100,44201,Ozone,16940,"Cheyenne, WY",56,Wyoming,21,Laramie,41.13069,-104.75308
10/1/2016,AQS,560210002,1,0.048,ppm,44,Cheyenne Mobile,17,100,44201,Ozone,16940,"Cheyenne, WY",56,Wyoming,21,Laramie,41.13069,-104.75308
10/2/2016,AQS,560210002,1,0.046,ppm,43,Cheyenne Mobile,17,100,44201,Ozone,16940,"Cheyenne, WY",56,Wyoming,21,Laramie,41.13069,-104.75308
10/3/2016,AQS,560210002,1,0.053,ppm,49,Cheyenne Mobile,17,100,44201,Ozone,16940,"Cheyenne, WY",56,Wyoming,21,Laramie,41.13069,-104.75308
10/4/2016,AQS,560210002,1,0.04,ppm,37,Cheyenne Mobile,17,100,44201,Ozone,16940,"Cheyenne, WY",56,Wyoming,21,Laramie,41.13069,-104.75308
10/5/2016,AQS,560210002,1,0.047,ppm,44,Cheyenne Mobile,17,100,44201,Ozone,16940,"Cheyenne, WY",56,Wyoming,21,Laramie,41.13069,-104.75308
10/6/2016,AQS,560210002,1,0.032,ppm,30,Cheyenne Mobile,17,100,44201,Ozone,16940,"Cheyenne, WY",56,Wyoming,21,Laramie,41.13069,-104.75308
10/7/2016,AQS,560210002,1,0.043,ppm,40,Cheyenne Mobile,17,100,44201,Ozone,16940,"Cheyenne, WY",56,Wyoming,21,Laramie,41.13069,-104.75308
10/8/2016,AQS,560210002,1,0.046,ppm,43,Cheyenne Mobile,17,100,44201,Ozone,16940,"Cheyenne, WY",56,Wyoming,21,Laramie,41.13069,-104.75308
10/9/2016,AQS,560210002,1,0.046,ppm,43,Cheyenne Mobile,17,100,44201,Ozone,16940,"Cheyenne, WY",56,Wyoming,21,Laramie,41.13069,-104.75308
10/10/2016,AQS,560210002,1,0.038,ppm,35,Cheyenne Mobile,17,100,44201,Ozone,16940,"Cheyenne, WY",56,Wyoming,21,Laramie,41.13069,-104.75308
10/11/2016,AQS,560210002,1,0.046,ppm,43,Cheyenne Mobile,17,100,44201,Ozone,16940,"Cheyenne, WY",56,Wyoming,21,Laramie,41.13069,-104.75308
10/12/2016,AQS,560210002,1,0.017,ppm,16,Cheyenne Mobile,17,100,44201,Ozone,16940,"Cheyenne, WY",56,Wyoming,21,Laramie,41.13069,-104.75308
10/13/2016,AQS,560210002,1,0.045,ppm,42,Cheyenne Mobile,17,100,44201,Ozone,16940,"Cheyenne, WY",56,Wyoming,21,Laramie,41.13069,-104.75308
10/14/2016,AQS,560210002,1,0.037,ppm,34,Cheyenne Mobile,17,100,44201,Ozone,16940,"Cheyenne, WY",56,Wyoming,21,Laramie,41.13069,-104.75308
10/15/2016,AQS,560210002,1,0.039,ppm,36,Cheyenne Mobile,17,100,44201,Ozone,16940,"Cheyenne, WY",56,Wyoming,21,Laramie,41.13069,-104.75308
10/16/2016,AQS,560210002,1,0.044,ppm,41,Cheyenne Mobile,17,100,44201,Ozone,16940,"Cheyenne, WY",56,Wyoming,21,Laramie,41.13069,-104.75308
10/17/2016,AQS,560210002,1,0.047,ppm,44,Cheyenne Mobile,17,100,44201,Ozone,16940,"Cheyenne, WY",56,Wyoming,21,Laramie,41.13069,-104.75308
10/18/2016,AQS,560210002,1,0.046,ppm,43,Cheyenne Mobile,17,100,44201,Ozone,16940,"Cheyenne, WY",56,Wyoming,21,Laramie,41.13069,-104.75308
10/19/2016,AQS,560210002,1,0.04,ppm,37,Cheyenne Mobile,17,100,44201,Ozone,16940,"Cheyenne, WY",56,Wyoming,21,Laramie,41.13069,-104.75308
10/20/2016,AQS,560210002,1,0.04,ppm,37,Cheyenne Mobile,17,100,44201,Ozone,16940,"Cheyenne, WY",56,Wyoming,21,Laramie,41.13069,-104.75308
10/21/2016,AQS,560210002,1,0.047,ppm,44,Cheyenne Mobile,17,100,44201,Ozone,16940,"Cheyenne, WY",56,Wyoming,21,Laramie,41.13069,-104.75308
10/22/2016,AQS,560210002,1,0.045,ppm,42,Cheyenne Mobile,17,100,44201,Ozone,16940,"Cheyenne, WY",56,Wyoming,21,Laramie,41.13069,-104.75308
10/23/2016,AQS,560210002,1,0.043,ppm,40,Cheyenne Mobile,17,100,44201,Ozone,16940,"Cheyenne, WY",56,Wyoming,21,Laramie,41.13069,-104.75308
10/24/2016,AQS,560210002,1,0.043,ppm,40,Cheyenne Mobile,17,100,44201,Ozone,16940,"Cheyenne, WY",56,Wyoming,21,Laramie,41.13069,-104.75308
10/25/2016,AQS,560210002,1,0.038,ppm,35,Cheyenne Mobile,17,100,44201,Ozone,16940,"Cheyenne, WY",56,Wyoming,21,Laramie,41.13069,-104.75308
10/26/2016,AQS,560210002,1,0.04,ppm,37,Cheyenne Mobile,17,100,44201,Ozone,16940,"Cheyenne, WY",56,Wyoming,21,Laramie,41.13069,-104.75308
10/27/2016,AQS,560210002,1,0.043,ppm,40,Cheyenne Mobile,17,100,44201,Ozone,16940,"Cheyenne, WY",56,Wyoming,21,Laramie,41.13069,-104.75308
10/28/2016,AQS,560210002,1,0.032,ppm,30,Cheyenne Mobile,17,100,44201,Ozone,16940,"Cheyenne, WY",56,Wyoming,21,Laramie,41.13069,-104.75308
10/29/2016,AQS,560210002,1,0.041,ppm,38,Cheyenne Mobile,17,100,44201,Ozone,16940,"Cheyenne, WY",56,Wyoming,21,Laramie,41.13069,-104.75308
10/30/2016,AQS,560210002,1,0.031,ppm,29,Cheyenne Mobile,17,100,44201,Ozone,16940,"Cheyenne, WY",56,Wyoming,21,Laramie,41.13069,-104.75308
10/31/2016,AQS,560210002,1,0.038,ppm,35,Cheyenne Mobile,17,100,44201,Ozone,16940,"Cheyenne, WY",56,Wyoming,21,Laramie,41.13069,-104.75308
11/1/2016,AQS,560210002,1,0.044,ppm,41,Cheyenne Mobile,17,100,44201,Ozone,16940,"Cheyenne, WY",56,Wyoming,21,Laramie,41.13069,-104.75308
11/2/2016,AQS,560210002,1,0.042,ppm,39,Cheyenne Mobile,17,100,44201,Ozone,16940,"Cheyenne, WY",56,Wyoming,21,Laramie,41.13069,-104.75308
11/3/2016,AQS,560210002,1,0.045,ppm,42,Cheyenne Mobile,17,100,44201,Ozone,16940,"Cheyenne, WY",56,Wyoming,21,Laramie,41.13069,-104.75308
11/4/2016,AQS,560210002,1,0.046,ppm,43,Cheyenne Mobile,17,100,44201,Ozone,16940,"Cheyenne, WY",56,Wyoming,21,Laramie,41.13069,-104.75308
11/5/2016,AQS,560210002,1,0.043,ppm,40,Cheyenne Mobile,17,100,44201,Ozone,16940,"Cheyenne, WY",56,Wyoming,21,Laramie,41.13069,-104.75308
11/6/2016,AQS,560210002,1,0.043,ppm,40,Cheyenne Mobile,17,100,44201,Ozone,16940,"Cheyenne, WY",56,Wyoming,21,Laramie,41.13069,-104.75308
11/7/2016,AQS,560210002,1,0.043,ppm,40,Cheyenne Mobile,17,100,44201,Ozone,16940,"Cheyenne, WY",56,Wyoming,21,Laramie,41.13069,-104.75308
11/8/2016,AQS,560210002,1,0.042,ppm,39,Cheyenne Mobile,17,100,44201,Ozone,16940,"Cheyenne, WY",56,Wyoming,21,Laramie,41.13069,-104.75308
11/9/2016,AQS,560210002,1,0.041,ppm,38,Cheyenne Mobile,17,100,44201,Ozone,16940,"Cheyenne, WY",56,Wyoming,21,Laramie,41.13069,-104.75308
11/11/2016,AQS,560210002,1,0.037,ppm,34,Cheyenne Mobile,13,76,44201,Ozone,16940,"Cheyenne, WY",56,Wyoming,21,Laramie,41.13069,-104.75308
11/13/2016,AQS,560210002,1,0.047,ppm,44,Cheyenne Mobile,13,76,44201,Ozone,16940,"Cheyenne, WY",56,Wyoming,21,Laramie,41.13069,-104.75308
11/14/2016,AQS,560210002,1,0.045,ppm,42,Cheyenne Mobile,17,100,44201,Ozone,16940,"Cheyenne, WY",56,Wyoming,21,Laramie,41.13069,-104.75308
11/15/2016,AQS,560210002,1,0.048,ppm,44,Cheyenne Mobile,17,100,44201,Ozone,16940,"Cheyenne, WY",56,Wyoming,21,Laramie,41.13069,-104.75308
11/16/2016,AQS,560210002,1,0.042,ppm,39,Cheyenne Mobile,17,100,44201,Ozone,16940,"Cheyenne, WY",56,Wyoming,21,Laramie,41.13069,-104.75308
11/17/2016,AQS,560210002,1,0.037,ppm,34,Cheyenne Mobile,17,100,44201,Ozone,16940,"Cheyenne, WY",56,Wyoming,21,Laramie,41.13069,-104.75308
11/18/2016,AQS,560210002,1,0.039,ppm,36,Cheyenne Mobile,17,100,44201,Ozone,16940,"Cheyenne, WY",56,Wyoming,21,Laramie,41.13069,-104.75308
11/19/2016,AQS,560210002,1,0.034,ppm,31,Cheyenne Mobile,17,100,44201,Ozone,16940,"Cheyenne, WY",56,Wyoming,21,Laramie,41.13069,-104.75308
11/20/2016,AQS,560210002,1,0.039,ppm,36,Cheyenne Mobile,17,100,44201,Ozone,16940,"Cheyenne, WY",56,Wyoming,21,Laramie,41.13069,-104.75308
11/21/2016,AQS,560210002,1,0.034,ppm,31,Cheyenne Mobile,17,100,44201,Ozone,16940,"Cheyenne, WY",56,Wyoming,21,Laramie,41.13069,-104.75308
11/22/2016,AQS,560210002,1,0.038,ppm,35,Cheyenne Mobile,17,100,44201,Ozone,16940,"Cheyenne, WY",56,Wyoming,21,Laramie,41.13069,-104.75308
11/23/2016,AQS,560210002,1,0.035,ppm,32,Cheyenne Mobile,17,100,44201,Ozone,16940,"Cheyenne, WY",56,Wyoming,21,Laramie,41.13069,-104.75308
11/24/2016,AQS,560210002,1,0.041,ppm,38,Cheyenne Mobile,17,100,44201,Ozone,16940,"Cheyenne, WY",56,Wyoming,21,Laramie,41.13069,-104.75308
11/25/2016,AQS,560210002,1,0.045,ppm,42,Cheyenne Mobile,17,100,44201,Ozone,16940,"Cheyenne, WY",56,Wyoming,21,Laramie,41.13069,-104.75308
11/26/2016,AQS,560210002,1,0.045,ppm,42,Cheyenne Mobile,17,100,44201,Ozone,16940,"Cheyenne, WY",56,Wyoming,21,Laramie,41.13069,-104.75308
11/27/2016,AQS,560210002,1,0.043,ppm,40,Cheyenne Mobile,17,100,44201,Ozone,16940,"Cheyenne, WY",56,Wyoming,21,Laramie,41.13069,-104.75308
11/28/2016,AQS,560210002,1,0.042,ppm,39,Cheyenne Mobile,17,100,44201,Ozone,16940,"Cheyenne, WY",56,Wyoming,21,Laramie,41.13069,-104.75308
11/29/2016,AQS,560210002,1,0.04,ppm,37,Cheyenne Mobile,17,100,44201,Ozone,16940,"Cheyenne, WY",56,Wyoming,21,Laramie,41.13069,-104.75308
11/30/2016,AQS,560210002,1,0.039,ppm,36,Cheyenne Mobile,17,100,44201,Ozone,16940,"Cheyenne, WY",56,Wyoming,21,Laramie,41.13069,-104.75308
12/1/2016,AQS,560210002,1,0.037,ppm,34,Cheyenne Mobile,17,100,44201,Ozone,16940,"Cheyenne, WY",56,Wyoming,21,Laramie,41.13069,-104.75308
12/2/2016,AQS,560210002,1,0.036,ppm,33,Cheyenne Mobile,17,100,44201,Ozone,16940,"Cheyenne, WY",56,Wyoming,21,Laramie,41.13069,-104.75308
12/3/2016,AQS,560210002,1,0.043,ppm,40,Cheyenne Mobile,17,100,44201,Ozone,16940,"Cheyenne, WY",56,Wyoming,21,Laramie,41.13069,-104.75308
12/4/2016,AQS,560210002,1,0.041,ppm,38,Cheyenne Mobile,17,100,44201,Ozone,16940,"Cheyenne, WY",56,Wyoming,21,Laramie,41.13069,-104.75308
12/5/2016,AQS,560210002,1,0.044,ppm,41,Cheyenne Mobile,17,100,44201,Ozone,16940,"Cheyenne, WY",56,Wyoming,21,Laramie,41.13069,-104.75308
12/6/2016,AQS,560210002,1,0.039,ppm,36,Cheyenne Mobile,17,100,44201,Ozone,16940,"Cheyenne, WY",56,Wyoming,21,Laramie,41.13069,-104.75308
12/7/2016,AQS,560210002,1,0.032,ppm,30,Cheyenne Mobile,17,100,44201,Ozone,16940,"Cheyenne, WY",56,Wyoming,21,Laramie,41.13069,-104.75308
12/8/2016,AQS,560210002,1,0.025,ppm,23,Cheyenne Mobile,17,100,44201,Ozone,16940,"Cheyenne, WY",56,Wyoming,21,Laramie,41.13069,-104.75308
12/9/2016,AQS,560210002,1,0.04,ppm,37,Cheyenne Mobile,17,100,44201,Ozone,16940,"Cheyenne, WY",56,Wyoming,21,Laramie,41.13069,-104.75308
12/10/2016,AQS,560210002,1,0.041,ppm,38,Cheyenne Mobile,17,100,44201,Ozone,16940,"Cheyenne, WY",56,Wyoming,21,Laramie,41.13069,-104.75308
12/11/2016,AQS,560210002,1,0.044,ppm,41,Cheyenne Mobile,17,100,44201,Ozone,16940,"Cheyenne, WY",56,Wyoming,21,Laramie,41.13069,-104.75308
12/12/2016,AQS,560210002,1,0.047,ppm,44,Cheyenne Mobile,17,100,44201,Ozone,16940,"Cheyenne, WY",56,Wyoming,21,Laramie,41.13069,-104.75308
12/13/2016,AQS,560210002,1,0.043,ppm,40,Cheyenne Mobile,17,100,44201,Ozone,16940,"Cheyenne, WY",56,Wyoming,21,Laramie,41.13069,-104.75308
12/14/2016,AQS,560210002,1,0.029,ppm,27,Cheyenne Mobile,17,100,44201,Ozone,16940,"Cheyenne, WY",56,Wyoming,21,Laramie,41.13069,-104.75308
12/15/2016,AQS,560210002,1,0.033,ppm,31,Cheyenne Mobile,17,100,44201,Ozone,16940,"Cheyenne, WY",56,Wyoming,21,Laramie,41.13069,-104.75308
12/16/2016,AQS,560210002,1,0.035,ppm,32,Cheyenne Mobile,17,100,44201,Ozone,16940,"Cheyenne, WY",56,Wyoming,21,Laramie,41.13069,-104.75308
12/17/2016,AQS,560210002,1,0.038,ppm,35,Cheyenne Mobile,17,100,44201,Ozone,16940,"Cheyenne, WY",56,Wyoming,21,Laramie,41.13069,-104.75308
12/18/2016,AQS,560210002,1,0.046,ppm,43,Cheyenne Mobile,17,100,44201,Ozone,16940,"Cheyenne, WY",56,Wyoming,21,Laramie,41.13069,-104.75308
12/19/2016,AQS,560210002,1,0.046,ppm,43,Cheyenne Mobile,17,100,44201,Ozone,16940,"Cheyenne, WY",56,Wyoming,21,Laramie,41.13069,-104.75308
12/20/2016,AQS,560210002,1,0.044,ppm,41,Cheyenne Mobile,17,100,44201,Ozone,16940,"Cheyenne, WY",56,Wyoming,21,Laramie,41.13069,-104.75308
12/21/2016,AQS,560210002,1,0.041,ppm,38,Cheyenne Mobile,17,100,44201,Ozone,16940,"Cheyenne, WY",56,Wyoming,21,Laramie,41.13069,-104.75308
12/22/2016,AQS,560210002,1,0.034,ppm,31,Cheyenne Mobile,17,100,44201,Ozone,16940,"Cheyenne, WY",56,Wyoming,21,Laramie,41.13069,-104.75308
12/23/2016,AQS,560210002,1,0.043,ppm,40,Cheyenne Mobile,17,100,44201,Ozone,16940,"Cheyenne, WY",56,Wyoming,21,Laramie,41.13069,-104.75308
12/24/2016,AQS,560210002,1,0.036,ppm,33,Cheyenne Mobile,17,100,44201,Ozone,16940,"Cheyenne, WY",56,Wyoming,21,Laramie,41.13069,-104.75308
12/25/2016,AQS,560210002,1,0.042,ppm,39,Cheyenne Mobile,17,100,44201,Ozone,16940,"Cheyenne, WY",56,Wyoming,21,Laramie,41.13069,-104.75308
12/26/2016,AQS,560210002,1,0.043,ppm,40,Cheyenne Mobile,17,100,44201,Ozone,16940,"Cheyenne, WY",56,Wyoming,21,Laramie,41.13069,-104.75308
12/27/2016,AQS,560210002,1,0.052,ppm,48,Cheyenne Mobile,17,100,44201,Ozone,16940,"Cheyenne, WY",56,Wyoming,21,Laramie,41.13069,-104.75308
12/28/2016,AQS,560210002,1,0.046,ppm,43,Cheyenne Mobile,17,100,44201,Ozone,16940,"Cheyenne, WY",56,Wyoming,21,Laramie,41.13069,-104.75308
12/30/2016,AQS,560210002,1,0.044,ppm,41,Cheyenne Mobile,17,100,44201,Ozone,16940,"Cheyenne, WY",56,Wyoming,21,Laramie,41.13069,-104.75308
1/1/2016,AQS,560210100,1,0.043,ppm,40,Cheyenne NCore,17,100,44201,Ozone,16940,"Cheyenne, WY",56,Wyoming,21,Laramie,41.18222711,-104.7783342
1/2/2016,AQS,560210100,1,0.047,ppm,44,Cheyenne NCore,17,100,44201,Ozone,16940,"Cheyenne, WY",56,Wyoming,21,Laramie,41.18222711,-104.7783342
1/3/2016,AQS,560210100,1,0.041,ppm,38,Cheyenne NCore,17,100,44201,Ozone,16940,"Cheyenne, WY",56,Wyoming,21,Laramie,41.18222711,-104.7783342
1/4/2016,AQS,560210100,1,0.035,ppm,32,Cheyenne NCore,17,100,44201,Ozone,16940,"Cheyenne, WY",56,Wyoming,21,Laramie,41.18222711,-104.7783342
1/5/2016,AQS,560210100,1,0.04,ppm,37,Cheyenne NCore,17,100,44201,Ozone,16940,"Cheyenne, WY",56,Wyoming,21,Laramie,41.18222711,-104.7783342
1/6/2016,AQS,560210100,1,0.039,ppm,36,Cheyenne NCore,17,100,44201,Ozone,16940,"Cheyenne, WY",56,Wyoming,21,Laramie,41.18222711,-104.7783342
1/7/2016,AQS,560210100,1,0.04,ppm,37,Cheyenne NCore,17,100,44201,Ozone,16940,"Cheyenne, WY",56,Wyoming,21,Laramie,41.18222711,-104.7783342
1/8/2016,AQS,560210100,1,0.027,ppm,25,Cheyenne NCore,17,100,44201,Ozone,16940,"Cheyenne, WY",56,Wyoming,21,Laramie,41.18222711,-104.7783342
1/9/2016,AQS,560210100,1,0.036,ppm,33,Cheyenne NCore,17,100,44201,Ozone,16940,"Cheyenne, WY",56,Wyoming,21,Laramie,41.18222711,-104.7783342
1/10/2016,AQS,560210100,1,0.043,ppm,40,Cheyenne NCore,17,100,44201,Ozone,16940,"Cheyenne, WY",56,Wyoming,21,Laramie,41.18222711,-104.7783342
1/11/2016,AQS,560210100,1,0.045,ppm,42,Cheyenne NCore,17,100,44201,Ozone,16940,"Cheyenne, WY",56,Wyoming,21,Laramie,41.18222711,-104.7783342
1/12/2016,AQS,560210100,1,0.046,ppm,43,Cheyenne NCore,17,100,44201,Ozone,16940,"Cheyenne, WY",56,Wyoming,21,Laramie,41.18222711,-104.7783342
1/13/2016,AQS,560210100,1,0.046,ppm,43,Cheyenne NCore,17,100,44201,Ozone,16940,"Cheyenne, WY",56,Wyoming,21,Laramie,41.18222711,-104.7783342
1/14/2016,AQS,560210100,1,0.044,ppm,41,Cheyenne NCore,17,100,44201,Ozone,16940,"Cheyenne, WY",56,Wyoming,21,Laramie,41.18222711,-104.7783342
1/15/2016,AQS,560210100,1,0.043,ppm,40,Cheyenne NCore,17,100,44201,Ozone,16940,"Cheyenne, WY",56,Wyoming,21,Laramie,41.18222711,-104.7783342
1/16/2016,AQS,560210100,1,0.044,ppm,41,Cheyenne NCore,17,100,44201,Ozone,16940,"Cheyenne, WY",56,Wyoming,21,Laramie,41.18222711,-104.7783342
1/17/2016,AQS,560210100,1,0.045,ppm,42,Cheyenne NCore,17,100,44201,Ozone,16940,"Cheyenne, WY",56,Wyoming,21,Laramie,41.18222711,-104.7783342
1/18/2016,AQS,560210100,1,0.043,ppm,40,Cheyenne NCore,17,100,44201,Ozone,16940,"Cheyenne, WY",56,Wyoming,21,Laramie,41.18222711,-104.7783342
1/19/2016,AQS,560210100,1,0.041,ppm,38,Cheyenne NCore,17,100,44201,Ozone,16940,"Cheyenne, WY",56,Wyoming,21,Laramie,41.18222711,-104.7783342
1/20/2016,AQS,560210100,1,0.044,ppm,41,Cheyenne NCore,17,100,44201,Ozone,16940,"Cheyenne, WY",56,Wyoming,21,Laramie,41.18222711,-104.7783342
1/21/2016,AQS,560210100,1,0.043,ppm,40,Cheyenne NCore,17,100,44201,Ozone,16940,"Cheyenne, WY",56,Wyoming,21,Laramie,41.18222711,-104.7783342
1/22/2016,AQS,560210100,1,0.04,ppm,37,Cheyenne NCore,17,100,44201,Ozone,16940,"Cheyenne, WY",56,Wyoming,21,Laramie,41.18222711,-104.7783342
1/23/2016,AQS,560210100,1,0.044,ppm,41,Cheyenne NCore,17,100,44201,Ozone,16940,"Cheyenne, WY",56,Wyoming,21,Laramie,41.18222711,-104.7783342
1/24/2016,AQS,560210100,1,0.044,ppm,41,Cheyenne NCore,17,100,44201,Ozone,16940,"Cheyenne, WY",56,Wyoming,21,Laramie,41.18222711,-104.7783342
1/25/2016,AQS,560210100,1,0.036,ppm,33,Cheyenne NCore,17,100,44201,Ozone,16940,"Cheyenne, WY",56,Wyoming,21,Laramie,41.18222711,-104.7783342
1/26/2016,AQS,560210100,1,0.043,ppm,40,Cheyenne NCore,17,100,44201,Ozone,16940,"Cheyenne, WY",56,Wyoming,21,Laramie,41.18222711,-104.7783342
1/27/2016,AQS,560210100,1,0.043,ppm,40,Cheyenne NCore,17,100,44201,Ozone,16940,"Cheyenne, WY",56,Wyoming,21,Laramie,41.18222711,-104.7783342
1/28/2016,AQS,560210100,1,0.042,ppm,39,Cheyenne NCore,17,100,44201,Ozone,16940,"Cheyenne, WY",56,Wyoming,21,Laramie,41.18222711,-104.7783342
1/29/2016,AQS,560210100,1,0.044,ppm,41,Cheyenne NCore,17,100,44201,Ozone,16940,"Cheyenne, WY",56,Wyoming,21,Laramie,41.18222711,-104.7783342
1/30/2016,AQS,560210100,1,0.041,ppm,38,Cheyenne NCore,17,100,44201,Ozone,16940,"Cheyenne, WY",56,Wyoming,21,Laramie,41.18222711,-104.7783342
1/31/2016,AQS,560210100,1,0.044,ppm,41,Cheyenne NCore,17,100,44201,Ozone,16940,"Cheyenne, WY",56,Wyoming,21,Laramie,41.18222711,-104.7783342
2/1/2016,AQS,560210100,1,0.04,ppm,37,Cheyenne NCore,17,100,44201,Ozone,16940,"Cheyenne, WY",56,Wyoming,21,Laramie,41.18222711,-104.7783342
2/2/2016,AQS,560210100,1,0.041,ppm,38,Cheyenne NCore,17,100,44201,Ozone,16940,"Cheyenne, WY",56,Wyoming,21,Laramie,41.18222711,-104.7783342
2/3/2016,AQS,560210100,1,0.045,ppm,42,Cheyenne NCore,17,100,44201,Ozone,16940,"Cheyenne, WY",56,Wyoming,21,Laramie,41.18222711,-104.7783342
2/4/2016,AQS,560210100,1,0.048,ppm,44,Cheyenne NCore,17,100,44201,Ozone,16940,"Cheyenne, WY",56,Wyoming,21,Laramie,41.18222711,-104.7783342
2/5/2016,AQS,560210100,1,0.046,ppm,43,Cheyenne NCore,17,100,44201,Ozone,16940,"Cheyenne, WY",56,Wyoming,21,Laramie,41.18222711,-104.7783342
2/6/2016,AQS,560210100,1,0.048,ppm,44,Cheyenne NCore,17,100,44201,Ozone,16940,"Cheyenne, WY",56,Wyoming,21,Laramie,41.18222711,-104.7783342
2/7/2016,AQS,560210100,1,0.044,ppm,41,Cheyenne NCore,17,100,44201,Ozone,16940,"Cheyenne, WY",56,Wyoming,21,Laramie,41.18222711,-104.7783342
2/8/2016,AQS,560210100,1,0.043,ppm,40,Cheyenne NCore,17,100,44201,Ozone,16940,"Cheyenne, WY",56,Wyoming,21,Laramie,41.18222711,-104.7783342
2/9/2016,AQS,560210100,1,0.046,ppm,43,Cheyenne NCore,17,100,44201,Ozone,16940,"Cheyenne, WY",56,Wyoming,21,Laramie,41.18222711,-104.7783342
2/10/2016,AQS,560210100,1,0.048,ppm,44,Cheyenne NCore,17,100,44201,Ozone,16940,"Cheyenne, WY",56,Wyoming,21,Laramie,41.18222711,-104.7783342
2/11/2016,AQS,560210100,1,0.042,ppm,39,Cheyenne NCore,17,100,44201,Ozone,16940,"Cheyenne, WY",56,Wyoming,21,Laramie,41.18222711,-104.7783342
2/12/2016,AQS,560210100,1,0.042,ppm,39,Cheyenne NCore,17,100,44201,Ozone,16940,"Cheyenne, WY",56,Wyoming,21,Laramie,41.18222711,-104.7783342
2/13/2016,AQS,560210100,1,0.044,ppm,41,Cheyenne NCore,17,100,44201,Ozone,16940,"Cheyenne, WY",56,Wyoming,21,Laramie,41.18222711,-104.7783342
2/14/2016,AQS,560210100,1,0.042,ppm,39,Cheyenne NCore,17,100,44201,Ozone,16940,"Cheyenne, WY",56,Wyoming,21,Laramie,41.18222711,-104.7783342
2/15/2016,AQS,560210100,1,0.038,ppm,35,Cheyenne NCore,17,100,44201,Ozone,16940,"Cheyenne, WY",56,Wyoming,21,Laramie,41.18222711,-104.7783342
2/16/2016,AQS,560210100,1,0.037,ppm,34,Cheyenne NCore,17,100,44201,Ozone,16940,"Cheyenne, WY",56,Wyoming,21,Laramie,41.18222711,-104.7783342
2/17/2016,AQS,560210100,1,0.035,ppm,32,Cheyenne NCore,17,100,44201,Ozone,16940,"Cheyenne, WY",56,Wyoming,21,Laramie,41.18222711,-104.7783342
2/18/2016,AQS,560210100,1,0.046,ppm,43,Cheyenne NCore,17,100,44201,Ozone,16940,"Cheyenne, WY",56,Wyoming,21,Laramie,41.18222711,-104.7783342
2/19/2016,AQS,560210100,1,0.049,ppm,45,Cheyenne NCore,17,100,44201,Ozone,16940,"Cheyenne, WY",56,Wyoming,21,Laramie,41.18222711,-104.7783342
2/20/2016,AQS,560210100,1,0.046,ppm,43,Cheyenne NCore,17,100,44201,Ozone,16940,"Cheyenne, WY",56,Wyoming,21,Laramie,41.18222711,-104.7783342
2/21/2016,AQS,560210100,1,0.045,ppm,42,Cheyenne NCore,17,100,44201,Ozone,16940,"Cheyenne, WY",56,Wyoming,21,Laramie,41.18222711,-104.7783342
2/22/2016,AQS,560210100,1,0.045,ppm,42,Cheyenne NCore,17,100,44201,Ozone,16940,"Cheyenne, WY",56,Wyoming,21,Laramie,41.18222711,-104.7783342
2/23/2016,AQS,560210100,1,0.045,ppm,42,Cheyenne NCore,17,100,44201,Ozone,16940,"Cheyenne, WY",56,Wyoming,21,Laramie,41.18222711,-104.7783342
2/24/2016,AQS,560210100,1,0.047,ppm,44,Cheyenne NCore,17,100,44201,Ozone,16940,"Cheyenne, WY",56,Wyoming,21,Laramie,41.18222711,-104.7783342
2/25/2016,AQS,560210100,1,0.04,ppm,37,Cheyenne NCore,17,100,44201,Ozone,16940,"Cheyenne, WY",56,Wyoming,21,Laramie,41.18222711,-104.7783342
2/26/2016,AQS,560210100,1,0.05,ppm,46,Cheyenne NCore,17,100,44201,Ozone,16940,"Cheyenne, WY",56,Wyoming,21,Laramie,41.18222711,-104.7783342
2/27/2016,AQS,560210100,1,0.05,ppm,46,Cheyenne NCore,17,100,44201,Ozone,16940,"Cheyenne, WY",56,Wyoming,21,Laramie,41.18222711,-104.7783342
2/28/2016,AQS,560210100,1,0.047,ppm,44,Cheyenne NCore,17,100,44201,Ozone,16940,"Cheyenne, WY",56,Wyoming,21,Laramie,41.18222711,-104.7783342
2/29/2016,AQS,560210100,1,0.046,ppm,43,Cheyenne NCore,17,100,44201,Ozone,16940,"Cheyenne, WY",56,Wyoming,21,Laramie,41.18222711,-104.7783342
3/1/2016,AQS,560210100,1,0.046,ppm,43,Cheyenne NCore,17,100,44201,Ozone,16940,"Cheyenne, WY",56,Wyoming,21,Laramie,41.18222711,-104.7783342
3/2/2016,AQS,560210100,1,0.047,ppm,44,Cheyenne NCore,17,100,44201,Ozone,16940,"Cheyenne, WY",56,Wyoming,21,Laramie,41.18222711,-104.7783342
3/3/2016,AQS,560210100,1,0.052,ppm,48,Cheyenne NCore,17,100,44201,Ozone,16940,"Cheyenne, WY",56,Wyoming,21,Laramie,41.18222711,-104.7783342
3/4/2016,AQS,560210100,1,0.044,ppm,41,Cheyenne NCore,17,100,44201,Ozone,16940,"Cheyenne, WY",56,Wyoming,21,Laramie,41.18222711,-104.7783342
3/5/2016,AQS,560210100,1,0.044,ppm,41,Cheyenne NCore,17,100,44201,Ozone,16940,"Cheyenne, WY",56,Wyoming,21,Laramie,41.18222711,-104.7783342
3/6/2016,AQS,560210100,1,0.049,ppm,45,Cheyenne NCore,17,100,44201,Ozone,16940,"Cheyenne, WY",56,Wyoming,21,Laramie,41.18222711,-104.7783342
3/9/2016,AQS,560210100,1,0.045,ppm,42,Cheyenne NCore,13,76,44201,Ozone,16940,"Cheyenne, WY",56,Wyoming,21,Laramie,41.18222711,-104.7783342
3/10/2016,AQS,560210100,1,0.046,ppm,43,Cheyenne NCore,17,100,44201,Ozone,16940,"Cheyenne, WY",56,Wyoming,21,Laramie,41.18222711,-104.7783342
3/11/2016,AQS,560210100,1,0.049,ppm,45,Cheyenne NCore,17,100,44201,Ozone,16940,"Cheyenne, WY",56,Wyoming,21,Laramie,41.18222711,-104.7783342
3/12/2016,AQS,560210100,1,0.046,ppm,43,Cheyenne NCore,17,100,44201,Ozone,16940,"Cheyenne, WY",56,Wyoming,21,Laramie,41.18222711,-104.7783342
3/13/2016,AQS,560210100,1,0.046,ppm,43,Cheyenne NCore,17,100,44201,Ozone,16940,"Cheyenne, WY",56,Wyoming,21,Laramie,41.18222711,-104.7783342
3/14/2016,AQS,560210100,1,0.049,ppm,45,Cheyenne NCore,17,100,44201,Ozone,16940,"Cheyenne, WY",56,Wyoming,21,Laramie,41.18222711,-104.7783342
3/15/2016,AQS,560210100,1,0.044,ppm,41,Cheyenne NCore,17,100,44201,Ozone,16940,"Cheyenne, WY",56,Wyoming,21,Laramie,41.18222711,-104.7783342
3/16/2016,AQS,560210100,1,0.047,ppm,44,Cheyenne NCore,17,100,44201,Ozone,16940,"Cheyenne, WY",56,Wyoming,21,Laramie,41.18222711,-104.7783342
3/17/2016,AQS,560210100,1,0.047,ppm,44,Cheyenne NCore,17,100,44201,Ozone,16940,"Cheyenne, WY",56,Wyoming,21,Laramie,41.18222711,-104.7783342
3/18/2016,AQS,560210100,1,0.042,ppm,39,Cheyenne NCore,17,100,44201,Ozone,16940,"Cheyenne, WY",56,Wyoming,21,Laramie,41.18222711,-104.7783342
3/19/2016,AQS,560210100,1,0.043,ppm,40,Cheyenne NCore,17,100,44201,Ozone,16940,"Cheyenne, WY",56,Wyoming,21,Laramie,41.18222711,-104.7783342
3/20/2016,AQS,560210100,1,0.048,ppm,44,Cheyenne NCore,17,100,44201,Ozone,16940,"Cheyenne, WY",56,Wyoming,21,Laramie,41.18222711,-104.7783342
3/21/2016,AQS,560210100,1,0.053,ppm,49,Cheyenne NCore,17,100,44201,Ozone,16940,"Cheyenne, WY",56,Wyoming,21,Laramie,41.18222711,-104.7783342
3/22/2016,AQS,560210100,1,0.051,ppm,47,Cheyenne NCore,17,100,44201,Ozone,16940,"Cheyenne, WY",56,Wyoming,21,Laramie,41.18222711,-104.7783342
3/23/2016,AQS,560210100,1,0.042,ppm,39,Cheyenne NCore,17,100,44201,Ozone,16940,"Cheyenne, WY",56,Wyoming,21,Laramie,41.18222711,-104.7783342
3/24/2016,AQS,560210100,1,0.049,ppm,45,Cheyenne NCore,17,100,44201,Ozone,16940,"Cheyenne, WY",56,Wyoming,21,Laramie,41.18222711,-104.7783342
3/25/2016,AQS,560210100,1,0.049,ppm,45,Cheyenne NCore,17,100,44201,Ozone,16940,"Cheyenne, WY",56,Wyoming,21,Laramie,41.18222711,-104.7783342
3/26/2016,AQS,560210100,1,0.041,ppm,38,Cheyenne NCore,17,100,44201,Ozone,16940,"Cheyenne, WY",56,Wyoming,21,Laramie,41.18222711,-104.7783342
3/27/2016,AQS,560210100,1,0.05,ppm,46,Cheyenne NCore,17,100,44201,Ozone,16940,"Cheyenne, WY",56,Wyoming,21,Laramie,41.18222711,-104.7783342
3/28/2016,AQS,560210100,1,0.052,ppm,48,Cheyenne NCore,17,100,44201,Ozone,16940,"Cheyenne, WY",56,Wyoming,21,Laramie,41.18222711,-104.7783342
3/30/2016,AQS,560210100,1,0.048,ppm,44,Cheyenne NCore,17,100,44201,Ozone,16940,"Cheyenne, WY",56,Wyoming,21,Laramie,41.18222711,-104.7783342
3/31/2016,AQS,560210100,1,0.047,ppm,44,Cheyenne NCore,17,100,44201,Ozone,16940,"Cheyenne, WY",56,Wyoming,21,Laramie,41.18222711,-104.7783342
4/1/2016,AQS,560210100,1,0.048,ppm,44,Cheyenne NCore,17,100,44201,Ozone,16940,"Cheyenne, WY",56,Wyoming,21,Laramie,41.18222711,-104.7783342
4/2/2016,AQS,560210100,1,0.047,ppm,44,Cheyenne NCore,17,100,44201,Ozone,16940,"Cheyenne, WY",56,Wyoming,21,Laramie,41.18222711,-104.7783342
4/3/2016,AQS,560210100,1,0.047,ppm,44,Cheyenne NCore,17,100,44201,Ozone,16940,"Cheyenne, WY",56,Wyoming,21,Laramie,41.18222711,-104.7783342
4/4/2016,AQS,560210100,1,0.048,ppm,44,Cheyenne NCore,17,100,44201,Ozone,16940,"Cheyenne, WY",56,Wyoming,21,Laramie,41.18222711,-104.7783342
4/5/2016,AQS,560210100,1,0.051,ppm,47,Cheyenne NCore,17,100,44201,Ozone,16940,"Cheyenne, WY",56,Wyoming,21,Laramie,41.18222711,-104.7783342
4/6/2016,AQS,560210100,1,0.045,ppm,42,Cheyenne NCore,17,100,44201,Ozone,16940,"Cheyenne, WY",56,Wyoming,21,Laramie,41.18222711,-104.7783342
4/7/2016,AQS,560210100,1,0.042,ppm,39,Cheyenne NCore,17,100,44201,Ozone,16940,"Cheyenne, WY",56,Wyoming,21,Laramie,41.18222711,-104.7783342
4/8/2016,AQS,560210100,1,0.048,ppm,44,Cheyenne NCore,17,100,44201,Ozone,16940,"Cheyenne, WY",56,Wyoming,21,Laramie,41.18222711,-104.7783342
4/9/2016,AQS,560210100,1,0.05,ppm,46,Cheyenne NCore,17,100,44201,Ozone,16940,"Cheyenne, WY",56,Wyoming,21,Laramie,41.18222711,-104.7783342
4/10/2016,AQS,560210100,1,0.038,ppm,35,Cheyenne NCore,17,100,44201,Ozone,16940,"Cheyenne, WY",56,Wyoming,21,Laramie,41.18222711,-104.7783342
4/11/2016,AQS,560210100,1,0.037,ppm,34,Cheyenne NCore,17,100,44201,Ozone,16940,"Cheyenne, WY",56,Wyoming,21,Laramie,41.18222711,-104.7783342
4/12/2016,AQS,560210100,1,0.046,ppm,43,Cheyenne NCore,17,100,44201,Ozone,16940,"Cheyenne, WY",56,Wyoming,21,Laramie,41.18222711,-104.7783342
4/13/2016,AQS,560210100,1,0.053,ppm,49,Cheyenne NCore,17,100,44201,Ozone,16940,"Cheyenne, WY",56,Wyoming,21,Laramie,41.18222711,-104.7783342
4/14/2016,AQS,560210100,1,0.053,ppm,49,Cheyenne NCore,17,100,44201,Ozone,16940,"Cheyenne, WY",56,Wyoming,21,Laramie,41.18222711,-104.7783342
4/15/2016,AQS,560210100,1,0.052,ppm,48,Cheyenne NCore,17,100,44201,Ozone,16940,"Cheyenne, WY",56,Wyoming,21,Laramie,41.18222711,-104.7783342
4/16/2016,AQS,560210100,1,0.042,ppm,39,Cheyenne NCore,17,100,44201,Ozone,16940,"Cheyenne, WY",56,Wyoming,21,Laramie,41.18222711,-104.7783342
4/17/2016,AQS,560210100,1,0.05,ppm,46,Cheyenne NCore,17,100,44201,Ozone,16940,"Cheyenne, WY",56,Wyoming,21,Laramie,41.18222711,-104.7783342
4/18/2016,AQS,560210100,1,0.048,ppm,44,Cheyenne NCore,17,100,44201,Ozone,16940,"Cheyenne, WY",56,Wyoming,21,Laramie,41.18222711,-104.7783342
4/19/2016,AQS,560210100,1,0.048,ppm,44,Cheyenne NCore,17,100,44201,Ozone,16940,"Cheyenne, WY",56,Wyoming,21,Laramie,41.18222711,-104.7783342
4/20/2016,AQS,560210100,1,0.046,ppm,43,Cheyenne NCore,17,100,44201,Ozone,16940,"Cheyenne, WY",56,Wyoming,21,Laramie,41.18222711,-104.7783342
4/21/2016,AQS,560210100,1,0.055,ppm,51,Cheyenne NCore,13,76,44201,Ozone,16940,"Cheyenne, WY",56,Wyoming,21,Laramie,41.18222711,-104.7783342
4/22/2016,AQS,560210100,1,0.064,ppm,80,Cheyenne NCore,17,100,44201,Ozone,16940,"Cheyenne, WY",56,Wyoming,21,Laramie,41.18222711,-104.7783342
4/23/2016,AQS,560210100,1,0.057,ppm,58,Cheyenne NCore,17,100,44201,Ozone,16940,"Cheyenne, WY",56,Wyoming,21,Laramie,41.18222711,-104.7783342
4/24/2016,AQS,560210100,1,0.041,ppm,38,Cheyenne NCore,17,100,44201,Ozone,16940,"Cheyenne, WY",56,Wyoming,21,Laramie,41.18222711,-104.7783342
4/25/2016,AQS,560210100,1,0.048,ppm,44,Cheyenne NCore,17,100,44201,Ozone,16940,"Cheyenne, WY",56,Wyoming,21,Laramie,41.18222711,-104.7783342
4/26/2016,AQS,560210100,1,0.037,ppm,34,Cheyenne NCore,17,100,44201,Ozone,16940,"Cheyenne, WY",56,Wyoming,21,Laramie,41.18222711,-104.7783342
4/27/2016,AQS,560210100,1,0.037,ppm,34,Cheyenne NCore,17,100,44201,Ozone,16940,"Cheyenne, WY",56,Wyoming,21,Laramie,41.18222711,-104.7783342
4/28/2016,AQS,560210100,1,0.032,ppm,30,Cheyenne NCore,17,100,44201,Ozone,16940,"Cheyenne, WY",56,Wyoming,21,Laramie,41.18222711,-104.7783342
4/29/2016,AQS,560210100,1,0.034,ppm,31,Cheyenne NCore,17,100,44201,Ozone,16940,"Cheyenne, WY",56,Wyoming,21,Laramie,41.18222711,-104.7783342
4/30/2016,AQS,560210100,1,0.042,ppm,39,Cheyenne NCore,17,100,44201,Ozone,16940,"Cheyenne, WY",56,Wyoming,21,Laramie,41.18222711,-104.7783342
5/1/2016,AQS,560210100,1,0.047,ppm,44,Cheyenne NCore,17,100,44201,Ozone,16940,"Cheyenne, WY",56,Wyoming,21,Laramie,41.18222711,-104.7783342
5/2/2016,AQS,560210100,1,0.055,ppm,51,Cheyenne NCore,17,100,44201,Ozone,16940,"Cheyenne, WY",56,Wyoming,21,Laramie,41.18222711,-104.7783342
5/3/2016,AQS,560210100,1,0.052,ppm,48,Cheyenne NCore,17,100,44201,Ozone,16940,"Cheyenne, WY",56,Wyoming,21,Laramie,41.18222711,-104.7783342
5/4/2016,AQS,560210100,1,0.052,ppm,48,Cheyenne NCore,17,100,44201,Ozone,16940,"Cheyenne, WY",56,Wyoming,21,Laramie,41.18222711,-104.7783342
5/5/2016,AQS,560210100,1,0.062,ppm,74,Cheyenne NCore,17,100,44201,Ozone,16940,"Cheyenne, WY",56,Wyoming,21,Laramie,41.18222711,-104.7783342
5/6/2016,AQS,560210100,1,0.06,ppm,67,Cheyenne NCore,17,100,44201,Ozone,16940,"Cheyenne, WY",56,Wyoming,21,Laramie,41.18222711,-104.7783342
5/7/2016,AQS,560210100,1,0.054,ppm,50,Cheyenne NCore,17,100,44201,Ozone,16940,"Cheyenne, WY",56,Wyoming,21,Laramie,41.18222711,-104.7783342
5/8/2016,AQS,560210100,1,0.055,ppm,51,Cheyenne NCore,17,100,44201,Ozone,16940,"Cheyenne, WY",56,Wyoming,21,Laramie,41.18222711,-104.7783342
5/9/2016,AQS,560210100,1,0.052,ppm,48,Cheyenne NCore,17,100,44201,Ozone,16940,"Cheyenne, WY",56,Wyoming,21,Laramie,41.18222711,-104.7783342
5/10/2016,AQS,560210100,1,0.06,ppm,67,Cheyenne NCore,17,100,44201,Ozone,16940,"Cheyenne, WY",56,Wyoming,21,Laramie,41.18222711,-104.7783342
5/11/2016,AQS,560210100,1,0.046,ppm,43,Cheyenne NCore,13,76,44201,Ozone,16940,"Cheyenne, WY",56,Wyoming,21,Laramie,41.18222711,-104.7783342
5/12/2016,AQS,560210100,1,0.055,ppm,51,Cheyenne NCore,17,100,44201,Ozone,16940,"Cheyenne, WY",56,Wyoming,21,Laramie,41.18222711,-104.7783342
5/13/2016,AQS,560210100,1,0.036,ppm,33,Cheyenne NCore,17,100,44201,Ozone,16940,"Cheyenne, WY",56,Wyoming,21,Laramie,41.18222711,-104.7783342
5/14/2016,AQS,560210100,1,0.031,ppm,29,Cheyenne NCore,17,100,44201,Ozone,16940,"Cheyenne, WY",56,Wyoming,21,Laramie,41.18222711,-104.7783342
5/15/2016,AQS,560210100,1,0.032,ppm,30,Cheyenne NCore,17,100,44201,Ozone,16940,"Cheyenne, WY",56,Wyoming,21,Laramie,41.18222711,-104.7783342
5/16/2016,AQS,560210100,1,0.027,ppm,25,Cheyenne NCore,17,100,44201,Ozone,16940,"Cheyenne, WY",56,Wyoming,21,Laramie,41.18222711,-104.7783342
5/17/2016,AQS,560210100,1,0.043,ppm,40,Cheyenne NCore,17,100,44201,Ozone,16940,"Cheyenne, WY",56,Wyoming,21,Laramie,41.18222711,-104.7783342
5/18/2016,AQS,560210100,1,0.044,ppm,41,Cheyenne NCore,17,100,44201,Ozone,16940,"Cheyenne, WY",56,Wyoming,21,Laramie,41.18222711,-104.7783342
5/19/2016,AQS,560210100,1,0.05,ppm,46,Cheyenne NCore,17,100,44201,Ozone,16940,"Cheyenne, WY",56,Wyoming,21,Laramie,41.18222711,-104.7783342
5/20/2016,AQS,560210100,1,0.052,ppm,48,Cheyenne NCore,17,100,44201,Ozone,16940,"Cheyenne, WY",56,Wyoming,21,Laramie,41.18222711,-104.7783342
5/21/2016,AQS,560210100,1,0.045,ppm,42,Cheyenne NCore,17,100,44201,Ozone,16940,"Cheyenne, WY",56,Wyoming,21,Laramie,41.18222711,-104.7783342
5/22/2016,AQS,560210100,1,0.053,ppm,49,Cheyenne NCore,17,100,44201,Ozone,16940,"Cheyenne, WY",56,Wyoming,21,Laramie,41.18222711,-104.7783342
5/23/2016,AQS,560210100,1,0.056,ppm,54,Cheyenne NCore,17,100,44201,Ozone,16940,"Cheyenne, WY",56,Wyoming,21,Laramie,41.18222711,-104.7783342
5/24/2016,AQS,560210100,1,0.056,ppm,54,Cheyenne NCore,17,100,44201,Ozone,16940,"Cheyenne, WY",56,Wyoming,21,Laramie,41.18222711,-104.7783342
5/25/2016,AQS,560210100,1,0.058,ppm,61,Cheyenne NCore,17,100,44201,Ozone,16940,"Cheyenne, WY",56,Wyoming,21,Laramie,41.18222711,-104.7783342
5/26/2016,AQS,560210100,1,0.054,ppm,50,Cheyenne NCore,17,100,44201,Ozone,16940,"Cheyenne, WY",56,Wyoming,21,Laramie,41.18222711,-104.7783342
5/27/2016,AQS,560210100,1,0.045,ppm,42,Cheyenne NCore,17,100,44201,Ozone,16940,"Cheyenne, WY",56,Wyoming,21,Laramie,41.18222711,-104.7783342
5/28/2016,AQS,560210100,1,0.049,ppm,45,Cheyenne NCore,17,100,44201,Ozone,16940,"Cheyenne, WY",56,Wyoming,21,Laramie,41.18222711,-104.7783342
5/29/2016,AQS,560210100,1,0.053,ppm,49,Cheyenne NCore,17,100,44201,Ozone,16940,"Cheyenne, WY",56,Wyoming,21,Laramie,41.18222711,-104.7783342
5/30/2016,AQS,560210100,1,0.046,ppm,43,Cheyenne NCore,17,100,44201,Ozone,16940,"Cheyenne, WY",56,Wyoming,21,Laramie,41.18222711,-104.7783342
5/31/2016,AQS,560210100,1,0.053,ppm,49,Cheyenne NCore,17,100,44201,Ozone,16940,"Cheyenne, WY",56,Wyoming,21,Laramie,41.18222711,-104.7783342
6/1/2016,AQS,560210100,1,0.05,ppm,46,Cheyenne NCore,17,100,44201,Ozone,16940,"Cheyenne, WY",56,Wyoming,21,Laramie,41.18222711,-104.7783342
6/2/2016,AQS,560210100,1,0.051,ppm,47,Cheyenne NCore,17,100,44201,Ozone,16940,"Cheyenne, WY",56,Wyoming,21,Laramie,41.18222711,-104.7783342
6/3/2016,AQS,560210100,1,0.047,ppm,44,Cheyenne NCore,17,100,44201,Ozone,16940,"Cheyenne, WY",56,Wyoming,21,Laramie,41.18222711,-104.7783342
6/4/2016,AQS,560210100,1,0.046,ppm,43,Cheyenne NCore,17,100,44201,Ozone,16940,"Cheyenne, WY",56,Wyoming,21,Laramie,41.18222711,-104.7783342
6/5/2016,AQS,560210100,1,0.043,ppm,40,Cheyenne NCore,17,100,44201,Ozone,16940,"Cheyenne, WY",56,Wyoming,21,Laramie,41.18222711,-104.7783342
6/6/2016,AQS,560210100,1,0.048,ppm,44,Cheyenne NCore,17,100,44201,Ozone,16940,"Cheyenne, WY",56,Wyoming,21,Laramie,41.18222711,-104.7783342
6/7/2016,AQS,560210100,1,0.051,ppm,47,Cheyenne NCore,17,100,44201,Ozone,16940,"Cheyenne, WY",56,Wyoming,21,Laramie,41.18222711,-104.7783342
6/8/2016,AQS,560210100,1,0.055,ppm,51,Cheyenne NCore,17,100,44201,Ozone,16940,"Cheyenne, WY",56,Wyoming,21,Laramie,41.18222711,-104.7783342
6/9/2016,AQS,560210100,1,0.047,ppm,44,Cheyenne NCore,17,100,44201,Ozone,16940,"Cheyenne, WY",56,Wyoming,21,Laramie,41.18222711,-104.7783342
6/10/2016,AQS,560210100,1,0.052,ppm,48,Cheyenne NCore,17,100,44201,Ozone,16940,"Cheyenne, WY",56,Wyoming,21,Laramie,41.18222711,-104.7783342
6/11/2016,AQS,560210100,1,0.056,ppm,54,Cheyenne NCore,17,100,44201,Ozone,16940,"Cheyenne, WY",56,Wyoming,21,Laramie,41.18222711,-104.7783342
6/12/2016,AQS,560210100,1,0.042,ppm,39,Cheyenne NCore,17,100,44201,Ozone,16940,"Cheyenne, WY",56,Wyoming,21,Laramie,41.18222711,-104.7783342
6/13/2016,AQS,560210100,1,0.051,ppm,47,Cheyenne NCore,17,100,44201,Ozone,16940,"Cheyenne, WY",56,Wyoming,21,Laramie,41.18222711,-104.7783342
6/14/2016,AQS,560210100,1,0.054,ppm,50,Cheyenne NCore,17,100,44201,Ozone,16940,"Cheyenne, WY",56,Wyoming,21,Laramie,41.18222711,-104.7783342
6/15/2016,AQS,560210100,1,0.062,ppm,74,Cheyenne NCore,17,100,44201,Ozone,16940,"Cheyenne, WY",56,Wyoming,21,Laramie,41.18222711,-104.7783342
6/18/2016,AQS,560210100,1,0.061,ppm,71,Cheyenne NCore,17,100,44201,Ozone,16940,"Cheyenne, WY",56,Wyoming,21,Laramie,41.18222711,-104.7783342
6/19/2016,AQS,560210100,1,0.052,ppm,48,Cheyenne NCore,17,100,44201,Ozone,16940,"Cheyenne, WY",56,Wyoming,21,Laramie,41.18222711,-104.7783342
6/20/2016,AQS,560210100,1,0.051,ppm,47,Cheyenne NCore,17,100,44201,Ozone,16940,"Cheyenne, WY",56,Wyoming,21,Laramie,41.18222711,-104.7783342
6/21/2016,AQS,560210100,1,0.055,ppm,51,Cheyenne NCore,15,88,44201,Ozone,16940,"Cheyenne, WY",56,Wyoming,21,Laramie,41.18222711,-104.7783342
6/22/2016,AQS,560210100,1,0.053,ppm,49,Cheyenne NCore,17,100,44201,Ozone,16940,"Cheyenne, WY",56,Wyoming,21,Laramie,41.18222711,-104.7783342
6/23/2016,AQS,560210100,1,0.05,ppm,46,Cheyenne NCore,17,100,44201,Ozone,16940,"Cheyenne, WY",56,Wyoming,21,Laramie,41.18222711,-104.7783342
6/24/2016,AQS,560210100,1,0.059,ppm,64,Cheyenne NCore,17,100,44201,Ozone,16940,"Cheyenne, WY",56,Wyoming,21,Laramie,41.18222711,-104.7783342
6/25/2016,AQS,560210100,1,0.049,ppm,45,Cheyenne NCore,17,100,44201,Ozone,16940,"Cheyenne, WY",56,Wyoming,21,Laramie,41.18222711,-104.7783342
6/26/2016,AQS,560210100,1,0.061,ppm,71,Cheyenne NCore,17,100,44201,Ozone,16940,"Cheyenne, WY",56,Wyoming,21,Laramie,41.18222711,-104.7783342
6/27/2016,AQS,560210100,1,0.054,ppm,50,Cheyenne NCore,17,100,44201,Ozone,16940,"Cheyenne, WY",56,Wyoming,21,Laramie,41.18222711,-104.7783342
6/28/2016,AQS,560210100,1,0.06,ppm,67,Cheyenne NCore,17,100,44201,Ozone,16940,"Cheyenne, WY",56,Wyoming,21,Laramie,41.18222711,-104.7783342
6/29/2016,AQS,560210100,1,0.055,ppm,51,Cheyenne NCore,17,100,44201,Ozone,16940,"Cheyenne, WY",56,Wyoming,21,Laramie,41.18222711,-104.7783342
6/30/2016,AQS,560210100,1,0.053,ppm,49,Cheyenne NCore,17,100,44201,Ozone,16940,"Cheyenne, WY",56,Wyoming,21,Laramie,41.18222711,-104.7783342
7/1/2016,AQS,560210100,1,0.046,ppm,43,Cheyenne NCore,17,100,44201,Ozone,16940,"Cheyenne, WY",56,Wyoming,21,Laramie,41.18222711,-104.7783342
7/2/2016,AQS,560210100,1,0.054,ppm,50,Cheyenne NCore,17,100,44201,Ozone,16940,"Cheyenne, WY",56,Wyoming,21,Laramie,41.18222711,-104.7783342
7/3/2016,AQS,560210100,1,0.051,ppm,47,Cheyenne NCore,17,100,44201,Ozone,16940,"Cheyenne, WY",56,Wyoming,21,Laramie,41.18222711,-104.7783342
7/4/2016,AQS,560210100,1,0.056,ppm,54,Cheyenne NCore,17,100,44201,Ozone,16940,"Cheyenne, WY",56,Wyoming,21,Laramie,41.18222711,-104.7783342
7/5/2016,AQS,560210100,1,0.05,ppm,46,Cheyenne NCore,17,100,44201,Ozone,16940,"Cheyenne, WY",56,Wyoming,21,Laramie,41.18222711,-104.7783342
7/6/2016,AQS,560210100,1,0.052,ppm,48,Cheyenne NCore,17,100,44201,Ozone,16940,"Cheyenne, WY",56,Wyoming,21,Laramie,41.18222711,-104.7783342
7/7/2016,AQS,560210100,1,0.052,ppm,48,Cheyenne NCore,17,100,44201,Ozone,16940,"Cheyenne, WY",56,Wyoming,21,Laramie,41.18222711,-104.7783342
7/8/2016,AQS,560210100,1,0.058,ppm,61,Cheyenne NCore,17,100,44201,Ozone,16940,"Cheyenne, WY",56,Wyoming,21,Laramie,41.18222711,-104.7783342
7/9/2016,AQS,560210100,1,0.048,ppm,44,Cheyenne NCore,17,100,44201,Ozone,16940,"Cheyenne, WY",56,Wyoming,21,Laramie,41.18222711,-104.7783342
7/10/2016,AQS,560210100,1,0.06,ppm,67,Cheyenne NCore,17,100,44201,Ozone,16940,"Cheyenne, WY",56,Wyoming,21,Laramie,41.18222711,-104.7783342
7/11/2016,AQS,560210100,1,0.054,ppm,50,Cheyenne NCore,17,100,44201,Ozone,16940,"Cheyenne, WY",56,Wyoming,21,Laramie,41.18222711,-104.7783342
7/12/2016,AQS,560210100,1,0.057,ppm,58,Cheyenne NCore,17,100,44201,Ozone,16940,"Cheyenne, WY",56,Wyoming,21,Laramie,41.18222711,-104.7783342
7/13/2016,AQS,560210100,1,0.059,ppm,64,Cheyenne NCore,17,100,44201,Ozone,16940,"Cheyenne, WY",56,Wyoming,21,Laramie,41.18222711,-104.7783342
7/14/2016,AQS,560210100,1,0.055,ppm,51,Cheyenne NCore,17,100,44201,Ozone,16940,"Cheyenne, WY",56,Wyoming,21,Laramie,41.18222711,-104.7783342
7/16/2016,AQS,560210100,1,0.061,ppm,71,Cheyenne NCore,17,100,44201,Ozone,16940,"Cheyenne, WY",56,Wyoming,21,Laramie,41.18222711,-104.7783342
7/17/2016,AQS,560210100,1,0.054,ppm,50,Cheyenne NCore,17,100,44201,Ozone,16940,"Cheyenne, WY",56,Wyoming,21,Laramie,41.18222711,-104.7783342
7/18/2016,AQS,560210100,1,0.053,ppm,49,Cheyenne NCore,17,100,44201,Ozone,16940,"Cheyenne, WY",56,Wyoming,21,Laramie,41.18222711,-104.7783342
7/19/2016,AQS,560210100,1,0.046,ppm,43,Cheyenne NCore,17,100,44201,Ozone,16940,"Cheyenne, WY",56,Wyoming,21,Laramie,41.18222711,-104.7783342
7/20/2016,AQS,560210100,1,0.049,ppm,45,Cheyenne NCore,17,100,44201,Ozone,16940,"Cheyenne, WY",56,Wyoming,21,Laramie,41.18222711,-104.7783342
7/21/2016,AQS,560210100,1,0.053,ppm,49,Cheyenne NCore,17,100,44201,Ozone,16940,"Cheyenne, WY",56,Wyoming,21,Laramie,41.18222711,-104.7783342
7/22/2016,AQS,560210100,1,0.061,ppm,71,Cheyenne NCore,17,100,44201,Ozone,16940,"Cheyenne, WY",56,Wyoming,21,Laramie,41.18222711,-104.7783342
7/23/2016,AQS,560210100,1,0.048,ppm,44,Cheyenne NCore,17,100,44201,Ozone,16940,"Cheyenne, WY",56,Wyoming,21,Laramie,41.18222711,-104.7783342
7/24/2016,AQS,560210100,1,0.052,ppm,48,Cheyenne NCore,17,100,44201,Ozone,16940,"Cheyenne, WY",56,Wyoming,21,Laramie,41.18222711,-104.7783342
7/25/2016,AQS,560210100,1,0.057,ppm,58,Cheyenne NCore,17,100,44201,Ozone,16940,"Cheyenne, WY",56,Wyoming,21,Laramie,41.18222711,-104.7783342
7/26/2016,AQS,560210100,1,0.055,ppm,51,Cheyenne NCore,17,100,44201,Ozone,16940,"Cheyenne, WY",56,Wyoming,21,Laramie,41.18222711,-104.7783342
7/27/2016,AQS,560210100,1,0.058,ppm,61,Cheyenne NCore,17,100,44201,Ozone,16940,"Cheyenne, WY",56,Wyoming,21,Laramie,41.18222711,-104.7783342
7/28/2016,AQS,560210100,1,0.047,ppm,44,Cheyenne NCore,17,100,44201,Ozone,16940,"Cheyenne, WY",56,Wyoming,21,Laramie,41.18222711,-104.7783342
7/29/2016,AQS,560210100,1,0.054,ppm,50,Cheyenne NCore,17,100,44201,Ozone,16940,"Cheyenne, WY",56,Wyoming,21,Laramie,41.18222711,-104.7783342
7/30/2016,AQS,560210100,1,0.058,ppm,61,Cheyenne NCore,17,100,44201,Ozone,16940,"Cheyenne, WY",56,Wyoming,21,Laramie,41.18222711,-104.7783342
7/31/2016,AQS,560210100,1,0.052,ppm,48,Cheyenne NCore,17,100,44201,Ozone,16940,"Cheyenne, WY",56,Wyoming,21,Laramie,41.18222711,-104.7783342
8/1/2016,AQS,560210100,1,0.058,ppm,61,Cheyenne NCore,17,100,44201,Ozone,16940,"Cheyenne, WY",56,Wyoming,21,Laramie,41.18222711,-104.7783342
8/2/2016,AQS,560210100,1,0.061,ppm,71,Cheyenne NCore,17,100,44201,Ozone,16940,"Cheyenne, WY",56,Wyoming,21,Laramie,41.18222711,-104.7783342
8/4/2016,AQS,560210100,1,0.046,ppm,43,Cheyenne NCore,17,100,44201,Ozone,16940,"Cheyenne, WY",56,Wyoming,21,Laramie,41.18222711,-104.7783342
8/6/2016,AQS,560210100,1,0.044,ppm,41,Cheyenne NCore,17,100,44201,Ozone,16940,"Cheyenne, WY",56,Wyoming,21,Laramie,41.18222711,-104.7783342
8/7/2016,AQS,560210100,1,0.059,ppm,64,Cheyenne NCore,14,82,44201,Ozone,16940,"Cheyenne, WY",56,Wyoming,21,Laramie,41.18222711,-104.7783342
8/8/2016,AQS,560210100,1,0.054,ppm,50,Cheyenne NCore,17,100,44201,Ozone,16940,"Cheyenne, WY",56,Wyoming,21,Laramie,41.18222711,-104.7783342
8/9/2016,AQS,560210100,1,0.053,ppm,49,Cheyenne NCore,17,100,44201,Ozone,16940,"Cheyenne, WY",56,Wyoming,21,Laramie,41.18222711,-104.7783342
8/10/2016,AQS,560210100,1,0.049,ppm,45,Cheyenne NCore,17,100,44201,Ozone,16940,"Cheyenne, WY",56,Wyoming,21,Laramie,41.18222711,-104.7783342
8/11/2016,AQS,560210100,1,0.05,ppm,46,Cheyenne NCore,17,100,44201,Ozone,16940,"Cheyenne, WY",56,Wyoming,21,Laramie,41.18222711,-104.7783342
8/13/2016,AQS,560210100,1,0.054,ppm,50,Cheyenne NCore,17,100,44201,Ozone,16940,"Cheyenne, WY",56,Wyoming,21,Laramie,41.18222711,-104.7783342
8/14/2016,AQS,560210100,1,0.058,ppm,61,Cheyenne NCore,17,100,44201,Ozone,16940,"Cheyenne, WY",56,Wyoming,21,Laramie,41.18222711,-104.7783342
8/15/2016,AQS,560210100,1,0.051,ppm,47,Cheyenne NCore,17,100,44201,Ozone,16940,"Cheyenne, WY",56,Wyoming,21,Laramie,41.18222711,-104.7783342
8/16/2016,AQS,560210100,1,0.056,ppm,54,Cheyenne NCore,13,76,44201,Ozone,16940,"Cheyenne, WY",56,Wyoming,21,Laramie,41.18222711,-104.7783342
8/17/2016,AQS,560210100,1,0.061,ppm,71,Cheyenne NCore,17,100,44201,Ozone,16940,"Cheyenne, WY",56,Wyoming,21,Laramie,41.18222711,-104.7783342
8/18/2016,AQS,560210100,1,0.056,ppm,54,Cheyenne NCore,17,100,44201,Ozone,16940,"Cheyenne, WY",56,Wyoming,21,Laramie,41.18222711,-104.7783342
8/19/2016,AQS,560210100,1,0.036,ppm,33,Cheyenne NCore,17,100,44201,Ozone,16940,"Cheyenne, WY",56,Wyoming,21,Laramie,41.18222711,-104.7783342
8/20/2016,AQS,560210100,1,0.042,ppm,39,Cheyenne NCore,17,100,44201,Ozone,16940,"Cheyenne, WY",56,Wyoming,21,Laramie,41.18222711,-104.7783342
8/21/2016,AQS,560210100,1,0.056,ppm,54,Cheyenne NCore,13,76,44201,Ozone,16940,"Cheyenne, WY",56,Wyoming,21,Laramie,41.18222711,-104.7783342
8/22/2016,AQS,560210100,1,0.05,ppm,46,Cheyenne NCore,17,100,44201,Ozone,16940,"Cheyenne, WY",56,Wyoming,21,Laramie,41.18222711,-104.7783342
8/26/2016,AQS,560210100,1,0.049,ppm,45,Cheyenne NCore,17,100,44201,Ozone,16940,"Cheyenne, WY",56,Wyoming,21,Laramie,41.18222711,-104.7783342
8/27/2016,AQS,560210100,1,0.054,ppm,50,Cheyenne NCore,17,100,44201,Ozone,16940,"Cheyenne, WY",56,Wyoming,21,Laramie,41.18222711,-104.7783342
8/28/2016,AQS,560210100,1,0.055,ppm,51,Cheyenne NCore,17,100,44201,Ozone,16940,"Cheyenne, WY",56,Wyoming,21,Laramie,41.18222711,-104.7783342
8/29/2016,AQS,560210100,1,0.054,ppm,50,Cheyenne NCore,17,100,44201,Ozone,16940,"Cheyenne, WY",56,Wyoming,21,Laramie,41.18222711,-104.7783342
8/30/2016,AQS,560210100,1,0.049,ppm,45,Cheyenne NCore,17,100,44201,Ozone,16940,"Cheyenne, WY",56,Wyoming,21,Laramie,41.18222711,-104.7783342
8/31/2016,AQS,560210100,1,0.046,ppm,43,Cheyenne NCore,17,100,44201,Ozone,16940,"Cheyenne, WY",56,Wyoming,21,Laramie,41.18222711,-104.7783342
9/1/2016,AQS,560210100,1,0.046,ppm,43,Cheyenne NCore,17,100,44201,Ozone,16940,"Cheyenne, WY",56,Wyoming,21,Laramie,41.18222711,-104.7783342
9/2/2016,AQS,560210100,1,0.044,ppm,41,Cheyenne NCore,17,100,44201,Ozone,16940,"Cheyenne, WY",56,Wyoming,21,Laramie,41.18222711,-104.7783342
9/3/2016,AQS,560210100,1,0.048,ppm,44,Cheyenne NCore,17,100,44201,Ozone,16940,"Cheyenne, WY",56,Wyoming,21,Laramie,41.18222711,-104.7783342
9/4/2016,AQS,560210100,1,0.042,ppm,39,Cheyenne NCore,17,100,44201,Ozone,16940,"Cheyenne, WY",56,Wyoming,21,Laramie,41.18222711,-104.7783342
9/5/2016,AQS,560210100,1,0.045,ppm,42,Cheyenne NCore,17,100,44201,Ozone,16940,"Cheyenne, WY",56,Wyoming,21,Laramie,41.18222711,-104.7783342
9/6/2016,AQS,560210100,1,0.042,ppm,39,Cheyenne NCore,17,100,44201,Ozone,16940,"Cheyenne, WY",56,Wyoming,21,Laramie,41.18222711,-104.7783342
9/8/2016,AQS,560210100,1,0.047,ppm,44,Cheyenne NCore,17,100,44201,Ozone,16940,"Cheyenne, WY",56,Wyoming,21,Laramie,41.18222711,-104.7783342
9/9/2016,AQS,560210100,1,0.038,ppm,35,Cheyenne NCore,17,100,44201,Ozone,16940,"Cheyenne, WY",56,Wyoming,21,Laramie,41.18222711,-104.7783342
9/10/2016,AQS,560210100,1,0.053,ppm,49,Cheyenne NCore,17,100,44201,Ozone,16940,"Cheyenne, WY",56,Wyoming,21,Laramie,41.18222711,-104.7783342
9/11/2016,AQS,560210100,1,0.049,ppm,45,Cheyenne NCore,17,100,44201,Ozone,16940,"Cheyenne, WY",56,Wyoming,21,Laramie,41.18222711,-104.7783342
9/12/2016,AQS,560210100,1,0.04,ppm,37,Cheyenne NCore,17,100,44201,Ozone,16940,"Cheyenne, WY",56,Wyoming,21,Laramie,41.18222711,-104.7783342
9/13/2016,AQS,560210100,1,0.023,ppm,21,Cheyenne NCore,17,100,44201,Ozone,16940,"Cheyenne, WY",56,Wyoming,21,Laramie,41.18222711,-104.7783342
9/14/2016,AQS,560210100,1,0.036,ppm,33,Cheyenne NCore,17,100,44201,Ozone,16940,"Cheyenne, WY",56,Wyoming,21,Laramie,41.18222711,-104.7783342
9/15/2016,AQS,560210100,1,0.044,ppm,41,Cheyenne NCore,14,82,44201,Ozone,16940,"Cheyenne, WY",56,Wyoming,21,Laramie,41.18222711,-104.7783342
9/16/2016,AQS,560210100,1,0.046,ppm,43,Cheyenne NCore,17,100,44201,Ozone,16940,"Cheyenne, WY",56,Wyoming,21,Laramie,41.18222711,-104.7783342
9/17/2016,AQS,560210100,1,0.047,ppm,44,Cheyenne NCore,17,100,44201,Ozone,16940,"Cheyenne, WY",56,Wyoming,21,Laramie,41.18222711,-104.7783342
9/21/2016,AQS,560210100,1,0.041,ppm,38,Cheyenne NCore,17,100,44201,Ozone,16940,"Cheyenne, WY",56,Wyoming,21,Laramie,41.18222711,-104.7783342
9/22/2016,AQS,560210100,1,0.032,ppm,30,Cheyenne NCore,17,100,44201,Ozone,16940,"Cheyenne, WY",56,Wyoming,21,Laramie,41.18222711,-104.7783342
9/23/2016,AQS,560210100,1,0.05,ppm,46,Cheyenne NCore,17,100,44201,Ozone,16940,"Cheyenne, WY",56,Wyoming,21,Laramie,41.18222711,-104.7783342
9/24/2016,AQS,560210100,1,0.04,ppm,37,Cheyenne NCore,17,100,44201,Ozone,16940,"Cheyenne, WY",56,Wyoming,21,Laramie,41.18222711,-104.7783342
9/25/2016,AQS,560210100,1,0.044,ppm,41,Cheyenne NCore,17,100,44201,Ozone,16940,"Cheyenne, WY",56,Wyoming,21,Laramie,41.18222711,-104.7783342
9/26/2016,AQS,560210100,1,0.04,ppm,37,Cheyenne NCore,17,100,44201,Ozone,16940,"Cheyenne, WY",56,Wyoming,21,Laramie,41.18222711,-104.7783342
9/27/2016,AQS,560210100,1,0.04,ppm,37,Cheyenne NCore,17,100,44201,Ozone,16940,"Cheyenne, WY",56,Wyoming,21,Laramie,41.18222711,-104.7783342
9/28/2016,AQS,560210100,1,0.037,ppm,34,Cheyenne NCore,17,100,44201,Ozone,16940,"Cheyenne, WY",56,Wyoming,21,Laramie,41.18222711,-104.7783342
9/29/2016,AQS,560210100,1,0.047,ppm,44,Cheyenne NCore,17,100,44201,Ozone,16940,"Cheyenne, WY",56,Wyoming,21,Laramie,41.18222711,-104.7783342
9/30/2016,AQS,560210100,1,0.037,ppm,34,Cheyenne NCore,17,100,44201,Ozone,16940,"Cheyenne, WY",56,Wyoming,21,Laramie,41.18222711,-104.7783342
10/1/2016,AQS,560210100,1,0.05,ppm,46,Cheyenne NCore,17,100,44201,Ozone,16940,"Cheyenne, WY",56,Wyoming,21,Laramie,41.18222711,-104.7783342
10/2/2016,AQS,560210100,1,0.047,ppm,44,Cheyenne NCore,17,100,44201,Ozone,16940,"Cheyenne, WY",56,Wyoming,21,Laramie,41.18222711,-104.7783342
10/3/2016,AQS,560210100,1,0.053,ppm,49,Cheyenne NCore,17,100,44201,Ozone,16940,"Cheyenne, WY",56,Wyoming,21,Laramie,41.18222711,-104.7783342
10/4/2016,AQS,560210100,1,0.04,ppm,37,Cheyenne NCore,17,100,44201,Ozone,16940,"Cheyenne, WY",56,Wyoming,21,Laramie,41.18222711,-104.7783342
10/5/2016,AQS,560210100,1,0.047,ppm,44,Cheyenne NCore,17,100,44201,Ozone,16940,"Cheyenne, WY",56,Wyoming,21,Laramie,41.18222711,-104.7783342
10/6/2016,AQS,560210100,1,0.032,ppm,30,Cheyenne NCore,17,100,44201,Ozone,16940,"Cheyenne, WY",56,Wyoming,21,Laramie,41.18222711,-104.7783342
10/7/2016,AQS,560210100,1,0.043,ppm,40,Cheyenne NCore,17,100,44201,Ozone,16940,"Cheyenne, WY",56,Wyoming,21,Laramie,41.18222711,-104.7783342
10/8/2016,AQS,560210100,1,0.047,ppm,44,Cheyenne NCore,17,100,44201,Ozone,16940,"Cheyenne, WY",56,Wyoming,21,Laramie,41.18222711,-104.7783342
10/9/2016,AQS,560210100,1,0.048,ppm,44,Cheyenne NCore,17,100,44201,Ozone,16940,"Cheyenne, WY",56,Wyoming,21,Laramie,41.18222711,-104.7783342
10/10/2016,AQS,560210100,1,0.039,ppm,36,Cheyenne NCore,17,100,44201,Ozone,16940,"Cheyenne, WY",56,Wyoming,21,Laramie,41.18222711,-104.7783342
10/11/2016,AQS,560210100,1,0.046,ppm,43,Cheyenne NCore,17,100,44201,Ozone,16940,"Cheyenne, WY",56,Wyoming,21,Laramie,41.18222711,-104.7783342
10/12/2016,AQS,560210100,1,0.02,ppm,19,Cheyenne NCore,17,100,44201,Ozone,16940,"Cheyenne, WY",56,Wyoming,21,Laramie,41.18222711,-104.7783342
10/13/2016,AQS,560210100,1,0.045,ppm,42,Cheyenne NCore,17,100,44201,Ozone,16940,"Cheyenne, WY",56,Wyoming,21,Laramie,41.18222711,-104.7783342
10/14/2016,AQS,560210100,1,0.038,ppm,35,Cheyenne NCore,17,100,44201,Ozone,16940,"Cheyenne, WY",56,Wyoming,21,Laramie,41.18222711,-104.7783342
10/15/2016,AQS,560210100,1,0.04,ppm,37,Cheyenne NCore,17,100,44201,Ozone,16940,"Cheyenne, WY",56,Wyoming,21,Laramie,41.18222711,-104.7783342
10/16/2016,AQS,560210100,1,0.043,ppm,40,Cheyenne NCore,17,100,44201,Ozone,16940,"Cheyenne, WY",56,Wyoming,21,Laramie,41.18222711,-104.7783342
10/17/2016,AQS,560210100,1,0.047,ppm,44,Cheyenne NCore,17,100,44201,Ozone,16940,"Cheyenne, WY",56,Wyoming,21,Laramie,41.18222711,-104.7783342
10/18/2016,AQS,560210100,1,0.045,ppm,42,Cheyenne NCore,17,100,44201,Ozone,16940,"Cheyenne, WY",56,Wyoming,21,Laramie,41.18222711,-104.7783342
10/19/2016,AQS,560210100,1,0.04,ppm,37,Cheyenne NCore,17,100,44201,Ozone,16940,"Cheyenne, WY",56,Wyoming,21,Laramie,41.18222711,-104.7783342
10/20/2016,AQS,560210100,1,0.039,ppm,36,Cheyenne NCore,17,100,44201,Ozone,16940,"Cheyenne, WY",56,Wyoming,21,Laramie,41.18222711,-104.7783342
10/21/2016,AQS,560210100,1,0.048,ppm,44,Cheyenne NCore,17,100,44201,Ozone,16940,"Cheyenne, WY",56,Wyoming,21,Laramie,41.18222711,-104.7783342
10/22/2016,AQS,560210100,1,0.046,ppm,43,Cheyenne NCore,17,100,44201,Ozone,16940,"Cheyenne, WY",56,Wyoming,21,Laramie,41.18222711,-104.7783342
10/23/2016,AQS,560210100,1,0.042,ppm,39,Cheyenne NCore,17,100,44201,Ozone,16940,"Cheyenne, WY",56,Wyoming,21,Laramie,41.18222711,-104.7783342
10/24/2016,AQS,560210100,1,0.043,ppm,40,Cheyenne NCore,17,100,44201,Ozone,16940,"Cheyenne, WY",56,Wyoming,21,Laramie,41.18222711,-104.7783342
10/25/2016,AQS,560210100,1,0.039,ppm,36,Cheyenne NCore,17,100,44201,Ozone,16940,"Cheyenne, WY",56,Wyoming,21,Laramie,41.18222711,-104.7783342
10/26/2016,AQS,560210100,1,0.041,ppm,38,Cheyenne NCore,17,100,44201,Ozone,16940,"Cheyenne, WY",56,Wyoming,21,Laramie,41.18222711,-104.7783342
10/27/2016,AQS,560210100,1,0.043,ppm,40,Cheyenne NCore,17,100,44201,Ozone,16940,"Cheyenne, WY",56,Wyoming,21,Laramie,41.18222711,-104.7783342
10/28/2016,AQS,560210100,1,0.036,ppm,33,Cheyenne NCore,17,100,44201,Ozone,16940,"Cheyenne, WY",56,Wyoming,21,Laramie,41.18222711,-104.7783342
10/29/2016,AQS,560210100,1,0.041,ppm,38,Cheyenne NCore,17,100,44201,Ozone,16940,"Cheyenne, WY",56,Wyoming,21,Laramie,41.18222711,-104.7783342
10/30/2016,AQS,560210100,1,0.032,ppm,30,Cheyenne NCore,17,100,44201,Ozone,16940,"Cheyenne, WY",56,Wyoming,21,Laramie,41.18222711,-104.7783342
10/31/2016,AQS,560210100,1,0.039,ppm,36,Cheyenne NCore,17,100,44201,Ozone,16940,"Cheyenne, WY",56,Wyoming,21,Laramie,41.18222711,-104.7783342
11/1/2016,AQS,560210100,1,0.043,ppm,40,Cheyenne NCore,17,100,44201,Ozone,16940,"Cheyenne, WY",56,Wyoming,21,Laramie,41.18222711,-104.7783342
11/2/2016,AQS,560210100,1,0.043,ppm,40,Cheyenne NCore,17,100,44201,Ozone,16940,"Cheyenne, WY",56,Wyoming,21,Laramie,41.18222711,-104.7783342
11/3/2016,AQS,560210100,1,0.047,ppm,44,Cheyenne NCore,17,100,44201,Ozone,16940,"Cheyenne, WY",56,Wyoming,21,Laramie,41.18222711,-104.7783342
11/4/2016,AQS,560210100,1,0.047,ppm,44,Cheyenne NCore,17,100,44201,Ozone,16940,"Cheyenne, WY",56,Wyoming,21,Laramie,41.18222711,-104.7783342
11/5/2016,AQS,560210100,1,0.045,ppm,42,Cheyenne NCore,17,100,44201,Ozone,16940,"Cheyenne, WY",56,Wyoming,21,Laramie,41.18222711,-104.7783342
11/6/2016,AQS,560210100,1,0.043,ppm,40,Cheyenne NCore,17,100,44201,Ozone,16940,"Cheyenne, WY",56,Wyoming,21,Laramie,41.18222711,-104.7783342
11/7/2016,AQS,560210100,1,0.043,ppm,40,Cheyenne NCore,17,100,44201,Ozone,16940,"Cheyenne, WY",56,Wyoming,21,Laramie,41.18222711,-104.7783342
11/8/2016,AQS,560210100,1,0.043,ppm,40,Cheyenne NCore,17,100,44201,Ozone,16940,"Cheyenne, WY",56,Wyoming,21,Laramie,41.18222711,-104.7783342
11/9/2016,AQS,560210100,1,0.042,ppm,39,Cheyenne NCore,17,100,44201,Ozone,16940,"Cheyenne, WY",56,Wyoming,21,Laramie,41.18222711,-104.7783342
11/10/2016,AQS,560210100,1,0.039,ppm,36,Cheyenne NCore,17,100,44201,Ozone,16940,"Cheyenne, WY",56,Wyoming,21,Laramie,41.18222711,-104.7783342
11/11/2016,AQS,560210100,1,0.037,ppm,34,Cheyenne NCore,17,100,44201,Ozone,16940,"Cheyenne, WY",56,Wyoming,21,Laramie,41.18222711,-104.7783342
11/12/2016,AQS,560210100,1,0.043,ppm,40,Cheyenne NCore,17,100,44201,Ozone,16940,"Cheyenne, WY",56,Wyoming,21,Laramie,41.18222711,-104.7783342
11/13/2016,AQS,560210100,1,0.047,ppm,44,Cheyenne NCore,17,100,44201,Ozone,16940,"Cheyenne, WY",56,Wyoming,21,Laramie,41.18222711,-104.7783342
11/14/2016,AQS,560210100,1,0.045,ppm,42,Cheyenne NCore,17,100,44201,Ozone,16940,"Cheyenne, WY",56,Wyoming,21,Laramie,41.18222711,-104.7783342
11/15/2016,AQS,560210100,1,0.048,ppm,44,Cheyenne NCore,17,100,44201,Ozone,16940,"Cheyenne, WY",56,Wyoming,21,Laramie,41.18222711,-104.7783342
11/16/2016,AQS,560210100,1,0.042,ppm,39,Cheyenne NCore,17,100,44201,Ozone,16940,"Cheyenne, WY",56,Wyoming,21,Laramie,41.18222711,-104.7783342
11/17/2016,AQS,560210100,1,0.036,ppm,33,Cheyenne NCore,17,100,44201,Ozone,16940,"Cheyenne, WY",56,Wyoming,21,Laramie,41.18222711,-104.7783342
11/18/2016,AQS,560210100,1,0.038,ppm,35,Cheyenne NCore,17,100,44201,Ozone,16940,"Cheyenne, WY",56,Wyoming,21,Laramie,41.18222711,-104.7783342
11/19/2016,AQS,560210100,1,0.034,ppm,31,Cheyenne NCore,17,100,44201,Ozone,16940,"Cheyenne, WY",56,Wyoming,21,Laramie,41.18222711,-104.7783342
11/20/2016,AQS,560210100,1,0.041,ppm,38,Cheyenne NCore,17,100,44201,Ozone,16940,"Cheyenne, WY",56,Wyoming,21,Laramie,41.18222711,-104.7783342
11/21/2016,AQS,560210100,1,0.037,ppm,34,Cheyenne NCore,17,100,44201,Ozone,16940,"Cheyenne, WY",56,Wyoming,21,Laramie,41.18222711,-104.7783342
11/22/2016,AQS,560210100,1,0.037,ppm,34,Cheyenne NCore,17,100,44201,Ozone,16940,"Cheyenne, WY",56,Wyoming,21,Laramie,41.18222711,-104.7783342
11/23/2016,AQS,560210100,1,0.035,ppm,32,Cheyenne NCore,17,100,44201,Ozone,16940,"Cheyenne, WY",56,Wyoming,21,Laramie,41.18222711,-104.7783342
11/24/2016,AQS,560210100,1,0.039,ppm,36,Cheyenne NCore,17,100,44201,Ozone,16940,"Cheyenne, WY",56,Wyoming,21,Laramie,41.18222711,-104.7783342
11/25/2016,AQS,560210100,1,0.047,ppm,44,Cheyenne NCore,17,100,44201,Ozone,16940,"Cheyenne, WY",56,Wyoming,21,Laramie,41.18222711,-104.7783342
11/26/2016,AQS,560210100,1,0.047,ppm,44,Cheyenne NCore,17,100,44201,Ozone,16940,"Cheyenne, WY",56,Wyoming,21,Laramie,41.18222711,-104.7783342
11/27/2016,AQS,560210100,1,0.042,ppm,39,Cheyenne NCore,17,100,44201,Ozone,16940,"Cheyenne, WY",56,Wyoming,21,Laramie,41.18222711,-104.7783342
11/28/2016,AQS,560210100,1,0.041,ppm,38,Cheyenne NCore,17,100,44201,Ozone,16940,"Cheyenne, WY",56,Wyoming,21,Laramie,41.18222711,-104.7783342
11/29/2016,AQS,560210100,1,0.039,ppm,36,Cheyenne NCore,17,100,44201,Ozone,16940,"Cheyenne, WY",56,Wyoming,21,Laramie,41.18222711,-104.7783342
11/30/2016,AQS,560210100,1,0.038,ppm,35,Cheyenne NCore,17,100,44201,Ozone,16940,"Cheyenne, WY",56,Wyoming,21,Laramie,41.18222711,-104.7783342
12/1/2016,AQS,560210100,1,0.037,ppm,34,Cheyenne NCore,17,100,44201,Ozone,16940,"Cheyenne, WY",56,Wyoming,21,Laramie,41.18222711,-104.7783342
12/2/2016,AQS,560210100,1,0.036,ppm,33,Cheyenne NCore,17,100,44201,Ozone,16940,"Cheyenne, WY",56,Wyoming,21,Laramie,41.18222711,-104.7783342
12/3/2016,AQS,560210100,1,0.042,ppm,39,Cheyenne NCore,17,100,44201,Ozone,16940,"Cheyenne, WY",56,Wyoming,21,Laramie,41.18222711,-104.7783342
12/4/2016,AQS,560210100,1,0.042,ppm,39,Cheyenne NCore,17,100,44201,Ozone,16940,"Cheyenne, WY",56,Wyoming,21,Laramie,41.18222711,-104.7783342
12/5/2016,AQS,560210100,1,0.044,ppm,41,Cheyenne NCore,17,100,44201,Ozone,16940,"Cheyenne, WY",56,Wyoming,21,Laramie,41.18222711,-104.7783342
12/9/2016,AQS,560210100,1,0.039,ppm,36,Cheyenne NCore,17,100,44201,Ozone,16940,"Cheyenne, WY",56,Wyoming,21,Laramie,41.18222711,-104.7783342
12/10/2016,AQS,560210100,1,0.039,ppm,36,Cheyenne NCore,17,100,44201,Ozone,16940,"Cheyenne, WY",56,Wyoming,21,Laramie,41.18222711,-104.7783342
12/11/2016,AQS,560210100,1,0.042,ppm,39,Cheyenne NCore,17,100,44201,Ozone,16940,"Cheyenne, WY",56,Wyoming,21,Laramie,41.18222711,-104.7783342
12/12/2016,AQS,560210100,1,0.045,ppm,42,Cheyenne NCore,17,100,44201,Ozone,16940,"Cheyenne, WY",56,Wyoming,21,Laramie,41.18222711,-104.7783342
12/13/2016,AQS,560210100,1,0.042,ppm,39,Cheyenne NCore,16,94,44201,Ozone,16940,"Cheyenne, WY",56,Wyoming,21,Laramie,41.18222711,-104.7783342
12/14/2016,AQS,560210100,1,0.025,ppm,23,Cheyenne NCore,15,88,44201,Ozone,16940,"Cheyenne, WY",56,Wyoming,21,Laramie,41.18222711,-104.7783342
12/15/2016,AQS,560210100,1,0.035,ppm,32,Cheyenne NCore,17,100,44201,Ozone,16940,"Cheyenne, WY",56,Wyoming,21,Laramie,41.18222711,-104.7783342
12/16/2016,AQS,560210100,1,0.033,ppm,31,Cheyenne NCore,17,100,44201,Ozone,16940,"Cheyenne, WY",56,Wyoming,21,Laramie,41.18222711,-104.7783342
12/17/2016,AQS,560210100,1,0.036,ppm,33,Cheyenne NCore,17,100,44201,Ozone,16940,"Cheyenne, WY",56,Wyoming,21,Laramie,41.18222711,-104.7783342
12/18/2016,AQS,560210100,1,0.045,ppm,42,Cheyenne NCore,17,100,44201,Ozone,16940,"Cheyenne, WY",56,Wyoming,21,Laramie,41.18222711,-104.7783342
12/19/2016,AQS,560210100,1,0.048,ppm,44,Cheyenne NCore,17,100,44201,Ozone,16940,"Cheyenne, WY",56,Wyoming,21,Laramie,41.18222711,-104.7783342
12/20/2016,AQS,560210100,1,0.043,ppm,40,Cheyenne NCore,17,100,44201,Ozone,16940,"Cheyenne, WY",56,Wyoming,21,Laramie,41.18222711,-104.7783342
12/21/2016,AQS,560210100,1,0.04,ppm,37,Cheyenne NCore,17,100,44201,Ozone,16940,"Cheyenne, WY",56,Wyoming,21,Laramie,41.18222711,-104.7783342
12/22/2016,AQS,560210100,1,0.032,ppm,30,Cheyenne NCore,17,100,44201,Ozone,16940,"Cheyenne, WY",56,Wyoming,21,Laramie,41.18222711,-104.7783342
12/23/2016,AQS,560210100,1,0.043,ppm,40,Cheyenne NCore,17,100,44201,Ozone,16940,"Cheyenne, WY",56,Wyoming,21,Laramie,41.18222711,-104.7783342
12/24/2016,AQS,560210100,1,0.035,ppm,32,Cheyenne NCore,17,100,44201,Ozone,16940,"Cheyenne, WY",56,Wyoming,21,Laramie,41.18222711,-104.7783342
12/25/2016,AQS,560210100,1,0.041,ppm,38,Cheyenne NCore,17,100,44201,Ozone,16940,"Cheyenne, WY",56,Wyoming,21,Laramie,41.18222711,-104.7783342
12/26/2016,AQS,560210100,1,0.048,ppm,44,Cheyenne NCore,17,100,44201,Ozone,16940,"Cheyenne, WY",56,Wyoming,21,Laramie,41.18222711,-104.7783342
12/27/2016,AQS,560210100,1,0.054,ppm,50,Cheyenne NCore,17,100,44201,Ozone,16940,"Cheyenne, WY",56,Wyoming,21,Laramie,41.18222711,-104.7783342
12/28/2016,AQS,560210100,1,0.045,ppm,42,Cheyenne NCore,17,100,44201,Ozone,16940,"Cheyenne, WY",56,Wyoming,21,Laramie,41.18222711,-104.7783342
12/29/2016,AQS,560210100,1,0.044,ppm,41,Cheyenne NCore,17,100,44201,Ozone,16940,"Cheyenne, WY",56,Wyoming,21,Laramie,41.18222711,-104.7783342
12/30/2016,AQS,560210100,1,0.046,ppm,43,Cheyenne NCore,17,100,44201,Ozone,16940,"Cheyenne, WY",56,Wyoming,21,Laramie,41.18222711,-104.7783342
