,Site Name,Date,DMean PM10,PM_UNITS,PM10 AQI,PM-WEIGHT,Lat,Lng,DMax NO2,NO2 Units,NO2 AQI,NO2-WEIGHT,DMax Ozone,Ozone Units,Ozone AQI,OZONE-WEIGHT,DMax SO2,SO2 Units,SO2 AQI,SO2-WEIGHT,DMax CO,CO Units,CO AQI,CO-WEIGHT
0,Cheyenne SLAMS site,1/2/2018,12.0,ug/m3 SC,11.0,1.0,41.13684585,-104.8182395,,,,,,,,,,,,,,,,
1,Cheyenne SLAMS site,1/2/2018,12.0,ug/m3 SC,11.0,1.0,41.13684585,-104.8182395,,,,,,,,,,,,,,,,
2,Cheyenne SLAMS site,1/8/2018,14.0,ug/m3 SC,13.0,1.0,41.13684585,-104.8182395,,,,,,,,,,,,,,,,
3,Cheyenne SLAMS site,1/14/2018,3.0,ug/m3 SC,3.0,1.0,41.13684585,-104.8182395,,,,,,,,,,,,,,,,
4,Cheyenne SLAMS site,1/14/2018,3.0,ug/m3 SC,3.0,1.0,41.13684585,-104.8182395,,,,,,,,,,,,,,,,
5,Cheyenne SLAMS site,1/20/2018,3.0,ug/m3 SC,3.0,1.0,41.13684585,-104.8182395,,,,,,,,,,,,,,,,
6,Cheyenne SLAMS site,1/26/2018,4.0,ug/m3 SC,4.0,1.0,41.13684585,-104.8182395,,,,,,,,,,,,,,,,
7,Cheyenne SLAMS site,1/26/2018,4.0,ug/m3 SC,4.0,1.0,41.13684585,-104.8182395,,,,,,,,,,,,,,,,
8,Cheyenne SLAMS site,2/1/2018,10.0,ug/m3 SC,9.0,1.0,41.13684585,-104.8182395,,,,,,,,,,,,,,,,
9,Cheyenne SLAMS site,2/7/2018,5.0,ug/m3 SC,5.0,1.0,41.13684585,-104.8182395,,,,,,,,,,,,,,,,
10,Cheyenne SLAMS site,2/7/2018,6.0,ug/m3 SC,6.0,1.0,41.13684585,-104.8182395,,,,,,,,,,,,,,,,
11,Cheyenne SLAMS site,2/13/2018,9.0,ug/m3 SC,8.0,1.0,41.13684585,-104.8182395,,,,,,,,,,,,,,,,
12,Cheyenne SLAMS site,2/19/2018,6.0,ug/m3 SC,6.0,1.0,41.13684585,-104.8182395,,,,,,,,,,,,,,,,
13,Cheyenne SLAMS site,2/19/2018,5.0,ug/m3 SC,5.0,1.0,41.13684585,-104.8182395,,,,,,,,,,,,,,,,
14,Cheyenne SLAMS site,2/25/2018,3.0,ug/m3 SC,3.0,1.0,41.13684585,-104.8182395,,,,,,,,,,,,,,,,
15,Cheyenne SLAMS site,3/3/2018,11.0,ug/m3 SC,10.0,1.0,41.13684585,-104.8182395,,,,,,,,,,,,,,,,
16,Cheyenne SLAMS site,3/3/2018,12.0,ug/m3 SC,11.0,1.0,41.13684585,-104.8182395,,,,,,,,,,,,,,,,
17,Cheyenne SLAMS site,3/9/2018,8.0,ug/m3 SC,7.0,1.0,41.13684585,-104.8182395,,,,,,,,,,,,,,,,
18,Cheyenne SLAMS site,3/15/2018,12.0,ug/m3 SC,11.0,1.0,41.13684585,-104.8182395,,,,,,,,,,,,,,,,
19,Cheyenne SLAMS site,3/15/2018,11.0,ug/m3 SC,10.0,1.0,41.13684585,-104.8182395,,,,,,,,,,,,,,,,
20,Cheyenne SLAMS site,3/21/2018,7.0,ug/m3 SC,6.0,1.0,41.13684585,-104.8182395,,,,,,,,,,,,,,,,
21,Cheyenne SLAMS site,3/27/2018,7.0,ug/m3 SC,6.0,1.0,41.13684585,-104.8182395,,,,,,,,,,,,,,,,
22,Cheyenne SLAMS site,3/27/2018,8.0,ug/m3 SC,7.0,1.0,41.13684585,-104.8182395,,,,,,,,,,,,,,,,
23,Cheyenne SLAMS site,4/2/2018,10.0,ug/m3 SC,9.0,1.0,41.13684585,-104.8182395,,,,,,,,,,,,,,,,
24,Cheyenne SLAMS site,4/8/2018,4.0,ug/m3 SC,4.0,1.0,41.13684585,-104.8182395,,,,,,,,,,,,,,,,
25,Cheyenne SLAMS site,4/8/2018,4.0,ug/m3 SC,4.0,1.0,41.13684585,-104.8182395,,,,,,,,,,,,,,,,
26,Cheyenne SLAMS site,4/14/2018,4.0,ug/m3 SC,4.0,1.0,41.13684585,-104.8182395,,,,,,,,,,,,,,,,
27,Cheyenne SLAMS site,4/14/2018,5.0,ug/m3 SC,5.0,1.0,41.13684585,-104.8182395,,,,,,,,,,,,,,,,
28,Cheyenne SLAMS site,4/20/2018,22.0,ug/m3 SC,20.0,1.0,41.13684585,-104.8182395,,,,,,,,,,,,,,,,
29,Cheyenne SLAMS site,4/20/2018,22.0,ug/m3 SC,20.0,1.0,41.13684585,-104.8182395,,,,,,,,,,,,,,,,
30,Cheyenne SLAMS site,4/26/2018,12.0,ug/m3 SC,11.0,1.0,41.13684585,-104.8182395,,,,,,,,,,,,,,,,
31,Cheyenne SLAMS site,5/2/2018,5.0,ug/m3 SC,5.0,1.0,41.13684585,-104.8182395,,,,,,,,,,,,,,,,
32,Cheyenne SLAMS site,5/2/2018,5.0,ug/m3 SC,5.0,1.0,41.13684585,-104.8182395,,,,,,,,,,,,,,,,
33,Cheyenne SLAMS site,5/8/2018,10.0,ug/m3 SC,9.0,1.0,41.13684585,-104.8182395,,,,,,,,,,,,,,,,
34,Cheyenne SLAMS site,5/8/2018,10.0,ug/m3 SC,9.0,1.0,41.13684585,-104.8182395,,,,,,,,,,,,,,,,
35,Cheyenne SLAMS site,5/14/2018,6.0,ug/m3 SC,6.0,1.0,41.13684585,-104.8182395,,,,,,,,,,,,,,,,
36,Cheyenne SLAMS site,5/14/2018,7.0,ug/m3 SC,6.0,1.0,41.13684585,-104.8182395,,,,,,,,,,,,,,,,
37,Cheyenne SLAMS site,5/20/2018,4.0,ug/m3 SC,4.0,1.0,41.13684585,-104.8182395,,,,,,,,,,,,,,,,
38,Cheyenne SLAMS site,5/26/2018,17.0,ug/m3 SC,16.0,1.0,41.13684585,-104.8182395,,,,,,,,,,,,,,,,
39,Cheyenne SLAMS site,5/26/2018,17.0,ug/m3 SC,16.0,1.0,41.13684585,-104.8182395,,,,,,,,,,,,,,,,
40,Cheyenne SLAMS site,6/1/2018,19.0,ug/m3 SC,18.0,1.0,41.13684585,-104.8182395,,,,,,,,,,,,,,,,
41,Cheyenne SLAMS site,6/7/2018,26.0,ug/m3 SC,24.0,1.0,41.13684585,-104.8182395,,,,,,,,,,,,,,,,
42,Cheyenne SLAMS site,6/7/2018,26.0,ug/m3 SC,24.0,1.0,41.13684585,-104.8182395,,,,,,,,,,,,,,,,
43,Cheyenne SLAMS site,6/13/2018,33.0,ug/m3 SC,31.0,1.0,41.13684585,-104.8182395,,,,,,,,,,,,,,,,
44,Cheyenne SLAMS site,6/19/2018,6.0,ug/m3 SC,6.0,1.0,41.13684585,-104.8182395,,,,,,,,,,,,,,,,
45,Cheyenne SLAMS site,6/19/2018,5.0,ug/m3 SC,5.0,1.0,41.13684585,-104.8182395,,,,,,,,,,,,,,,,
46,Cheyenne SLAMS site,6/25/2018,7.0,ug/m3 SC,6.0,1.0,41.13684585,-104.8182395,,,,,,,,,,,,,,,,
47,Cheyenne SLAMS site,7/7/2018,21.0,ug/m3 SC,19.0,1.0,41.13684585,-104.8182395,,,,,,,,,,,,,,,,
48,Cheyenne SLAMS site,7/13/2018,16.0,ug/m3 SC,15.0,1.0,41.13684585,-104.8182395,,,,,,,,,,,,,,,,
49,Cheyenne SLAMS site,7/13/2018,16.0,ug/m3 SC,15.0,1.0,41.13684585,-104.8182395,,,,,,,,,,,,,,,,
50,Cheyenne SLAMS site,7/19/2018,17.0,ug/m3 SC,16.0,1.0,41.13684585,-104.8182395,,,,,,,,,,,,,,,,
51,Cheyenne SLAMS site,7/25/2018,13.0,ug/m3 SC,12.0,1.0,41.13684585,-104.8182395,,,,,,,,,,,,,,,,
52,Cheyenne SLAMS site,7/25/2018,14.0,ug/m3 SC,13.0,1.0,41.13684585,-104.8182395,,,,,,,,,,,,,,,,
53,Cheyenne SLAMS site,7/31/2018,26.0,ug/m3 SC,24.0,1.0,41.13684585,-104.8182395,,,,,,,,,,,,,,,,
54,Cheyenne SLAMS site,8/6/2018,15.0,ug/m3 SC,14.0,1.0,41.13684585,-104.8182395,,,,,,,,,,,,,,,,
55,Cheyenne SLAMS site,8/6/2018,15.0,ug/m3 SC,14.0,1.0,41.13684585,-104.8182395,,,,,,,,,,,,,,,,
56,Cheyenne SLAMS site,8/12/2018,21.0,ug/m3 SC,19.0,1.0,41.13684585,-104.8182395,,,,,,,,,,,,,,,,
57,Cheyenne SLAMS site,8/18/2018,14.0,ug/m3 SC,13.0,1.0,41.13684585,-104.8182395,,,,,,,,,,,,,,,,
58,Cheyenne SLAMS site,8/18/2018,14.0,ug/m3 SC,13.0,1.0,41.13684585,-104.8182395,,,,,,,,,,,,,,,,
59,Cheyenne SLAMS site,8/24/2018,45.0,ug/m3 SC,42.0,1.0,41.13684585,-104.8182395,,,,,,,,,,,,,,,,
60,Cheyenne SLAMS site,8/30/2018,16.0,ug/m3 SC,15.0,1.0,41.13684585,-104.8182395,,,,,,,,,,,,,,,,
61,Cheyenne SLAMS site,8/30/2018,17.0,ug/m3 SC,16.0,1.0,41.13684585,-104.8182395,,,,,,,,,,,,,,,,
62,Cheyenne SLAMS site,9/5/2018,20.0,ug/m3 SC,19.0,1.0,41.13684585,-104.8182395,,,,,,,,,,,,,,,,
63,Cheyenne SLAMS site,9/11/2018,26.0,ug/m3 SC,24.0,1.0,41.13684585,-104.8182395,,,,,,,,,,,,,,,,
64,Cheyenne SLAMS site,9/11/2018,22.0,ug/m3 SC,20.0,1.0,41.13684585,-104.8182395,,,,,,,,,,,,,,,,
65,Cheyenne SLAMS site,9/17/2018,22.0,ug/m3 SC,20.0,1.0,41.13684585,-104.8182395,,,,,,,,,,,,,,,,
66,Cheyenne SLAMS site,9/23/2018,18.0,ug/m3 SC,17.0,1.0,41.13684585,-104.8182395,,,,,,,,,,,,,,,,
67,Cheyenne SLAMS site,9/23/2018,16.0,ug/m3 SC,15.0,1.0,41.13684585,-104.8182395,,,,,,,,,,,,,,,,
68,Cheyenne SLAMS site,9/29/2018,9.0,ug/m3 SC,8.0,1.0,41.13684585,-104.8182395,,,,,,,,,,,,,,,,
69,Cheyenne SLAMS site,10/5/2018,7.0,ug/m3 SC,6.0,1.0,41.13684585,-104.8182395,,,,,,,,,,,,,,,,
70,Cheyenne SLAMS site,10/5/2018,6.0,ug/m3 SC,6.0,1.0,41.13684585,-104.8182395,,,,,,,,,,,,,,,,
71,Cheyenne SLAMS site,10/11/2018,8.0,ug/m3 SC,7.0,1.0,41.13684585,-104.8182395,,,,,,,,,,,,,,,,
72,Cheyenne SLAMS site,10/17/2018,10.0,ug/m3 SC,9.0,1.0,41.13684585,-104.8182395,,,,,,,,,,,,,,,,
73,Cheyenne SLAMS site,10/17/2018,9.0,ug/m3 SC,8.0,1.0,41.13684585,-104.8182395,,,,,,,,,,,,,,,,
74,Cheyenne SLAMS site,10/23/2018,23.0,ug/m3 SC,21.0,1.0,41.13684585,-104.8182395,,,,,,,,,,,,,,,,
75,Cheyenne SLAMS site,10/26/2018,14.0,ug/m3 SC,13.0,1.0,41.13684585,-104.8182395,,,,,,,,,,,,,,,,
76,Cheyenne SLAMS site,11/4/2018,4.0,ug/m3 SC,4.0,1.0,41.13684585,-104.8182395,,,,,,,,,,,,,,,,
77,Cheyenne SLAMS site,11/10/2018,9.0,ug/m3 SC,8.0,1.0,41.13684585,-104.8182395,,,,,,,,,,,,,,,,
78,Cheyenne SLAMS site,11/10/2018,8.0,ug/m3 SC,7.0,1.0,41.13684585,-104.8182395,,,,,,,,,,,,,,,,
79,Cheyenne SLAMS site,11/16/2018,8.0,ug/m3 SC,7.0,1.0,41.13684585,-104.8182395,,,,,,,,,,,,,,,,
80,Cheyenne SLAMS site,11/22/2018,5.0,ug/m3 SC,5.0,1.0,41.13684585,-104.8182395,,,,,,,,,,,,,,,,
81,Cheyenne SLAMS site,11/22/2018,5.0,ug/m3 SC,5.0,1.0,41.13684585,-104.8182395,,,,,,,,,,,,,,,,
82,Cheyenne SLAMS site,11/28/2018,5.0,ug/m3 SC,5.0,1.0,41.13684585,-104.8182395,,,,,,,,,,,,,,,,
83,Cheyenne SLAMS site,12/4/2018,6.0,ug/m3 SC,6.0,1.0,41.13684585,-104.8182395,,,,,,,,,,,,,,,,
84,Cheyenne SLAMS site,12/4/2018,5.0,ug/m3 SC,5.0,1.0,41.13684585,-104.8182395,,,,,,,,,,,,,,,,
85,Cheyenne SLAMS site,12/10/2018,12.0,ug/m3 SC,11.0,1.0,41.13684585,-104.8182395,,,,,,,,,,,,,,,,
86,Cheyenne SLAMS site,10/29/2018,15.0,ug/m3 SC,14.0,1.0,41.13684585,-104.8182395,,,,,,,,,,,,,,,,
87,Cheyenne SLAMS site,10/29/2018,16.0,ug/m3 SC,15.0,1.0,41.13684585,-104.8182395,,,,,,,,,,,,,,,,
88,Cheyenne SLAMS site,1/5/2018,7.0,ug/m3 SC,6.0,1.0,41.13684585,-104.8182395,,,,,,,,,,,,,,,,
89,Cheyenne SLAMS site,1/11/2018,4.0,ug/m3 SC,4.0,1.0,41.13684585,-104.8182395,,,,,,,,,,,,,,,,
90,Cheyenne SLAMS site,1/17/2018,8.0,ug/m3 SC,7.0,1.0,41.13684585,-104.8182395,,,,,,,,,,,,,,,,
91,Cheyenne SLAMS site,1/23/2018,4.0,ug/m3 SC,4.0,1.0,41.13684585,-104.8182395,,,,,,,,,,,,,,,,
92,Cheyenne SLAMS site,1/29/2018,7.0,ug/m3 SC,6.0,1.0,41.13684585,-104.8182395,,,,,,,,,,,,,,,,
93,Cheyenne SLAMS site,2/4/2018,6.0,ug/m3 SC,6.0,1.0,41.13684585,-104.8182395,,,,,,,,,,,,,,,,
94,Cheyenne SLAMS site,2/10/2018,11.0,ug/m3 SC,10.0,1.0,41.13684585,-104.8182395,,,,,,,,,,,,,,,,
95,Cheyenne SLAMS site,2/16/2018,10.0,ug/m3 SC,9.0,1.0,41.13684585,-104.8182395,,,,,,,,,,,,,,,,
96,Cheyenne SLAMS site,2/22/2018,21.0,ug/m3 SC,19.0,1.0,41.13684585,-104.8182395,,,,,,,,,,,,,,,,
97,Cheyenne SLAMS site,2/28/2018,11.0,ug/m3 SC,10.0,1.0,41.13684585,-104.8182395,,,,,,,,,,,,,,,,
98,Cheyenne SLAMS site,3/6/2018,5.0,ug/m3 SC,5.0,1.0,41.13684585,-104.8182395,,,,,,,,,,,,,,,,
99,Cheyenne SLAMS site,3/12/2018,20.0,ug/m3 SC,19.0,1.0,41.13684585,-104.8182395,,,,,,,,,,,,,,,,
100,Cheyenne SLAMS site,3/24/2018,7.0,ug/m3 SC,6.0,1.0,41.13684585,-104.8182395,,,,,,,,,,,,,,,,
101,Cheyenne SLAMS site,3/30/2018,6.0,ug/m3 SC,6.0,1.0,41.13684585,-104.8182395,,,,,,,,,,,,,,,,
102,Cheyenne SLAMS site,4/5/2018,10.0,ug/m3 SC,9.0,1.0,41.13684585,-104.8182395,,,,,,,,,,,,,,,,
103,Cheyenne SLAMS site,4/11/2018,17.0,ug/m3 SC,16.0,1.0,41.13684585,-104.8182395,,,,,,,,,,,,,,,,
104,Cheyenne SLAMS site,4/17/2018,19.0,ug/m3 SC,18.0,1.0,41.13684585,-104.8182395,,,,,,,,,,,,,,,,
105,Cheyenne SLAMS site,4/23/2018,9.0,ug/m3 SC,8.0,1.0,41.13684585,-104.8182395,,,,,,,,,,,,,,,,
106,Cheyenne SLAMS site,4/29/2018,14.0,ug/m3 SC,13.0,1.0,41.13684585,-104.8182395,,,,,,,,,,,,,,,,
107,Cheyenne SLAMS site,5/11/2018,70.0,ug/m3 SC,58.0,1.0,41.13684585,-104.8182395,,,,,,,,,,,,,,,,
108,Cheyenne SLAMS site,5/17/2018,20.0,ug/m3 SC,19.0,1.0,41.13684585,-104.8182395,,,,,,,,,,,,,,,,
109,Cheyenne SLAMS site,5/25/2018,12.0,ug/m3 SC,11.0,1.0,41.13684585,-104.8182395,,,,,,,,,,,,,,,,
110,Cheyenne SLAMS site,5/30/2018,9.0,ug/m3 SC,8.0,1.0,41.13684585,-104.8182395,,,,,,,,,,,,,,,,
111,Cheyenne SLAMS site,6/4/2018,15.0,ug/m3 SC,14.0,1.0,41.13684585,-104.8182395,,,,,,,,,,,,,,,,
112,Cheyenne SLAMS site,6/10/2018,19.0,ug/m3 SC,18.0,1.0,41.13684585,-104.8182395,,,,,,,,,,,,,,,,
113,Cheyenne SLAMS site,6/16/2018,17.0,ug/m3 SC,16.0,1.0,41.13684585,-104.8182395,,,,,,,,,,,,,,,,
114,Cheyenne SLAMS site,6/22/2018,14.0,ug/m3 SC,13.0,1.0,41.13684585,-104.8182395,,,,,,,,,,,,,,,,
115,Cheyenne SLAMS site,6/28/2018,26.0,ug/m3 SC,24.0,1.0,41.13684585,-104.8182395,,,,,,,,,,,,,,,,
116,Cheyenne SLAMS site,7/4/2018,20.0,ug/m3 SC,19.0,1.0,41.13684585,-104.8182395,,,,,,,,,,,,,,,,
117,Cheyenne SLAMS site,7/10/2018,22.0,ug/m3 SC,20.0,1.0,41.13684585,-104.8182395,,,,,,,,,,,,,,,,
118,Cheyenne SLAMS site,7/16/2018,19.0,ug/m3 SC,18.0,1.0,41.13684585,-104.8182395,,,,,,,,,,,,,,,,
119,Cheyenne SLAMS site,7/22/2018,15.0,ug/m3 SC,14.0,1.0,41.13684585,-104.8182395,,,,,,,,,,,,,,,,
120,Cheyenne SLAMS site,7/28/2018,12.0,ug/m3 SC,11.0,1.0,41.13684585,-104.8182395,,,,,,,,,,,,,,,,
121,Cheyenne SLAMS site,8/3/2018,18.0,ug/m3 SC,17.0,1.0,41.13684585,-104.8182395,,,,,,,,,,,,,,,,
122,Cheyenne SLAMS site,8/9/2018,22.0,ug/m3 SC,20.0,1.0,41.13684585,-104.8182395,,,,,,,,,,,,,,,,
123,Cheyenne SLAMS site,8/15/2018,23.0,ug/m3 SC,21.0,1.0,41.13684585,-104.8182395,,,,,,,,,,,,,,,,
124,Cheyenne SLAMS site,8/21/2018,25.0,ug/m3 SC,23.0,1.0,41.13684585,-104.8182395,,,,,,,,,,,,,,,,
125,Cheyenne SLAMS site,8/27/2018,23.0,ug/m3 SC,21.0,1.0,41.13684585,-104.8182395,,,,,,,,,,,,,,,,
126,Cheyenne SLAMS site,9/2/2018,16.0,ug/m3 SC,15.0,1.0,41.13684585,-104.8182395,,,,,,,,,,,,,,,,
127,Cheyenne SLAMS site,9/8/2018,11.0,ug/m3 SC,10.0,1.0,41.13684585,-104.8182395,,,,,,,,,,,,,,,,
128,Cheyenne SLAMS site,9/14/2018,15.0,ug/m3 SC,14.0,1.0,41.13684585,-104.8182395,,,,,,,,,,,,,,,,
129,Cheyenne SLAMS site,9/20/2018,15.0,ug/m3 SC,14.0,1.0,41.13684585,-104.8182395,,,,,,,,,,,,,,,,
130,Cheyenne SLAMS site,9/26/2018,16.0,ug/m3 SC,15.0,1.0,41.13684585,-104.8182395,,,,,,,,,,,,,,,,
131,Cheyenne SLAMS site,10/2/2018,8.0,ug/m3 SC,7.0,1.0,41.13684585,-104.8182395,,,,,,,,,,,,,,,,
132,Cheyenne SLAMS site,10/8/2018,8.0,ug/m3 SC,7.0,1.0,41.13684585,-104.8182395,,,,,,,,,,,,,,,,
133,Cheyenne SLAMS site,10/14/2018,5.0,ug/m3 SC,5.0,1.0,41.13684585,-104.8182395,,,,,,,,,,,,,,,,
134,Cheyenne SLAMS site,10/20/2018,9.0,ug/m3 SC,8.0,1.0,41.13684585,-104.8182395,,,,,,,,,,,,,,,,
135,Cheyenne SLAMS site,11/1/2018,1.0,ug/m3 SC,1.0,1.0,41.13684585,-104.8182395,,,,,,,,,,,,,,,,
136,Cheyenne SLAMS site,11/7/2018,10.0,ug/m3 SC,9.0,1.0,41.13684585,-104.8182395,,,,,,,,,,,,,,,,
137,Cheyenne SLAMS site,11/13/2018,3.0,ug/m3 SC,3.0,1.0,41.13684585,-104.8182395,,,,,,,,,,,,,,,,
138,Cheyenne SLAMS site,11/19/2018,3.0,ug/m3 SC,3.0,1.0,41.13684585,-104.8182395,,,,,,,,,,,,,,,,
139,Cheyenne SLAMS site,11/25/2018,4.0,ug/m3 SC,4.0,1.0,41.13684585,-104.8182395,,,,,,,,,,,,,,,,
140,Cheyenne SLAMS site,12/1/2018,2.0,ug/m3 SC,2.0,1.0,41.13684585,-104.8182395,,,,,,,,,,,,,,,,
141,Cheyenne SLAMS site,12/7/2018,21.0,ug/m3 SC,19.0,1.0,41.13684585,-104.8182395,,,,,,,,,,,,,,,,
142,Cheyenne SLAMS site,12/13/2018,7.0,ug/m3 SC,6.0,1.0,41.13684585,-104.8182395,,,,,,,,,,,,,,,,
143,Cheyenne SLAMS site,12/31/2018,0.0,ug/m3 SC,0.0,1.0,41.13684585,-104.8182395,,,,,,,,,,,,,,,,
144,Laramie County Mobile,10/23/2018,23.0,ug/m3 SC,21.0,1.0,41.08536,-104.52277,2.5,ppb,2.0,23.0,0.043,ppm,40.0,17.0,0.1,ppb,0.0,23.0,,,,
145,Laramie County Mobile,10/24/2018,14.0,ug/m3 SC,13.0,1.0,41.08536,-104.52277,6.7,ppb,6.0,24.0,0.04,ppm,37.0,17.0,0.1,ppb,0.0,24.0,,,,
146,Laramie County Mobile,10/25/2018,15.0,ug/m3 SC,14.0,1.0,41.08536,-104.52277,6.2,ppb,6.0,22.0,0.041,ppm,38.0,17.0,0.1,ppb,0.0,21.0,,,,
147,Laramie County Mobile,10/26/2018,16.0,ug/m3 SC,15.0,1.0,41.08536,-104.52277,7.4,ppb,7.0,24.0,0.044,ppm,41.0,17.0,0.3,ppb,0.0,24.0,,,,
148,Laramie County Mobile,10/27/2018,32.0,ug/m3 SC,30.0,1.0,41.08536,-104.52277,9.2,ppb,8.0,23.0,0.035,ppm,32.0,17.0,0.4,ppb,0.0,23.0,,,,
149,Laramie County Mobile,10/28/2018,17.0,ug/m3 SC,16.0,1.0,41.08536,-104.52277,17.0,ppb,16.0,23.0,0.042,ppm,39.0,17.0,0.0,ppb,0.0,22.0,,,,
150,Laramie County Mobile,10/29/2018,27.0,ug/m3 SC,25.0,1.0,41.08536,-104.52277,16.4,ppb,15.0,23.0,0.048,ppm,44.0,17.0,0.5,ppb,0.0,23.0,,,,
151,Laramie County Mobile,10/30/2018,11.0,ug/m3 SC,10.0,1.0,41.08536,-104.52277,8.7,ppb,8.0,24.0,0.041,ppm,38.0,17.0,0.6,ppb,0.0,19.0,,,,
152,Laramie County Mobile,10/31/2018,20.0,ug/m3 SC,19.0,1.0,41.08536,-104.52277,11.7,ppb,10.0,22.0,0.04,ppm,37.0,17.0,0.0,ppb,0.0,19.0,,,,
153,Laramie County Mobile,11/1/2018,17.0,ug/m3 SC,16.0,1.0,41.08536,-104.52277,6.4,ppb,6.0,24.0,0.04,ppm,37.0,17.0,,,,,,,,
154,Laramie County Mobile,11/2/2018,13.0,ug/m3 SC,12.0,1.0,41.08536,-104.52277,4.9,ppb,4.0,23.0,0.035,ppm,32.0,17.0,0.0,ppb,0.0,20.0,,,,
155,Laramie County Mobile,11/3/2018,4.0,ug/m3 SC,4.0,1.0,41.08536,-104.52277,7.9,ppb,7.0,23.0,0.033,ppm,31.0,17.0,,,,,,,,
156,Laramie County Mobile,11/4/2018,4.0,ug/m3 SC,4.0,1.0,41.08536,-104.52277,8.2,ppb,8.0,23.0,0.04,ppm,37.0,17.0,0.0,ppb,0.0,19.0,,,,
157,Laramie County Mobile,11/5/2018,6.0,ug/m3 SC,6.0,1.0,41.08536,-104.52277,4.5,ppb,4.0,24.0,0.044,ppm,41.0,17.0,-0.1,ppb,0.0,21.0,,,,
158,Laramie County Mobile,11/6/2018,8.0,ug/m3 SC,7.0,1.0,41.08536,-104.52277,11.3,ppb,10.0,22.0,0.043,ppm,40.0,17.0,,,,,,,,
159,Laramie County Mobile,11/7/2018,13.0,ug/m3 SC,12.0,1.0,41.08536,-104.52277,3.9,ppb,3.0,24.0,0.034,ppm,31.0,17.0,0.0,ppb,0.0,22.0,,,,
160,Laramie County Mobile,11/8/2018,11.0,ug/m3 SC,10.0,1.0,41.08536,-104.52277,15.6,ppb,14.0,23.0,0.03,ppm,28.0,17.0,,,,,,,,
161,Laramie County Mobile,11/9/2018,22.0,ug/m3 SC,20.0,1.0,41.08536,-104.52277,10.1,ppb,9.0,23.0,0.036,ppm,33.0,17.0,,,,,,,,
162,Laramie County Mobile,11/10/2018,17.0,ug/m3 SC,16.0,1.0,41.08536,-104.52277,6.7,ppb,6.0,23.0,0.046,ppm,43.0,17.0,0.2,ppb,0.0,23.0,,,,
163,Laramie County Mobile,11/11/2018,3.0,ug/m3 SC,3.0,1.0,41.08536,-104.52277,8.4,ppb,8.0,24.0,0.039,ppm,36.0,17.0,,,,,,,,
164,Laramie County Mobile,11/12/2018,5.0,ug/m3 SC,5.0,1.0,41.08536,-104.52277,5.8,ppb,5.0,22.0,0.038,ppm,35.0,17.0,,,,,,,,
165,Laramie County Mobile,11/13/2018,8.0,ug/m3 SC,7.0,1.0,41.08536,-104.52277,7.7,ppb,7.0,22.0,0.038,ppm,35.0,17.0,,,,,,,,
166,Laramie County Mobile,11/14/2018,10.0,ug/m3 SC,9.0,1.0,41.08536,-104.52277,9.7,ppb,8.0,23.0,0.039,ppm,36.0,17.0,0.4,ppb,0.0,23.0,,,,
167,Laramie County Mobile,11/15/2018,16.0,ug/m3 SC,15.0,1.0,41.08536,-104.52277,,,,,,,,,,,,,,,,
168,Laramie County Mobile,11/16/2018,15.0,ug/m3 SC,14.0,1.0,41.08536,-104.52277,4.7,ppb,4.0,23.0,0.046,ppm,43.0,17.0,0.4,ppb,0.0,23.0,,,,
169,Laramie County Mobile,11/17/2018,3.0,ug/m3 SC,3.0,1.0,41.08536,-104.52277,7.6,ppb,7.0,24.0,0.023,ppm,21.0,17.0,,,,,,,,
170,Laramie County Mobile,11/18/2018,4.0,ug/m3 SC,4.0,1.0,41.08536,-104.52277,9.3,ppb,8.0,22.0,0.039,ppm,36.0,17.0,,,,,,,,
171,Laramie County Mobile,11/19/2018,4.0,ug/m3 SC,4.0,1.0,41.08536,-104.52277,8.1,ppb,8.0,24.0,0.041,ppm,38.0,17.0,0.3,ppb,0.0,22.0,,,,
172,Laramie County Mobile,11/20/2018,7.0,ug/m3 SC,6.0,1.0,41.08536,-104.52277,15.8,ppb,14.0,23.0,0.043,ppm,40.0,17.0,0.4,ppb,0.0,20.0,,,,
173,Laramie County Mobile,11/21/2018,12.0,ug/m3 SC,11.0,1.0,41.08536,-104.52277,9.9,ppb,8.0,23.0,0.045,ppm,42.0,17.0,0.3,ppb,0.0,22.0,,,,
174,Laramie County Mobile,11/22/2018,8.0,ug/m3 SC,7.0,1.0,41.08536,-104.52277,6.6,ppb,6.0,23.0,0.044,ppm,41.0,17.0,0.5,ppb,0.0,23.0,,,,
175,Laramie County Mobile,11/23/2018,17.0,ug/m3 SC,16.0,1.0,41.08536,-104.52277,9.2,ppb,8.0,24.0,0.042,ppm,39.0,17.0,0.6,ppb,0.0,24.0,,,,
176,Laramie County Mobile,11/24/2018,6.0,ug/m3 SC,6.0,1.0,41.08536,-104.52277,5.5,ppb,5.0,22.0,0.039,ppm,36.0,17.0,0.3,ppb,0.0,19.0,,,,
177,Laramie County Mobile,11/25/2018,5.0,ug/m3 SC,5.0,1.0,41.08536,-104.52277,9.3,ppb,8.0,24.0,0.04,ppm,37.0,17.0,,,,,,,,
178,Laramie County Mobile,11/26/2018,11.0,ug/m3 SC,10.0,1.0,41.08536,-104.52277,17.1,ppb,16.0,23.0,0.039,ppm,36.0,17.0,,,,,,,,
179,Laramie County Mobile,11/27/2018,11.0,ug/m3 SC,10.0,1.0,41.08536,-104.52277,5.4,ppb,5.0,23.0,0.045,ppm,42.0,17.0,,,,,,,,
180,Laramie County Mobile,11/28/2018,13.0,ug/m3 SC,12.0,1.0,41.08536,-104.52277,9.3,ppb,8.0,23.0,0.043,ppm,40.0,17.0,,,,,,,,
181,Laramie County Mobile,11/29/2018,5.0,ug/m3 SC,5.0,1.0,41.08536,-104.52277,5.6,ppb,5.0,24.0,0.038,ppm,35.0,17.0,,,,,,,,
182,Laramie County Mobile,11/30/2018,4.0,ug/m3 SC,4.0,1.0,41.08536,-104.52277,10.3,ppb,9.0,22.0,0.034,ppm,31.0,17.0,,,,,,,,
183,Laramie County Mobile,12/1/2018,4.0,ug/m3 SC,4.0,1.0,41.08536,-104.52277,6.2,ppb,6.0,24.0,0.033,ppm,31.0,17.0,,,,,,,,
184,Laramie County Mobile,12/2/2018,4.0,ug/m3 SC,4.0,1.0,41.08536,-104.52277,10.2,ppb,9.0,23.0,0.035,ppm,32.0,17.0,,,,,,,,
185,Laramie County Mobile,12/3/2018,4.0,ug/m3 SC,4.0,1.0,41.08536,-104.52277,6.6,ppb,6.0,23.0,0.035,ppm,32.0,17.0,,,,,,,,
186,Laramie County Mobile,12/4/2018,7.0,ug/m3 SC,6.0,1.0,41.08536,-104.52277,18.0,ppb,17.0,23.0,0.038,ppm,35.0,17.0,,,,,,,,
187,Laramie County Mobile,12/5/2018,9.0,ug/m3 SC,8.0,1.0,41.08536,-104.52277,4.7,ppb,4.0,24.0,0.043,ppm,40.0,17.0,,,,,,,,
188,Laramie County Mobile,12/6/2018,7.0,ug/m3 SC,6.0,1.0,41.08536,-104.52277,12.7,ppb,11.0,20.0,0.036,ppm,33.0,17.0,,,,,,,,
189,Laramie County Mobile,12/7/2018,12.0,ug/m3 SC,11.0,1.0,41.08536,-104.52277,28.0,ppb,26.0,24.0,0.038,ppm,35.0,17.0,,,,,,,,
190,Laramie County Mobile,12/8/2018,10.0,ug/m3 SC,9.0,1.0,41.08536,-104.52277,16.9,ppb,15.0,23.0,0.042,ppm,39.0,17.0,,,,,,,,
191,Laramie County Mobile,12/9/2018,5.0,ug/m3 SC,5.0,1.0,41.08536,-104.52277,11.1,ppb,10.0,23.0,0.043,ppm,40.0,17.0,,,,,,,,
192,Laramie County Mobile,12/10/2018,18.0,ug/m3 SC,17.0,1.0,41.08536,-104.52277,14.3,ppb,13.0,23.0,0.043,ppm,40.0,17.0,,,,,,,,
193,Laramie County Mobile,12/11/2018,16.0,ug/m3 SC,15.0,1.0,41.08536,-104.52277,10.7,ppb,9.0,24.0,0.044,ppm,41.0,17.0,,,,,,,,
194,Laramie County Mobile,12/12/2018,11.0,ug/m3 SC,10.0,1.0,41.08536,-104.52277,8.2,ppb,8.0,22.0,0.041,ppm,38.0,17.0,,,,,,,,
195,Laramie County Mobile,12/13/2018,14.0,ug/m3 SC,13.0,1.0,41.08536,-104.52277,9.9,ppb,8.0,24.0,0.041,ppm,38.0,17.0,0.5,ppb,0.0,24.0,,,,
196,Laramie County Mobile,12/14/2018,26.0,ug/m3 SC,24.0,1.0,41.08536,-104.52277,17.6,ppb,16.0,23.0,0.036,ppm,33.0,17.0,0.6,ppb,0.0,23.0,,,,
197,Laramie County Mobile,12/15/2018,21.0,ug/m3 SC,19.0,1.0,41.08536,-104.52277,29.2,ppb,27.0,23.0,0.042,ppm,39.0,17.0,0.7,ppb,0.0,22.0,,,,
198,Laramie County Mobile,12/16/2018,23.0,ug/m3 SC,21.0,1.0,41.08536,-104.52277,10.4,ppb,9.0,23.0,0.041,ppm,38.0,17.0,0.8,ppb,0.0,21.0,,,,
199,Laramie County Mobile,12/17/2018,38.0,ug/m3 SC,35.0,1.0,41.08536,-104.52277,19.2,ppb,18.0,24.0,0.042,ppm,39.0,17.0,0.8,ppb,0.0,21.0,,,,
200,Laramie County Mobile,12/18/2018,21.0,ug/m3 SC,19.0,1.0,41.08536,-104.52277,10.5,ppb,9.0,22.0,0.042,ppm,39.0,17.0,0.5,ppb,0.0,21.0,,,,
201,Laramie County Mobile,12/19/2018,13.0,ug/m3 SC,12.0,1.0,41.08536,-104.52277,3.1,ppb,3.0,24.0,0.041,ppm,38.0,17.0,0.5,ppb,0.0,24.0,,,,
202,Laramie County Mobile,12/20/2018,15.0,ug/m3 SC,14.0,1.0,41.08536,-104.52277,15.9,ppb,14.0,23.0,0.04,ppm,37.0,17.0,0.5,ppb,0.0,23.0,,,,
203,Laramie County Mobile,12/21/2018,14.0,ug/m3 SC,13.0,1.0,41.08536,-104.52277,5.5,ppb,5.0,23.0,0.043,ppm,40.0,17.0,0.5,ppb,0.0,22.0,,,,
204,Laramie County Mobile,12/22/2018,6.0,ug/m3 SC,6.0,1.0,41.08536,-104.52277,8.9,ppb,8.0,23.0,0.039,ppm,36.0,17.0,0.4,ppb,0.0,23.0,,,,
205,Laramie County Mobile,12/23/2018,3.0,ug/m3 SC,3.0,1.0,41.08536,-104.52277,4.6,ppb,4.0,24.0,0.041,ppm,38.0,17.0,0.4,ppb,0.0,24.0,,,,
206,Laramie County Mobile,12/24/2018,2.0,ug/m3 SC,2.0,1.0,41.08536,-104.52277,8.4,ppb,8.0,22.0,0.041,ppm,38.0,17.0,0.6,ppb,0.0,21.0,,,,
207,Laramie County Mobile,12/25/2018,5.0,ug/m3 SC,5.0,1.0,41.08536,-104.52277,4.4,ppb,4.0,24.0,0.039,ppm,36.0,17.0,0.8,ppb,0.0,24.0,,,,
208,Laramie County Mobile,12/26/2018,5.0,ug/m3 SC,5.0,1.0,41.08536,-104.52277,5.6,ppb,5.0,23.0,0.028,ppm,26.0,17.0,0.5,ppb,0.0,23.0,,,,
209,Laramie County Mobile,12/27/2018,6.0,ug/m3 SC,6.0,1.0,41.08536,-104.52277,7.0,ppb,7.0,23.0,0.037,ppm,34.0,17.0,0.6,ppb,0.0,22.0,,,,
210,Laramie County Mobile,12/28/2018,12.0,ug/m3 SC,11.0,1.0,41.08536,-104.52277,9.3,ppb,8.0,23.0,0.034,ppm,31.0,17.0,1.3,ppb,1.0,23.0,,,,
211,Laramie County Mobile,12/29/2018,15.0,ug/m3 SC,14.0,1.0,41.08536,-104.52277,10.7,ppb,9.0,24.0,0.036,ppm,33.0,17.0,0.5,ppb,0.0,24.0,,,,
212,Laramie County Mobile,12/30/2018,6.0,ug/m3 SC,6.0,1.0,41.08536,-104.52277,2.9,ppb,2.0,21.0,0.042,ppm,39.0,17.0,0.4,ppb,0.0,21.0,,,,
213,Laramie County Mobile,12/31/2018,15.0,ug/m3 SC,14.0,1.0,41.08536,-104.52277,4.4,ppb,4.0,24.0,,,,,0.9,ppb,0.0,20.0,,,,
214,Cheyenne NCore,1/1/2018,15.0,ug/m3 SC,14.0,1.0,41.18222711,-104.7783342,29.0,ppb,27.0,23.0,0.036,ppm,33.0,17.0,0.5,ppb,0.0,22.0,0.2,ppm,2.0,18.0
215,Cheyenne NCore,1/2/2018,5.0,ug/m3 SC,5.0,1.0,41.18222711,-104.7783342,5.6,ppb,5.0,23.0,0.046,ppm,43.0,17.0,0.4,ppb,0.0,23.0,0.2,ppm,2.0,24.0
216,Cheyenne NCore,1/3/2018,13.0,ug/m3 SC,12.0,1.0,41.18222711,-104.7783342,25.8,ppb,24.0,23.0,0.039,ppm,36.0,17.0,0.2,ppb,0.0,23.0,0.2,ppm,2.0,24.0
217,Cheyenne NCore,1/4/2018,14.0,ug/m3 SC,13.0,1.0,41.18222711,-104.7783342,28.7,ppb,26.0,23.0,0.037,ppm,34.0,17.0,0.2,ppb,0.0,23.0,0.2,ppm,2.0,24.0
218,Cheyenne NCore,1/5/2018,10.0,ug/m3 SC,9.0,1.0,41.18222711,-104.7783342,23.3,ppb,22.0,23.0,0.037,ppm,34.0,17.0,0.6,ppb,0.0,23.0,0.2,ppm,2.0,24.0
219,Cheyenne NCore,1/6/2018,7.0,ug/m3 SC,6.0,1.0,41.18222711,-104.7783342,19.9,ppb,18.0,23.0,0.034,ppm,31.0,17.0,0.3,ppb,0.0,23.0,0.2,ppm,2.0,24.0
220,Cheyenne NCore,1/7/2018,4.0,ug/m3 SC,4.0,1.0,41.18222711,-104.7783342,21.6,ppb,20.0,22.0,0.039,ppm,36.0,17.0,0.2,ppb,0.0,22.0,0.2,ppm,2.0,24.0
221,Cheyenne NCore,1/8/2018,9.0,ug/m3 SC,8.0,1.0,41.18222711,-104.7783342,33.0,ppb,31.0,23.0,0.043,ppm,40.0,17.0,0.4,ppb,0.0,23.0,0.2,ppm,2.0,24.0
222,Cheyenne NCore,1/9/2018,6.0,ug/m3 SC,6.0,1.0,41.18222711,-104.7783342,15.4,ppb,14.0,23.0,0.035,ppm,32.0,17.0,0.6,ppb,0.0,23.0,0.1,ppm,1.0,24.0
223,Cheyenne NCore,1/10/2018,4.0,ug/m3 SC,4.0,1.0,41.18222711,-104.7783342,11.6,ppb,10.0,23.0,0.031,ppm,29.0,17.0,0.5,ppb,0.0,23.0,0.1,ppm,1.0,24.0
224,Cheyenne NCore,1/11/2018,6.0,ug/m3 SC,6.0,1.0,41.18222711,-104.7783342,15.6,ppb,14.0,23.0,0.041,ppm,38.0,17.0,0.3,ppb,0.0,23.0,0.1,ppm,1.0,24.0
225,Cheyenne NCore,1/12/2018,4.0,ug/m3 SC,4.0,1.0,41.18222711,-104.7783342,21.3,ppb,20.0,23.0,0.034,ppm,31.0,17.0,0.4,ppb,0.0,23.0,0.2,ppm,2.0,24.0
226,Cheyenne NCore,1/13/2018,4.0,ug/m3 SC,4.0,1.0,41.18222711,-104.7783342,9.8,ppb,8.0,23.0,0.042,ppm,39.0,17.0,0.1,ppb,0.0,23.0,0.2,ppm,2.0,24.0
227,Cheyenne NCore,1/14/2018,3.0,ug/m3 SC,3.0,1.0,41.18222711,-104.7783342,3.7,ppb,3.0,22.0,0.04,ppm,37.0,17.0,0.0,ppb,0.0,21.0,0.1,ppm,1.0,24.0
228,Cheyenne NCore,1/15/2018,6.0,ug/m3 SC,6.0,1.0,41.18222711,-104.7783342,10.3,ppb,9.0,23.0,0.042,ppm,39.0,17.0,0.3,ppb,0.0,22.0,0.1,ppm,1.0,24.0
229,Cheyenne NCore,1/16/2018,13.0,ug/m3 SC,12.0,1.0,41.18222711,-104.7783342,30.8,ppb,28.0,23.0,0.034,ppm,31.0,17.0,0.7,ppb,0.0,23.0,0.3,ppm,3.0,24.0
230,Cheyenne NCore,1/17/2018,9.0,ug/m3 SC,8.0,1.0,41.18222711,-104.7783342,31.7,ppb,29.0,23.0,0.041,ppm,38.0,17.0,0.4,ppb,0.0,23.0,0.3,ppm,3.0,24.0
231,Cheyenne NCore,1/18/2018,6.0,ug/m3 SC,6.0,1.0,41.18222711,-104.7783342,23.2,ppb,22.0,22.0,0.039,ppm,36.0,17.0,0.3,ppb,0.0,22.0,0.2,ppm,2.0,24.0
232,Cheyenne NCore,1/19/2018,7.0,ug/m3 SC,6.0,1.0,41.18222711,-104.7783342,20.5,ppb,19.0,23.0,0.036,ppm,33.0,17.0,0.5,ppb,0.0,23.0,0.1,ppm,1.0,24.0
233,Cheyenne NCore,1/20/2018,5.0,ug/m3 SC,5.0,1.0,41.18222711,-104.7783342,19.8,ppb,18.0,23.0,0.036,ppm,33.0,17.0,0.6,ppb,0.0,23.0,0.2,ppm,2.0,24.0
234,Cheyenne NCore,1/21/2018,2.0,ug/m3 SC,2.0,1.0,41.18222711,-104.7783342,1.3,ppb,1.0,20.0,,,,,0.5,ppb,0.0,18.0,0.1,ppm,1.0,21.0
235,Cheyenne NCore,1/22/2018,5.0,ug/m3 SC,5.0,1.0,41.18222711,-104.7783342,3.2,ppb,3.0,23.0,,,,,,,,,,,,
236,Cheyenne NCore,1/23/2018,5.0,ug/m3 SC,5.0,1.0,41.18222711,-104.7783342,15.0,ppb,14.0,23.0,0.041,ppm,38.0,17.0,0.2,ppb,0.0,23.0,0.2,ppm,2.0,24.0
237,Cheyenne NCore,1/24/2018,8.0,ug/m3 SC,7.0,1.0,41.18222711,-104.7783342,26.1,ppb,25.0,23.0,0.044,ppm,41.0,17.0,0.2,ppb,0.0,23.0,0.2,ppm,2.0,24.0
238,Cheyenne NCore,1/25/2018,15.0,ug/m3 SC,14.0,1.0,41.18222711,-104.7783342,32.2,ppb,30.0,23.0,0.039,ppm,36.0,17.0,0.9,ppb,0.0,23.0,0.2,ppm,2.0,24.0
239,Cheyenne NCore,1/26/2018,4.0,ug/m3 SC,4.0,1.0,41.18222711,-104.7783342,3.1,ppb,3.0,23.0,0.041,ppm,38.0,17.0,0.5,ppb,0.0,23.0,0.1,ppm,1.0,24.0
240,Cheyenne NCore,1/27/2018,5.0,ug/m3 SC,5.0,1.0,41.18222711,-104.7783342,3.5,ppb,3.0,23.0,0.043,ppm,40.0,17.0,0.1,ppb,0.0,23.0,0.1,ppm,1.0,24.0
241,Cheyenne NCore,1/28/2018,5.0,ug/m3 SC,5.0,1.0,41.18222711,-104.7783342,16.6,ppb,15.0,22.0,0.038,ppm,35.0,17.0,0.4,ppb,0.0,21.0,0.1,ppm,1.0,24.0
242,Cheyenne NCore,1/29/2018,7.0,ug/m3 SC,6.0,1.0,41.18222711,-104.7783342,6.8,ppb,6.0,23.0,0.04,ppm,37.0,17.0,0.1,ppb,0.0,23.0,0.1,ppm,1.0,24.0
243,Cheyenne NCore,1/30/2018,8.0,ug/m3 SC,7.0,1.0,41.18222711,-104.7783342,2.9,ppb,2.0,23.0,0.041,ppm,38.0,17.0,0.3,ppb,0.0,23.0,0.1,ppm,1.0,24.0
244,Cheyenne NCore,1/31/2018,3.0,ug/m3 SC,3.0,1.0,41.18222711,-104.7783342,8.4,ppb,8.0,23.0,0.041,ppm,38.0,17.0,0.2,ppb,0.0,23.0,0.1,ppm,1.0,24.0
245,Cheyenne NCore,2/1/2018,6.0,ug/m3 SC,6.0,1.0,41.18222711,-104.7783342,13.1,ppb,12.0,23.0,0.039,ppm,36.0,17.0,0.3,ppb,0.0,20.0,0.2,ppm,2.0,24.0
246,Cheyenne NCore,2/2/2018,8.0,ug/m3 SC,7.0,1.0,41.18222711,-104.7783342,18.6,ppb,17.0,23.0,,,,,,,,,0.2,ppm,2.0,24.0
247,Cheyenne NCore,2/3/2018,5.0,ug/m3 SC,5.0,1.0,41.18222711,-104.7783342,5.5,ppb,5.0,23.0,0.045,ppm,42.0,14.0,0.3,ppb,0.0,19.0,0.1,ppm,1.0,24.0
248,Cheyenne NCore,2/4/2018,10.0,ug/m3 SC,9.0,1.0,41.18222711,-104.7783342,9.6,ppb,8.0,22.0,0.036,ppm,33.0,17.0,0.8,ppb,0.0,20.0,0.2,ppm,2.0,24.0
249,Cheyenne NCore,2/5/2018,5.0,ug/m3 SC,5.0,1.0,41.18222711,-104.7783342,5.1,ppb,5.0,23.0,0.033,ppm,31.0,17.0,0.4,ppb,0.0,22.0,0.2,ppm,2.0,24.0
250,Cheyenne NCore,2/6/2018,5.0,ug/m3 SC,5.0,1.0,41.18222711,-104.7783342,19.5,ppb,18.0,23.0,,,,,,,,,0.2,ppm,2.0,24.0
251,Cheyenne NCore,2/7/2018,7.0,ug/m3 SC,6.0,1.0,41.18222711,-104.7783342,10.5,ppb,9.0,23.0,,,,,0.1,ppb,0.0,18.0,0.2,ppm,2.0,24.0
252,Cheyenne NCore,2/8/2018,4.0,ug/m3 SC,4.0,1.0,41.18222711,-104.7783342,1.1,ppb,1.0,23.0,0.039,ppm,36.0,17.0,0.1,ppb,0.0,21.0,0.1,ppm,1.0,24.0
253,Cheyenne NCore,2/9/2018,4.0,ug/m3 SC,4.0,1.0,41.18222711,-104.7783342,5.2,ppb,5.0,23.0,0.03,ppm,28.0,17.0,0.3,ppb,0.0,23.0,0.2,ppm,2.0,24.0
254,Cheyenne NCore,2/10/2018,7.0,ug/m3 SC,6.0,1.0,41.18222711,-104.7783342,6.3,ppb,6.0,23.0,0.031,ppm,29.0,17.0,0.4,ppb,0.0,23.0,0.2,ppm,2.0,24.0
255,Cheyenne NCore,2/11/2018,7.0,ug/m3 SC,6.0,1.0,41.18222711,-104.7783342,27.1,ppb,25.0,22.0,0.042,ppm,39.0,14.0,0.2,ppb,0.0,18.0,0.2,ppm,2.0,24.0
256,Cheyenne NCore,2/12/2018,8.0,ug/m3 SC,7.0,1.0,41.18222711,-104.7783342,13.1,ppb,12.0,23.0,0.036,ppm,33.0,17.0,0.2,ppb,0.0,22.0,0.2,ppm,2.0,24.0
257,Cheyenne NCore,2/13/2018,6.0,ug/m3 SC,6.0,1.0,41.18222711,-104.7783342,18.8,ppb,17.0,23.0,,,,,,,,,0.2,ppm,2.0,24.0
258,Cheyenne NCore,2/14/2018,8.0,ug/m3 SC,7.0,1.0,41.18222711,-104.7783342,2.6,ppb,2.0,23.0,0.042,ppm,39.0,17.0,0.2,ppb,0.0,23.0,0.1,ppm,1.0,24.0
259,Cheyenne NCore,2/15/2018,4.0,ug/m3 SC,4.0,1.0,41.18222711,-104.7783342,2.8,ppb,2.0,23.0,0.044,ppm,41.0,17.0,0.3,ppb,0.0,23.0,0.1,ppm,1.0,24.0
260,Cheyenne NCore,2/16/2018,10.0,ug/m3 SC,9.0,1.0,41.18222711,-104.7783342,17.8,ppb,16.0,23.0,0.048,ppm,44.0,17.0,1.6,ppb,1.0,23.0,0.2,ppm,2.0,24.0
261,Cheyenne NCore,2/17/2018,8.0,ug/m3 SC,7.0,1.0,41.18222711,-104.7783342,15.4,ppb,14.0,23.0,0.044,ppm,41.0,17.0,0.6,ppb,0.0,23.0,0.2,ppm,2.0,24.0
262,Cheyenne NCore,2/18/2018,5.0,ug/m3 SC,5.0,1.0,41.18222711,-104.7783342,10.2,ppb,9.0,22.0,0.046,ppm,43.0,17.0,1.3,ppb,1.0,21.0,0.2,ppm,2.0,24.0
263,Cheyenne NCore,2/19/2018,3.0,ug/m3 SC,3.0,1.0,41.18222711,-104.7783342,2.4,ppb,2.0,23.0,0.039,ppm,36.0,17.0,0.4,ppb,0.0,22.0,0.1,ppm,1.0,24.0
264,Cheyenne NCore,2/20/2018,11.0,ug/m3 SC,10.0,1.0,41.18222711,-104.7783342,39.7,ppb,37.0,23.0,0.036,ppm,33.0,17.0,4.9,ppb,6.0,23.0,0.3,ppm,3.0,24.0
265,Cheyenne NCore,2/21/2018,19.0,ug/m3 SC,18.0,1.0,41.18222711,-104.7783342,27.7,ppb,25.0,23.0,0.042,ppm,39.0,17.0,4.4,ppb,6.0,23.0,0.3,ppm,3.0,24.0
266,Cheyenne NCore,2/22/2018,15.0,ug/m3 SC,14.0,1.0,41.18222711,-104.7783342,29.8,ppb,27.0,22.0,0.038,ppm,35.0,17.0,1.1,ppb,1.0,22.0,0.3,ppm,3.0,24.0
267,Cheyenne NCore,2/23/2018,21.0,ug/m3 SC,19.0,1.0,41.18222711,-104.7783342,18.4,ppb,17.0,23.0,0.046,ppm,43.0,17.0,0.4,ppb,0.0,23.0,0.2,ppm,2.0,24.0
268,Cheyenne NCore,2/24/2018,10.0,ug/m3 SC,9.0,1.0,41.18222711,-104.7783342,6.4,ppb,6.0,23.0,0.044,ppm,41.0,17.0,0.3,ppb,0.0,23.0,0.2,ppm,2.0,24.0
269,Cheyenne NCore,2/25/2018,5.0,ug/m3 SC,5.0,1.0,41.18222711,-104.7783342,3.9,ppb,3.0,22.0,0.045,ppm,42.0,17.0,0.2,ppb,0.0,22.0,0.1,ppm,1.0,24.0
270,Cheyenne NCore,2/26/2018,11.0,ug/m3 SC,10.0,1.0,41.18222711,-104.7783342,18.6,ppb,17.0,23.0,0.046,ppm,43.0,17.0,0.4,ppb,0.0,23.0,0.2,ppm,2.0,24.0
271,Cheyenne NCore,2/27/2018,11.0,ug/m3 SC,10.0,1.0,41.18222711,-104.7783342,10.7,ppb,9.0,23.0,0.047,ppm,44.0,17.0,0.3,ppb,0.0,23.0,0.2,ppm,2.0,24.0
272,Cheyenne NCore,2/28/2018,10.0,ug/m3 SC,9.0,1.0,41.18222711,-104.7783342,13.5,ppb,12.0,23.0,0.047,ppm,44.0,17.0,0.4,ppb,0.0,23.0,0.2,ppm,2.0,24.0
273,Cheyenne NCore,3/1/2018,16.0,ug/m3 SC,15.0,1.0,41.18222711,-104.7783342,28.5,ppb,26.0,23.0,0.047,ppm,44.0,17.0,0.7,ppb,0.0,23.0,0.2,ppm,2.0,24.0
274,Cheyenne NCore,3/2/2018,10.0,ug/m3 SC,9.0,1.0,41.18222711,-104.7783342,15.2,ppb,14.0,23.0,0.042,ppm,39.0,17.0,0.3,ppb,0.0,23.0,0.2,ppm,2.0,24.0
275,Cheyenne NCore,3/3/2018,10.0,ug/m3 SC,9.0,1.0,41.18222711,-104.7783342,14.1,ppb,13.0,23.0,0.045,ppm,42.0,17.0,0.5,ppb,0.0,23.0,0.2,ppm,2.0,24.0
276,Cheyenne NCore,3/4/2018,12.0,ug/m3 SC,11.0,1.0,41.18222711,-104.7783342,10.1,ppb,9.0,22.0,0.049,ppm,45.0,17.0,0.6,ppb,0.0,22.0,0.2,ppm,2.0,24.0
277,Cheyenne NCore,3/5/2018,12.0,ug/m3 SC,11.0,1.0,41.18222711,-104.7783342,1.0,ppb,1.0,23.0,0.044,ppm,41.0,17.0,0.1,ppb,0.0,23.0,0.1,ppm,1.0,24.0
278,Cheyenne NCore,3/6/2018,8.0,ug/m3 SC,7.0,1.0,41.18222711,-104.7783342,6.7,ppb,6.0,23.0,0.044,ppm,41.0,17.0,0.0,ppb,0.0,23.0,0.1,ppm,1.0,24.0
279,Cheyenne NCore,3/7/2018,11.0,ug/m3 SC,10.0,1.0,41.18222711,-104.7783342,20.5,ppb,19.0,23.0,0.049,ppm,45.0,17.0,-0.1,ppb,0.0,23.0,0.2,ppm,2.0,24.0
280,Cheyenne NCore,3/8/2018,6.0,ug/m3 SC,6.0,1.0,41.18222711,-104.7783342,,,,,0.048,ppm,44.0,17.0,0.0,ppb,0.0,23.0,0.2,ppm,2.0,24.0
281,Cheyenne NCore,3/9/2018,10.0,ug/m3 SC,9.0,1.0,41.18222711,-104.7783342,,,,,0.047,ppm,44.0,17.0,0.1,ppb,0.0,23.0,0.1,ppm,1.0,24.0
282,Cheyenne NCore,3/10/2018,5.0,ug/m3 SC,5.0,1.0,41.18222711,-104.7783342,,,,,0.047,ppm,44.0,17.0,,,,,0.1,ppm,1.0,24.0
283,Cheyenne NCore,3/11/2018,10.0,ug/m3 SC,9.0,1.0,41.18222711,-104.7783342,,,,,0.051,ppm,47.0,17.0,,,,,0.2,ppm,2.0,24.0
284,Cheyenne NCore,3/12/2018,16.0,ug/m3 SC,15.0,1.0,41.18222711,-104.7783342,,,,,0.047,ppm,44.0,17.0,,,,,0.2,ppm,2.0,24.0
285,Cheyenne NCore,3/13/2018,18.0,ug/m3 SC,17.0,1.0,41.18222711,-104.7783342,,,,,0.048,ppm,44.0,17.0,,,,,0.2,ppm,2.0,24.0
286,Cheyenne NCore,3/14/2018,16.0,ug/m3 SC,15.0,1.0,41.18222711,-104.7783342,,,,,0.052,ppm,48.0,17.0,,,,,0.2,ppm,2.0,24.0
287,Cheyenne NCore,3/15/2018,14.0,ug/m3 SC,13.0,1.0,41.18222711,-104.7783342,,,,,0.046,ppm,43.0,17.0,,,,,0.2,ppm,2.0,24.0
288,Cheyenne NCore,3/23/2018,4.0,ug/m3 SC,4.0,1.0,41.18222711,-104.7783342,5.4,ppb,5.0,18.0,,,,,0.5,ppb,0.0,18.0,,,,
289,Cheyenne NCore,3/24/2018,6.0,ug/m3 SC,6.0,1.0,41.18222711,-104.7783342,7.9,ppb,7.0,23.0,0.047,ppm,44.0,17.0,0.4,ppb,0.0,23.0,0.1,ppm,1.0,24.0
290,Cheyenne NCore,3/25/2018,8.0,ug/m3 SC,7.0,1.0,41.18222711,-104.7783342,21.8,ppb,20.0,22.0,0.043,ppm,40.0,17.0,0.9,ppb,0.0,21.0,0.1,ppm,1.0,24.0
291,Cheyenne NCore,3/26/2018,4.0,ug/m3 SC,4.0,1.0,41.18222711,-104.7783342,12.0,ppb,11.0,23.0,0.048,ppm,44.0,17.0,0.3,ppb,0.0,22.0,0.2,ppm,2.0,24.0
292,Cheyenne NCore,3/27/2018,9.0,ug/m3 SC,8.0,1.0,41.18222711,-104.7783342,11.3,ppb,10.0,23.0,0.05,ppm,46.0,17.0,0.3,ppb,0.0,23.0,0.2,ppm,2.0,24.0
293,Cheyenne NCore,3/28/2018,4.0,ug/m3 SC,4.0,1.0,41.18222711,-104.7783342,2.8,ppb,2.0,23.0,0.041,ppm,38.0,17.0,0.3,ppb,0.0,23.0,0.2,ppm,2.0,24.0
294,Cheyenne NCore,3/29/2018,4.0,ug/m3 SC,4.0,1.0,41.18222711,-104.7783342,30.5,ppb,28.0,23.0,0.047,ppm,44.0,17.0,0.2,ppb,0.0,23.0,0.2,ppm,2.0,24.0
295,Cheyenne NCore,3/30/2018,7.0,ug/m3 SC,6.0,1.0,41.18222711,-104.7783342,17.8,ppb,16.0,23.0,0.048,ppm,44.0,17.0,0.4,ppb,0.0,23.0,0.2,ppm,2.0,24.0
296,Cheyenne NCore,3/31/2018,6.0,ug/m3 SC,6.0,1.0,41.18222711,-104.7783342,4.0,ppb,4.0,23.0,0.034,ppm,31.0,17.0,0.1,ppb,0.0,23.0,0.1,ppm,1.0,24.0
297,Cheyenne NCore,4/1/2018,10.0,ug/m3 SC,9.0,1.0,41.18222711,-104.7783342,8.0,ppb,8.0,22.0,0.038,ppm,35.0,17.0,0.4,ppb,0.0,22.0,0.2,ppm,2.0,24.0
298,Cheyenne NCore,4/2/2018,11.0,ug/m3 SC,10.0,1.0,41.18222711,-104.7783342,28.2,ppb,26.0,23.0,0.056,ppm,54.0,17.0,1.6,ppb,1.0,23.0,0.2,ppm,2.0,24.0
299,Cheyenne NCore,4/3/2018,8.0,ug/m3 SC,7.0,1.0,41.18222711,-104.7783342,7.5,ppb,7.0,23.0,0.05,ppm,46.0,17.0,0.2,ppb,0.0,23.0,0.1,ppm,1.0,24.0
300,Cheyenne NCore,4/4/2018,11.0,ug/m3 SC,10.0,1.0,41.18222711,-104.7783342,21.6,ppb,20.0,22.0,0.052,ppm,48.0,17.0,9.5,ppb,13.0,22.0,0.2,ppm,2.0,24.0
301,Cheyenne NCore,4/5/2018,9.0,ug/m3 SC,8.0,1.0,41.18222711,-104.7783342,5.0,ppb,5.0,23.0,0.043,ppm,40.0,17.0,0.3,ppb,0.0,23.0,0.1,ppm,1.0,24.0
302,Cheyenne NCore,4/6/2018,6.0,ug/m3 SC,6.0,1.0,41.18222711,-104.7783342,3.1,ppb,3.0,23.0,0.045,ppm,42.0,17.0,0.1,ppb,0.0,23.0,0.1,ppm,1.0,24.0
303,Cheyenne NCore,4/7/2018,14.0,ug/m3 SC,13.0,1.0,41.18222711,-104.7783342,14.5,ppb,13.0,22.0,0.048,ppm,44.0,17.0,2.3,ppb,3.0,22.0,0.2,ppm,2.0,24.0
304,Cheyenne NCore,4/8/2018,5.0,ug/m3 SC,5.0,1.0,41.18222711,-104.7783342,2.7,ppb,2.0,23.0,0.049,ppm,45.0,17.0,0.6,ppb,0.0,22.0,0.2,ppm,2.0,24.0
305,Cheyenne NCore,4/9/2018,3.0,ug/m3 SC,3.0,1.0,41.18222711,-104.7783342,3.1,ppb,3.0,23.0,0.041,ppm,38.0,17.0,0.0,ppb,0.0,23.0,0.1,ppm,1.0,24.0
306,Cheyenne NCore,4/10/2018,8.0,ug/m3 SC,7.0,1.0,41.18222711,-104.7783342,9.2,ppb,8.0,22.0,0.052,ppm,48.0,17.0,0.0,ppb,0.0,22.0,0.1,ppm,1.0,24.0
307,Cheyenne NCore,4/11/2018,15.0,ug/m3 SC,14.0,1.0,41.18222711,-104.7783342,15.5,ppb,14.0,23.0,0.051,ppm,47.0,17.0,0.3,ppb,0.0,23.0,0.1,ppm,1.0,24.0
308,Cheyenne NCore,4/12/2018,18.0,ug/m3 SC,17.0,1.0,41.18222711,-104.7783342,4.7,ppb,4.0,23.0,0.052,ppm,48.0,17.0,0.6,ppb,0.0,23.0,0.1,ppm,1.0,24.0
309,Cheyenne NCore,4/13/2018,7.0,ug/m3 SC,6.0,1.0,41.18222711,-104.7783342,1.0,ppb,1.0,22.0,0.043,ppm,40.0,17.0,0.3,ppb,0.0,20.0,0.2,ppm,2.0,24.0
310,Cheyenne NCore,4/14/2018,7.0,ug/m3 SC,6.0,1.0,41.18222711,-104.7783342,10.7,ppb,9.0,23.0,0.048,ppm,44.0,17.0,0.1,ppb,0.0,22.0,0.2,ppm,2.0,24.0
311,Cheyenne NCore,4/15/2018,7.0,ug/m3 SC,6.0,1.0,41.18222711,-104.7783342,9.1,ppb,8.0,23.0,0.046,ppm,43.0,17.0,0.3,ppb,0.0,23.0,0.2,ppm,2.0,24.0
312,Cheyenne NCore,4/16/2018,16.0,ug/m3 SC,15.0,1.0,41.18222711,-104.7783342,25.0,ppb,24.0,21.0,0.048,ppm,44.0,17.0,2.7,ppb,3.0,22.0,0.2,ppm,2.0,24.0
313,Cheyenne NCore,4/17/2018,20.0,ug/m3 SC,19.0,1.0,41.18222711,-104.7783342,40.8,ppb,38.0,22.0,0.057,ppm,58.0,17.0,1.4,ppb,1.0,23.0,0.2,ppm,2.0,24.0
314,Cheyenne NCore,4/18/2018,6.0,ug/m3 SC,6.0,1.0,41.18222711,-104.7783342,9.5,ppb,8.0,23.0,0.048,ppm,44.0,17.0,0.3,ppb,0.0,23.0,0.2,ppm,2.0,24.0
315,Cheyenne NCore,4/19/2018,31.0,ug/m3 SC,29.0,1.0,41.18222711,-104.7783342,18.8,ppb,17.0,22.0,0.05,ppm,46.0,17.0,0.3,ppb,0.0,22.0,0.2,ppm,2.0,24.0
316,Cheyenne NCore,4/20/2018,21.0,ug/m3 SC,19.0,1.0,41.18222711,-104.7783342,4.0,ppb,4.0,22.0,0.04,ppm,37.0,17.0,0.5,ppb,0.0,22.0,0.2,ppm,2.0,24.0
317,Cheyenne NCore,4/21/2018,4.0,ug/m3 SC,4.0,1.0,41.18222711,-104.7783342,8.9,ppb,8.0,23.0,0.043,ppm,40.0,17.0,0.2,ppb,0.0,23.0,0.2,ppm,2.0,24.0
318,Cheyenne NCore,4/22/2018,9.0,ug/m3 SC,8.0,1.0,41.18222711,-104.7783342,9.8,ppb,8.0,22.0,0.051,ppm,47.0,17.0,0.3,ppb,0.0,22.0,0.2,ppm,2.0,24.0
319,Cheyenne NCore,4/23/2018,9.0,ug/m3 SC,8.0,1.0,41.18222711,-104.7783342,11.3,ppb,10.0,23.0,0.052,ppm,48.0,17.0,0.8,ppb,0.0,22.0,0.2,ppm,2.0,24.0
320,Cheyenne NCore,4/24/2018,5.0,ug/m3 SC,5.0,1.0,41.18222711,-104.7783342,3.4,ppb,3.0,23.0,0.044,ppm,41.0,17.0,0.1,ppb,0.0,23.0,0.1,ppm,1.0,24.0
321,Cheyenne NCore,4/25/2018,11.0,ug/m3 SC,10.0,1.0,41.18222711,-104.7783342,14.4,ppb,13.0,22.0,0.053,ppm,49.0,17.0,0.3,ppb,0.0,22.0,0.2,ppm,2.0,24.0
322,Cheyenne NCore,4/26/2018,14.0,ug/m3 SC,13.0,1.0,41.18222711,-104.7783342,11.5,ppb,10.0,23.0,0.055,ppm,51.0,17.0,0.2,ppb,0.0,22.0,0.2,ppm,2.0,24.0
323,Cheyenne NCore,4/27/2018,15.0,ug/m3 SC,14.0,1.0,41.18222711,-104.7783342,5.5,ppb,5.0,23.0,0.057,ppm,58.0,17.0,0.3,ppb,0.0,23.0,0.1,ppm,1.0,24.0
324,Cheyenne NCore,4/28/2018,21.0,ug/m3 SC,19.0,1.0,41.18222711,-104.7783342,7.6,ppb,7.0,22.0,0.056,ppm,54.0,17.0,0.5,ppb,0.0,22.0,0.1,ppm,1.0,24.0
325,Cheyenne NCore,4/29/2018,15.0,ug/m3 SC,14.0,1.0,41.18222711,-104.7783342,12.9,ppb,11.0,23.0,0.057,ppm,58.0,17.0,0.6,ppb,0.0,23.0,0.2,ppm,2.0,24.0
326,Cheyenne NCore,4/30/2018,12.0,ug/m3 SC,11.0,1.0,41.18222711,-104.7783342,2.5,ppb,2.0,23.0,0.052,ppm,48.0,17.0,0.5,ppb,0.0,23.0,0.1,ppm,1.0,24.0
327,Cheyenne NCore,5/1/2018,6.0,ug/m3 SC,6.0,1.0,41.18222711,-104.7783342,15.9,ppb,14.0,22.0,0.047,ppm,44.0,17.0,0.5,ppb,0.0,21.0,0.1,ppm,1.0,24.0
328,Cheyenne NCore,5/2/2018,5.0,ug/m3 SC,5.0,1.0,41.18222711,-104.7783342,14.6,ppb,13.0,23.0,0.044,ppm,41.0,17.0,0.4,ppb,0.0,22.0,0.2,ppm,2.0,24.0
329,Cheyenne NCore,5/3/2018,3.0,ug/m3 SC,3.0,1.0,41.18222711,-104.7783342,2.5,ppb,2.0,23.0,0.043,ppm,40.0,17.0,0.3,ppb,0.0,23.0,0.1,ppm,1.0,24.0
330,Cheyenne NCore,5/4/2018,12.0,ug/m3 SC,11.0,1.0,41.18222711,-104.7783342,11.7,ppb,10.0,22.0,0.052,ppm,48.0,17.0,0.2,ppb,0.0,22.0,0.2,ppm,2.0,24.0
331,Cheyenne NCore,5/5/2018,12.0,ug/m3 SC,11.0,1.0,41.18222711,-104.7783342,10.0,ppb,9.0,23.0,0.053,ppm,49.0,17.0,0.3,ppb,0.0,22.0,0.2,ppm,2.0,24.0
332,Cheyenne NCore,5/6/2018,13.0,ug/m3 SC,12.0,1.0,41.18222711,-104.7783342,7.5,ppb,7.0,23.0,0.057,ppm,58.0,17.0,0.4,ppb,0.0,23.0,0.2,ppm,2.0,24.0
333,Cheyenne NCore,5/7/2018,15.0,ug/m3 SC,14.0,1.0,41.18222711,-104.7783342,14.5,ppb,13.0,22.0,0.055,ppm,51.0,17.0,0.4,ppb,0.0,22.0,0.2,ppm,2.0,24.0
334,Cheyenne NCore,5/8/2018,11.0,ug/m3 SC,10.0,1.0,41.18222711,-104.7783342,6.6,ppb,6.0,23.0,0.055,ppm,51.0,17.0,0.2,ppb,0.0,22.0,0.1,ppm,1.0,24.0
335,Cheyenne NCore,5/9/2018,13.0,ug/m3 SC,12.0,1.0,41.18222711,-104.7783342,7.7,ppb,7.0,23.0,0.057,ppm,58.0,17.0,0.6,ppb,0.0,23.0,0.1,ppm,1.0,24.0
336,Cheyenne NCore,5/10/2018,15.0,ug/m3 SC,14.0,1.0,41.18222711,-104.7783342,8.8,ppb,8.0,22.0,0.051,ppm,47.0,17.0,0.9,ppb,0.0,21.0,0.2,ppm,2.0,24.0
337,Cheyenne NCore,5/11/2018,12.0,ug/m3 SC,11.0,1.0,41.18222711,-104.7783342,5.6,ppb,5.0,23.0,0.048,ppm,44.0,17.0,0.7,ppb,0.0,22.0,0.1,ppm,1.0,24.0
338,Cheyenne NCore,5/12/2018,4.0,ug/m3 SC,4.0,1.0,41.18222711,-104.7783342,4.7,ppb,4.0,23.0,0.025,ppm,23.0,17.0,0.3,ppb,0.0,23.0,0.2,ppm,2.0,24.0
339,Cheyenne NCore,5/13/2018,3.0,ug/m3 SC,3.0,1.0,41.18222711,-104.7783342,3.8,ppb,3.0,22.0,0.037,ppm,34.0,17.0,0.3,ppb,0.0,21.0,0.2,ppm,2.0,24.0
340,Cheyenne NCore,5/14/2018,6.0,ug/m3 SC,6.0,1.0,41.18222711,-104.7783342,7.1,ppb,7.0,23.0,0.052,ppm,48.0,17.0,0.4,ppb,0.0,22.0,0.1,ppm,1.0,24.0
341,Cheyenne NCore,5/15/2018,6.0,ug/m3 SC,6.0,1.0,41.18222711,-104.7783342,6.8,ppb,6.0,23.0,0.061,ppm,71.0,17.0,0.6,ppb,0.0,23.0,0.2,ppm,2.0,24.0
342,Cheyenne NCore,5/16/2018,12.0,ug/m3 SC,11.0,1.0,41.18222711,-104.7783342,10.5,ppb,9.0,22.0,0.057,ppm,58.0,17.0,0.5,ppb,0.0,22.0,0.2,ppm,2.0,24.0
343,Cheyenne NCore,5/17/2018,18.0,ug/m3 SC,17.0,1.0,41.18222711,-104.7783342,6.7,ppb,6.0,23.0,0.058,ppm,61.0,17.0,1.0,ppb,1.0,22.0,0.2,ppm,2.0,24.0
344,Cheyenne NCore,5/18/2018,12.0,ug/m3 SC,11.0,1.0,41.18222711,-104.7783342,5.3,ppb,5.0,23.0,0.054,ppm,50.0,17.0,0.5,ppb,0.0,23.0,0.2,ppm,2.0,24.0
345,Cheyenne NCore,5/19/2018,1.0,ug/m3 SC,1.0,1.0,41.18222711,-104.7783342,1.0,ppb,1.0,22.0,0.038,ppm,35.0,17.0,0.2,ppb,0.0,21.0,0.1,ppm,1.0,24.0
346,Cheyenne NCore,5/20/2018,6.0,ug/m3 SC,6.0,1.0,41.18222711,-104.7783342,9.0,ppb,8.0,23.0,0.045,ppm,42.0,17.0,0.3,ppb,0.0,22.0,0.2,ppm,2.0,24.0
347,Cheyenne NCore,5/21/2018,8.0,ug/m3 SC,7.0,1.0,41.18222711,-104.7783342,13.3,ppb,12.0,23.0,0.053,ppm,49.0,17.0,0.4,ppb,0.0,23.0,0.2,ppm,2.0,24.0
348,Cheyenne NCore,5/22/2018,12.0,ug/m3 SC,11.0,1.0,41.18222711,-104.7783342,7.8,ppb,7.0,21.0,0.054,ppm,50.0,17.0,0.5,ppb,0.0,20.0,0.2,ppm,2.0,24.0
349,Cheyenne NCore,5/23/2018,9.0,ug/m3 SC,8.0,1.0,41.18222711,-104.7783342,13.3,ppb,12.0,23.0,0.062,ppm,74.0,17.0,0.7,ppb,0.0,23.0,0.2,ppm,2.0,24.0
350,Cheyenne NCore,5/24/2018,10.0,ug/m3 SC,9.0,1.0,41.18222711,-104.7783342,11.1,ppb,10.0,23.0,0.056,ppm,54.0,17.0,0.4,ppb,0.0,23.0,0.2,ppm,2.0,24.0
351,Cheyenne NCore,5/25/2018,10.0,ug/m3 SC,9.0,1.0,41.18222711,-104.7783342,10.3,ppb,9.0,22.0,0.059,ppm,64.0,17.0,0.4,ppb,0.0,22.0,0.2,ppm,2.0,24.0
352,Cheyenne NCore,5/26/2018,17.0,ug/m3 SC,16.0,1.0,41.18222711,-104.7783342,5.7,ppb,5.0,23.0,0.06,ppm,67.0,17.0,0.4,ppb,0.0,23.0,0.2,ppm,2.0,24.0
353,Cheyenne NCore,5/27/2018,18.0,ug/m3 SC,17.0,1.0,41.18222711,-104.7783342,12.2,ppb,11.0,23.0,0.051,ppm,47.0,17.0,0.4,ppb,0.0,23.0,0.2,ppm,2.0,24.0
354,Cheyenne NCore,5/28/2018,5.0,ug/m3 SC,5.0,1.0,41.18222711,-104.7783342,3.6,ppb,3.0,22.0,0.054,ppm,50.0,17.0,0.0,ppb,0.0,22.0,0.1,ppm,1.0,24.0
355,Cheyenne NCore,5/29/2018,5.0,ug/m3 SC,5.0,1.0,41.18222711,-104.7783342,7.2,ppb,7.0,23.0,0.054,ppm,50.0,17.0,0.1,ppb,0.0,23.0,0.1,ppm,1.0,24.0
356,Cheyenne NCore,5/30/2018,6.0,ug/m3 SC,6.0,1.0,41.18222711,-104.7783342,13.7,ppb,12.0,23.0,0.049,ppm,45.0,17.0,0.5,ppb,0.0,23.0,0.2,ppm,2.0,24.0
357,Cheyenne NCore,5/31/2018,12.0,ug/m3 SC,11.0,1.0,41.18222711,-104.7783342,12.0,ppb,11.0,22.0,0.057,ppm,58.0,17.0,1.2,ppb,1.0,22.0,0.2,ppm,2.0,24.0
358,Cheyenne NCore,6/1/2018,14.0,ug/m3 SC,13.0,1.0,41.18222711,-104.7783342,5.4,ppb,5.0,23.0,0.055,ppm,51.0,17.0,0.5,ppb,0.0,23.0,0.1,ppm,1.0,24.0
359,Cheyenne NCore,6/2/2018,11.0,ug/m3 SC,10.0,1.0,41.18222711,-104.7783342,5.1,ppb,5.0,23.0,0.06,ppm,67.0,17.0,0.4,ppb,0.0,23.0,0.1,ppm,1.0,24.0
360,Cheyenne NCore,6/3/2018,21.0,ug/m3 SC,19.0,1.0,41.18222711,-104.7783342,7.3,ppb,7.0,21.0,0.053,ppm,49.0,17.0,0.6,ppb,0.0,22.0,0.2,ppm,2.0,24.0
361,Cheyenne NCore,6/4/2018,18.0,ug/m3 SC,17.0,1.0,41.18222711,-104.7783342,13.7,ppb,12.0,22.0,0.053,ppm,49.0,17.0,1.1,ppb,1.0,23.0,0.2,ppm,2.0,24.0
362,Cheyenne NCore,6/5/2018,15.0,ug/m3 SC,14.0,1.0,41.18222711,-104.7783342,11.3,ppb,10.0,23.0,0.056,ppm,54.0,17.0,0.7,ppb,0.0,23.0,0.1,ppm,1.0,24.0
363,Cheyenne NCore,6/6/2018,24.0,ug/m3 SC,22.0,1.0,41.18222711,-104.7783342,2.4,ppb,2.0,21.0,0.05,ppm,46.0,17.0,1.3,ppb,1.0,21.0,0.1,ppm,1.0,24.0
364,Cheyenne NCore,6/7/2018,25.0,ug/m3 SC,23.0,1.0,41.18222711,-104.7783342,5.8,ppb,5.0,23.0,0.058,ppm,61.0,17.0,0.9,ppb,0.0,23.0,0.1,ppm,1.0,24.0
365,Cheyenne NCore,6/8/2018,27.0,ug/m3 SC,25.0,1.0,41.18222711,-104.7783342,4.7,ppb,4.0,23.0,0.052,ppm,48.0,17.0,0.6,ppb,0.0,23.0,0.1,ppm,1.0,24.0
366,Cheyenne NCore,6/9/2018,25.0,ug/m3 SC,23.0,1.0,41.18222711,-104.7783342,5.0,ppb,5.0,22.0,0.053,ppm,49.0,17.0,1.2,ppb,1.0,22.0,0.1,ppm,1.0,24.0
367,Cheyenne NCore,6/10/2018,21.0,ug/m3 SC,19.0,1.0,41.18222711,-104.7783342,12.7,ppb,11.0,23.0,0.053,ppm,49.0,17.0,0.8,ppb,0.0,23.0,0.1,ppm,1.0,24.0
368,Cheyenne NCore,6/11/2018,22.0,ug/m3 SC,20.0,1.0,41.18222711,-104.7783342,3.7,ppb,3.0,21.0,0.068,ppm,93.0,17.0,0.8,ppb,0.0,21.0,0.1,ppm,1.0,24.0
369,Cheyenne NCore,6/14/2018,34.0,ug/m3 SC,31.0,1.0,41.18222711,-104.7783342,,,,,,,,,,,,,0.2,ppm,2.0,15.0
370,Cheyenne NCore,6/15/2018,32.0,ug/m3 SC,30.0,1.0,41.18222711,-104.7783342,8.5,ppb,8.0,18.0,0.05,ppm,46.0,14.0,0.8,ppb,0.0,18.0,0.2,ppm,2.0,12.0
371,Cheyenne NCore,6/16/2018,18.0,ug/m3 SC,17.0,1.0,41.18222711,-104.7783342,7.7,ppb,7.0,23.0,0.046,ppm,43.0,17.0,0.7,ppb,0.0,22.0,0.2,ppm,2.0,24.0
372,Cheyenne NCore,6/17/2018,3.0,ug/m3 SC,3.0,1.0,41.18222711,-104.7783342,3.8,ppb,3.0,23.0,0.031,ppm,29.0,17.0,0.4,ppb,0.0,23.0,0.1,ppm,1.0,24.0
373,Cheyenne NCore,6/18/2018,6.0,ug/m3 SC,6.0,1.0,41.18222711,-104.7783342,4.6,ppb,4.0,22.0,0.048,ppm,44.0,17.0,0.7,ppb,0.0,21.0,0.2,ppm,2.0,24.0
374,Cheyenne NCore,6/19/2018,8.0,ug/m3 SC,7.0,1.0,41.18222711,-104.7783342,6.6,ppb,6.0,22.0,0.043,ppm,40.0,17.0,0.3,ppb,0.0,21.0,0.1,ppm,1.0,24.0
375,Cheyenne NCore,6/20/2018,9.0,ug/m3 SC,8.0,1.0,41.18222711,-104.7783342,3.4,ppb,3.0,23.0,0.054,ppm,50.0,17.0,0.2,ppb,0.0,23.0,0.1,ppm,1.0,24.0
376,Cheyenne NCore,6/21/2018,7.0,ug/m3 SC,6.0,1.0,41.18222711,-104.7783342,14.8,ppb,13.0,22.0,0.047,ppm,44.0,17.0,0.3,ppb,0.0,21.0,0.1,ppm,1.0,24.0
377,Cheyenne NCore,6/22/2018,16.0,ug/m3 SC,15.0,1.0,41.18222711,-104.7783342,9.5,ppb,8.0,23.0,0.05,ppm,46.0,17.0,0.8,ppb,0.0,22.0,0.1,ppm,1.0,24.0
378,Cheyenne NCore,6/23/2018,12.0,ug/m3 SC,11.0,1.0,41.18222711,-104.7783342,6.1,ppb,6.0,23.0,0.054,ppm,50.0,17.0,0.5,ppb,0.0,23.0,0.1,ppm,1.0,24.0
379,Cheyenne NCore,6/24/2018,6.0,ug/m3 SC,6.0,1.0,41.18222711,-104.7783342,3.5,ppb,3.0,22.0,0.054,ppm,50.0,17.0,0.2,ppb,0.0,21.0,0.1,ppm,1.0,24.0
380,Cheyenne NCore,6/25/2018,6.0,ug/m3 SC,6.0,1.0,41.18222711,-104.7783342,6.9,ppb,6.0,23.0,0.049,ppm,45.0,17.0,0.4,ppb,0.0,22.0,0.1,ppm,1.0,24.0
381,Cheyenne NCore,6/26/2018,12.0,ug/m3 SC,11.0,1.0,41.18222711,-104.7783342,,,,,,,,,,,,,0.2,ppm,2.0,14.0
382,Cheyenne NCore,6/27/2018,28.0,ug/m3 SC,26.0,1.0,41.18222711,-104.7783342,15.5,ppb,14.0,22.0,0.059,ppm,64.0,17.0,2.0,ppb,3.0,22.0,0.2,ppm,2.0,24.0
383,Cheyenne NCore,6/28/2018,26.0,ug/m3 SC,24.0,1.0,41.18222711,-104.7783342,15.5,ppb,14.0,23.0,0.054,ppm,50.0,17.0,1.0,ppb,1.0,23.0,0.2,ppm,2.0,24.0
384,Cheyenne NCore,6/29/2018,35.0,ug/m3 SC,32.0,1.0,41.18222711,-104.7783342,11.5,ppb,10.0,23.0,0.053,ppm,49.0,17.0,0.9,ppb,0.0,23.0,0.2,ppm,2.0,24.0
385,Cheyenne NCore,6/30/2018,10.0,ug/m3 SC,9.0,1.0,41.18222711,-104.7783342,4.7,ppb,4.0,22.0,0.053,ppm,49.0,17.0,0.3,ppb,0.0,21.0,0.1,ppm,1.0,24.0
386,Cheyenne NCore,7/1/2018,8.0,ug/m3 SC,7.0,1.0,41.18222711,-104.7783342,16.9,ppb,15.0,23.0,0.056,ppm,54.0,17.0,0.6,ppb,0.0,23.0,0.1,ppm,1.0,24.0
387,Cheyenne NCore,7/2/2018,17.0,ug/m3 SC,16.0,1.0,41.18222711,-104.7783342,13.4,ppb,12.0,23.0,0.046,ppm,43.0,17.0,0.8,ppb,0.0,23.0,0.2,ppm,2.0,24.0
388,Cheyenne NCore,7/3/2018,27.0,ug/m3 SC,25.0,1.0,41.18222711,-104.7783342,13.7,ppb,12.0,22.0,0.052,ppm,48.0,17.0,1.1,ppb,1.0,22.0,0.2,ppm,2.0,24.0
389,Cheyenne NCore,7/4/2018,24.0,ug/m3 SC,22.0,1.0,41.18222711,-104.7783342,12.2,ppb,11.0,23.0,0.051,ppm,47.0,17.0,0.8,ppb,0.0,23.0,0.1,ppm,1.0,24.0
390,Cheyenne NCore,7/5/2018,23.0,ug/m3 SC,21.0,1.0,41.18222711,-104.7783342,7.9,ppb,7.0,23.0,0.062,ppm,74.0,17.0,0.4,ppb,0.0,23.0,0.2,ppm,2.0,24.0
391,Cheyenne NCore,7/6/2018,19.0,ug/m3 SC,18.0,1.0,41.18222711,-104.7783342,13.2,ppb,12.0,22.0,0.063,ppm,77.0,17.0,0.6,ppb,0.0,22.0,0.2,ppm,2.0,24.0
392,Cheyenne NCore,7/7/2018,22.0,ug/m3 SC,20.0,1.0,41.18222711,-104.7783342,11.8,ppb,10.0,23.0,0.068,ppm,93.0,17.0,1.7,ppb,1.0,23.0,0.2,ppm,2.0,24.0
393,Cheyenne NCore,7/8/2018,18.0,ug/m3 SC,17.0,1.0,41.18222711,-104.7783342,14.7,ppb,13.0,23.0,0.057,ppm,58.0,17.0,0.5,ppb,0.0,23.0,0.2,ppm,2.0,24.0
394,Cheyenne NCore,7/9/2018,23.0,ug/m3 SC,21.0,1.0,41.18222711,-104.7783342,6.3,ppb,6.0,22.0,0.062,ppm,74.0,17.0,0.7,ppb,0.0,22.0,0.2,ppm,2.0,24.0
395,Cheyenne NCore,7/10/2018,21.0,ug/m3 SC,19.0,1.0,41.18222711,-104.7783342,20.8,ppb,19.0,23.0,0.065,ppm,84.0,17.0,1.8,ppb,1.0,23.0,0.2,ppm,2.0,24.0
396,Cheyenne NCore,7/11/2018,27.0,ug/m3 SC,25.0,1.0,41.18222711,-104.7783342,13.3,ppb,12.0,23.0,0.063,ppm,77.0,17.0,0.8,ppb,0.0,23.0,0.1,ppm,1.0,24.0
397,Cheyenne NCore,7/12/2018,17.0,ug/m3 SC,16.0,1.0,41.18222711,-104.7783342,3.4,ppb,3.0,22.0,0.055,ppm,51.0,17.0,0.6,ppb,0.0,21.0,0.1,ppm,1.0,24.0
398,Cheyenne NCore,7/13/2018,18.0,ug/m3 SC,17.0,1.0,41.18222711,-104.7783342,5.2,ppb,5.0,22.0,0.06,ppm,67.0,17.0,0.6,ppb,0.0,22.0,0.1,ppm,1.0,24.0
399,Cheyenne NCore,7/14/2018,18.0,ug/m3 SC,17.0,1.0,41.18222711,-104.7783342,13.5,ppb,12.0,23.0,0.069,ppm,97.0,17.0,1.4,ppb,1.0,23.0,0.2,ppm,2.0,24.0
400,Cheyenne NCore,7/15/2018,13.0,ug/m3 SC,12.0,1.0,41.18222711,-104.7783342,7.1,ppb,7.0,22.0,0.048,ppm,44.0,17.0,0.6,ppb,0.0,21.0,0.1,ppm,1.0,24.0
401,Cheyenne NCore,7/16/2018,14.0,ug/m3 SC,13.0,1.0,41.18222711,-104.7783342,13.2,ppb,12.0,23.0,0.061,ppm,71.0,17.0,1.4,ppb,1.0,22.0,0.2,ppm,2.0,24.0
402,Cheyenne NCore,7/17/2018,9.0,ug/m3 SC,8.0,1.0,41.18222711,-104.7783342,10.5,ppb,9.0,23.0,0.058,ppm,61.0,17.0,1.0,ppb,1.0,23.0,0.2,ppm,2.0,24.0
403,Cheyenne NCore,7/18/2018,13.0,ug/m3 SC,12.0,1.0,41.18222711,-104.7783342,5.9,ppb,5.0,20.0,0.063,ppm,77.0,17.0,0.7,ppb,0.0,22.0,0.1,ppm,1.0,24.0
404,Cheyenne NCore,7/19/2018,19.0,ug/m3 SC,18.0,1.0,41.18222711,-104.7783342,,,,,0.058,ppm,61.0,13.0,0.7,ppb,0.0,18.0,0.2,ppm,2.0,15.0
405,Cheyenne NCore,7/20/2018,27.0,ug/m3 SC,25.0,1.0,41.18222711,-104.7783342,7.7,ppb,7.0,23.0,0.062,ppm,74.0,17.0,0.8,ppb,0.0,23.0,0.2,ppm,2.0,24.0
406,Cheyenne NCore,7/21/2018,28.0,ug/m3 SC,26.0,1.0,41.18222711,-104.7783342,14.3,ppb,13.0,18.0,,,,,,,,,0.2,ppm,2.0,17.0
407,Cheyenne NCore,7/22/2018,14.0,ug/m3 SC,13.0,1.0,41.18222711,-104.7783342,5.1,ppb,5.0,23.0,0.053,ppm,49.0,17.0,1.3,ppb,1.0,22.0,0.1,ppm,1.0,23.0
408,Cheyenne NCore,7/23/2018,19.0,ug/m3 SC,18.0,1.0,41.18222711,-104.7783342,7.6,ppb,7.0,23.0,0.048,ppm,44.0,17.0,0.7,ppb,0.0,23.0,0.2,ppm,2.0,24.0
409,Cheyenne NCore,7/24/2018,14.0,ug/m3 SC,13.0,1.0,41.18222711,-104.7783342,8.9,ppb,8.0,22.0,0.056,ppm,54.0,17.0,0.8,ppb,0.0,21.0,0.2,ppm,2.0,24.0
410,Cheyenne NCore,7/25/2018,12.0,ug/m3 SC,11.0,1.0,41.18222711,-104.7783342,10.2,ppb,9.0,23.0,0.053,ppm,49.0,17.0,0.6,ppb,0.0,22.0,0.2,ppm,2.0,24.0
411,Cheyenne NCore,7/26/2018,9.0,ug/m3 SC,8.0,1.0,41.18222711,-104.7783342,15.2,ppb,14.0,23.0,0.054,ppm,50.0,17.0,0.7,ppb,0.0,23.0,0.2,ppm,2.0,24.0
412,Cheyenne NCore,7/27/2018,10.0,ug/m3 SC,9.0,1.0,41.18222711,-104.7783342,11.5,ppb,10.0,22.0,0.046,ppm,43.0,17.0,0.6,ppb,0.0,21.0,0.1,ppm,1.0,24.0
413,Cheyenne NCore,7/28/2018,10.0,ug/m3 SC,9.0,1.0,41.18222711,-104.7783342,8.5,ppb,8.0,23.0,0.05,ppm,46.0,17.0,0.9,ppb,0.0,22.0,0.2,ppm,2.0,24.0
414,Cheyenne NCore,7/29/2018,10.0,ug/m3 SC,9.0,1.0,41.18222711,-104.7783342,5.4,ppb,5.0,23.0,0.052,ppm,48.0,17.0,0.8,ppb,0.0,23.0,0.2,ppm,2.0,24.0
415,Cheyenne NCore,7/30/2018,11.0,ug/m3 SC,10.0,1.0,41.18222711,-104.7783342,4.8,ppb,4.0,20.0,0.06,ppm,67.0,17.0,0.8,ppb,0.0,22.0,0.2,ppm,2.0,24.0
416,Cheyenne NCore,7/31/2018,12.0,ug/m3 SC,11.0,1.0,41.18222711,-104.7783342,17.0,ppb,16.0,22.0,0.061,ppm,71.0,17.0,0.8,ppb,0.0,23.0,0.2,ppm,2.0,24.0
417,Cheyenne NCore,8/1/2018,14.0,ug/m3 SC,13.0,1.0,41.18222711,-104.7783342,9.6,ppb,8.0,23.0,0.061,ppm,71.0,17.0,0.9,ppb,0.0,23.0,0.2,ppm,2.0,24.0
418,Cheyenne NCore,8/2/2018,24.0,ug/m3 SC,22.0,1.0,41.18222711,-104.7783342,12.5,ppb,11.0,20.0,0.068,ppm,93.0,17.0,1.1,ppb,1.0,22.0,0.2,ppm,2.0,24.0
419,Cheyenne NCore,8/3/2018,16.0,ug/m3 SC,15.0,1.0,41.18222711,-104.7783342,20.7,ppb,19.0,22.0,0.058,ppm,61.0,17.0,1.0,ppb,1.0,23.0,0.2,ppm,2.0,24.0
420,Cheyenne NCore,8/4/2018,18.0,ug/m3 SC,17.0,1.0,41.18222711,-104.7783342,4.8,ppb,4.0,23.0,0.056,ppm,54.0,17.0,0.8,ppb,0.0,23.0,0.2,ppm,2.0,24.0
421,Cheyenne NCore,8/5/2018,16.0,ug/m3 SC,15.0,1.0,41.18222711,-104.7783342,5.0,ppb,5.0,21.0,0.052,ppm,48.0,17.0,0.8,ppb,0.0,22.0,0.2,ppm,2.0,24.0
422,Cheyenne NCore,8/6/2018,13.0,ug/m3 SC,12.0,1.0,41.18222711,-104.7783342,25.1,ppb,24.0,23.0,0.048,ppm,44.0,17.0,0.7,ppb,0.0,22.0,0.2,ppm,2.0,24.0
423,Cheyenne NCore,8/7/2018,20.0,ug/m3 SC,19.0,1.0,41.18222711,-104.7783342,19.8,ppb,18.0,23.0,0.059,ppm,64.0,17.0,1.8,ppb,1.0,23.0,0.2,ppm,2.0,24.0
424,Cheyenne NCore,8/8/2018,17.0,ug/m3 SC,16.0,1.0,41.18222711,-104.7783342,11.6,ppb,10.0,21.0,0.063,ppm,77.0,17.0,1.0,ppb,1.0,22.0,0.2,ppm,2.0,24.0
425,Cheyenne NCore,8/9/2018,18.0,ug/m3 SC,17.0,1.0,41.18222711,-104.7783342,25.6,ppb,24.0,23.0,0.065,ppm,84.0,17.0,3.4,ppb,4.0,23.0,0.2,ppm,2.0,24.0
426,Cheyenne NCore,8/10/2018,18.0,ug/m3 SC,17.0,1.0,41.18222711,-104.7783342,9.0,ppb,8.0,23.0,0.064,ppm,80.0,17.0,0.8,ppb,0.0,23.0,0.2,ppm,2.0,24.0
427,Cheyenne NCore,8/11/2018,19.0,ug/m3 SC,18.0,1.0,41.18222711,-104.7783342,11.4,ppb,10.0,21.0,0.061,ppm,71.0,17.0,1.2,ppb,1.0,22.0,0.2,ppm,2.0,24.0
428,Cheyenne NCore,8/12/2018,29.0,ug/m3 SC,27.0,1.0,41.18222711,-104.7783342,13.1,ppb,12.0,23.0,0.06,ppm,67.0,17.0,0.8,ppb,0.0,23.0,0.2,ppm,2.0,24.0
429,Cheyenne NCore,8/13/2018,31.0,ug/m3 SC,29.0,1.0,41.18222711,-104.7783342,11.8,ppb,10.0,23.0,0.061,ppm,71.0,17.0,1.0,ppb,1.0,23.0,0.2,ppm,2.0,24.0
430,Cheyenne NCore,8/14/2018,16.0,ug/m3 SC,15.0,1.0,41.18222711,-104.7783342,8.2,ppb,8.0,21.0,0.049,ppm,45.0,17.0,1.0,ppb,1.0,22.0,0.2,ppm,2.0,24.0
431,Cheyenne NCore,8/15/2018,20.0,ug/m3 SC,19.0,1.0,41.18222711,-104.7783342,9.5,ppb,8.0,23.0,0.053,ppm,49.0,17.0,0.9,ppb,0.0,23.0,0.2,ppm,2.0,24.0
432,Cheyenne NCore,8/16/2018,26.0,ug/m3 SC,24.0,1.0,41.18222711,-104.7783342,8.1,ppb,8.0,23.0,0.057,ppm,58.0,17.0,1.3,ppb,1.0,23.0,0.2,ppm,2.0,24.0
433,Cheyenne NCore,8/17/2018,28.0,ug/m3 SC,26.0,1.0,41.18222711,-104.7783342,9.0,ppb,8.0,21.0,0.058,ppm,61.0,17.0,1.0,ppb,1.0,22.0,0.2,ppm,2.0,24.0
434,Cheyenne NCore,8/18/2018,15.0,ug/m3 SC,14.0,1.0,41.18222711,-104.7783342,17.5,ppb,16.0,23.0,0.05,ppm,46.0,17.0,0.9,ppb,0.0,22.0,0.2,ppm,2.0,24.0
435,Cheyenne NCore,8/19/2018,27.0,ug/m3 SC,25.0,1.0,41.18222711,-104.7783342,3.1,ppb,3.0,23.0,0.051,ppm,47.0,17.0,0.5,ppb,0.0,23.0,0.4,ppm,5.0,24.0
436,Cheyenne NCore,8/20/2018,59.0,ug/m3 SC,53.0,1.0,41.18222711,-104.7783342,12.3,ppb,11.0,21.0,0.052,ppm,48.0,17.0,1.1,ppb,1.0,22.0,0.4,ppm,5.0,24.0
437,Cheyenne NCore,8/21/2018,27.0,ug/m3 SC,25.0,1.0,41.18222711,-104.7783342,12.5,ppb,11.0,23.0,0.044,ppm,41.0,17.0,0.9,ppb,0.0,22.0,0.2,ppm,2.0,24.0
438,Cheyenne NCore,8/22/2018,17.0,ug/m3 SC,16.0,1.0,41.18222711,-104.7783342,6.6,ppb,6.0,23.0,0.049,ppm,45.0,17.0,0.9,ppb,0.0,23.0,0.3,ppm,3.0,24.0
439,Cheyenne NCore,8/23/2018,39.0,ug/m3 SC,36.0,1.0,41.18222711,-104.7783342,6.4,ppb,6.0,21.0,0.062,ppm,74.0,17.0,1.0,ppb,1.0,22.0,0.4,ppm,5.0,24.0
440,Cheyenne NCore,8/24/2018,44.0,ug/m3 SC,41.0,1.0,41.18222711,-104.7783342,3.4,ppb,3.0,23.0,0.066,ppm,87.0,17.0,1.0,ppb,1.0,23.0,0.3,ppm,3.0,24.0
441,Cheyenne NCore,8/25/2018,15.0,ug/m3 SC,14.0,1.0,41.18222711,-104.7783342,10.8,ppb,9.0,23.0,0.054,ppm,50.0,17.0,1.1,ppb,1.0,23.0,0.2,ppm,2.0,24.0
442,Cheyenne NCore,8/26/2018,10.0,ug/m3 SC,9.0,1.0,41.18222711,-104.7783342,22.1,ppb,21.0,22.0,0.052,ppm,48.0,17.0,0.9,ppb,0.0,22.0,0.2,ppm,2.0,24.0
443,Cheyenne NCore,8/27/2018,22.0,ug/m3 SC,20.0,1.0,41.18222711,-104.7783342,5.3,ppb,5.0,23.0,0.051,ppm,47.0,17.0,1.2,ppb,1.0,23.0,0.2,ppm,2.0,24.0
444,Cheyenne NCore,8/28/2018,17.0,ug/m3 SC,16.0,1.0,41.18222711,-104.7783342,5.3,ppb,5.0,22.0,0.045,ppm,42.0,17.0,1.8,ppb,1.0,22.0,0.2,ppm,2.0,24.0
445,Cheyenne NCore,8/29/2018,28.0,ug/m3 SC,26.0,1.0,41.18222711,-104.7783342,19.0,ppb,18.0,22.0,0.052,ppm,48.0,17.0,1.9,ppb,1.0,22.0,0.3,ppm,3.0,24.0
446,Cheyenne NCore,8/30/2018,17.0,ug/m3 SC,16.0,1.0,41.18222711,-104.7783342,22.7,ppb,21.0,23.0,0.046,ppm,43.0,17.0,1.2,ppb,1.0,23.0,0.2,ppm,2.0,24.0
447,Cheyenne NCore,8/31/2018,14.0,ug/m3 SC,13.0,1.0,41.18222711,-104.7783342,13.7,ppb,12.0,23.0,0.047,ppm,44.0,17.0,1.1,ppb,1.0,23.0,0.1,ppm,1.0,24.0
448,Cheyenne NCore,9/1/2018,13.0,ug/m3 SC,12.0,1.0,41.18222711,-104.7783342,10.4,ppb,9.0,22.0,0.05,ppm,46.0,17.0,1.1,ppb,1.0,22.0,0.1,ppm,1.0,24.0
449,Cheyenne NCore,9/2/2018,17.0,ug/m3 SC,16.0,1.0,41.18222711,-104.7783342,13.5,ppb,12.0,23.0,0.049,ppm,45.0,17.0,1.0,ppb,1.0,23.0,0.1,ppm,1.0,24.0
450,Cheyenne NCore,9/3/2018,13.0,ug/m3 SC,12.0,1.0,41.18222711,-104.7783342,15.5,ppb,14.0,23.0,0.052,ppm,48.0,17.0,1.1,ppb,1.0,23.0,0.1,ppm,1.0,24.0
451,Cheyenne NCore,9/4/2018,20.0,ug/m3 SC,19.0,1.0,41.18222711,-104.7783342,,,,,,,,,,,,,0.1,ppm,1.0,13.0
452,Cheyenne NCore,9/5/2018,21.0,ug/m3 SC,19.0,1.0,41.18222711,-104.7783342,6.6,ppb,6.0,18.0,,,,,,,,,0.2,ppm,2.0,15.0
453,Cheyenne NCore,9/6/2018,13.0,ug/m3 SC,12.0,1.0,41.18222711,-104.7783342,8.7,ppb,8.0,23.0,0.045,ppm,42.0,17.0,0.7,ppb,0.0,23.0,0.2,ppm,2.0,24.0
454,Cheyenne NCore,9/7/2018,13.0,ug/m3 SC,12.0,1.0,41.18222711,-104.7783342,10.7,ppb,9.0,22.0,0.049,ppm,45.0,17.0,0.7,ppb,0.0,21.0,0.1,ppm,1.0,24.0
455,Cheyenne NCore,9/8/2018,15.0,ug/m3 SC,14.0,1.0,41.18222711,-104.7783342,9.1,ppb,8.0,23.0,0.058,ppm,61.0,17.0,1.1,ppb,1.0,23.0,0.1,ppm,1.0,22.0
456,Cheyenne NCore,9/9/2018,23.0,ug/m3 SC,21.0,1.0,41.18222711,-104.7783342,15.0,ppb,14.0,23.0,0.055,ppm,51.0,17.0,0.9,ppb,0.0,23.0,0.2,ppm,2.0,24.0
457,Cheyenne NCore,9/10/2018,33.0,ug/m3 SC,31.0,1.0,41.18222711,-104.7783342,14.5,ppb,13.0,21.0,0.059,ppm,64.0,17.0,1.2,ppb,1.0,22.0,0.2,ppm,2.0,24.0
458,Cheyenne NCore,9/11/2018,26.0,ug/m3 SC,24.0,1.0,41.18222711,-104.7783342,20.9,ppb,19.0,22.0,0.048,ppm,44.0,17.0,1.2,ppb,1.0,23.0,0.2,ppm,2.0,24.0
459,Cheyenne NCore,9/12/2018,19.0,ug/m3 SC,18.0,1.0,41.18222711,-104.7783342,20.4,ppb,19.0,22.0,0.053,ppm,49.0,17.0,1.5,ppb,1.0,23.0,0.2,ppm,2.0,24.0
460,Cheyenne NCore,9/13/2018,27.0,ug/m3 SC,25.0,1.0,41.18222711,-104.7783342,11.5,ppb,10.0,19.0,0.046,ppm,43.0,17.0,0.9,ppb,0.0,21.0,0.2,ppm,2.0,24.0
461,Cheyenne NCore,9/14/2018,30.0,ug/m3 SC,28.0,1.0,41.18222711,-104.7783342,8.0,ppb,8.0,22.0,0.044,ppm,41.0,17.0,0.9,ppb,0.0,23.0,0.2,ppm,2.0,24.0
462,Cheyenne NCore,9/15/2018,26.0,ug/m3 SC,24.0,1.0,41.18222711,-104.7783342,8.5,ppb,8.0,23.0,0.052,ppm,48.0,17.0,1.0,ppb,1.0,23.0,0.1,ppm,1.0,24.0
463,Cheyenne NCore,9/16/2018,24.0,ug/m3 SC,22.0,1.0,41.18222711,-104.7783342,5.2,ppb,5.0,22.0,0.048,ppm,44.0,17.0,0.8,ppb,0.0,22.0,0.1,ppm,1.0,24.0
464,Cheyenne NCore,9/17/2018,21.0,ug/m3 SC,19.0,1.0,41.18222711,-104.7783342,19.0,ppb,18.0,23.0,0.04,ppm,37.0,17.0,0.8,ppb,0.0,23.0,0.2,ppm,2.0,24.0
465,Cheyenne NCore,9/18/2018,24.0,ug/m3 SC,22.0,1.0,41.18222711,-104.7783342,13.2,ppb,12.0,23.0,0.048,ppm,44.0,17.0,1.9,ppb,1.0,23.0,0.1,ppm,1.0,24.0
466,Cheyenne NCore,9/19/2018,19.0,ug/m3 SC,18.0,1.0,41.18222711,-104.7783342,8.7,ppb,8.0,22.0,0.035,ppm,32.0,17.0,0.9,ppb,0.0,22.0,0.1,ppm,1.0,24.0
467,Cheyenne NCore,9/20/2018,14.0,ug/m3 SC,13.0,1.0,41.18222711,-104.7783342,7.0,ppb,7.0,23.0,0.053,ppm,49.0,17.0,0.9,ppb,0.0,22.0,0.2,ppm,2.0,24.0
468,Cheyenne NCore,9/21/2018,17.0,ug/m3 SC,16.0,1.0,41.18222711,-104.7783342,23.7,ppb,22.0,22.0,0.051,ppm,47.0,17.0,0.6,ppb,0.0,22.0,0.2,ppm,2.0,24.0
469,Cheyenne NCore,9/22/2018,20.0,ug/m3 SC,19.0,1.0,41.18222711,-104.7783342,17.7,ppb,16.0,22.0,0.057,ppm,58.0,17.0,0.4,ppb,0.0,22.0,0.2,ppm,2.0,24.0
470,Cheyenne NCore,9/23/2018,21.0,ug/m3 SC,19.0,1.0,41.18222711,-104.7783342,7.7,ppb,7.0,23.0,0.053,ppm,49.0,17.0,0.4,ppb,0.0,23.0,0.2,ppm,2.0,24.0
471,Cheyenne NCore,9/24/2018,15.0,ug/m3 SC,14.0,1.0,41.18222711,-104.7783342,5.7,ppb,5.0,23.0,0.051,ppm,47.0,17.0,0.5,ppb,0.0,23.0,0.2,ppm,2.0,24.0
472,Cheyenne NCore,9/25/2018,11.0,ug/m3 SC,10.0,1.0,41.18222711,-104.7783342,7.0,ppb,7.0,22.0,0.044,ppm,41.0,17.0,0.3,ppb,0.0,22.0,0.1,ppm,1.0,24.0
473,Cheyenne NCore,9/26/2018,22.0,ug/m3 SC,20.0,1.0,41.18222711,-104.7783342,20.0,ppb,19.0,22.0,0.052,ppm,48.0,17.0,0.7,ppb,0.0,20.0,0.2,ppm,2.0,24.0
474,Cheyenne NCore,9/27/2018,22.0,ug/m3 SC,20.0,1.0,41.18222711,-104.7783342,3.2,ppb,3.0,23.0,0.049,ppm,45.0,17.0,0.6,ppb,0.0,23.0,0.2,ppm,2.0,24.0
475,Cheyenne NCore,9/28/2018,9.0,ug/m3 SC,8.0,1.0,41.18222711,-104.7783342,3.4,ppb,3.0,22.0,0.022,ppm,20.0,17.0,0.4,ppb,0.0,21.0,0.1,ppm,1.0,24.0
476,Cheyenne NCore,9/29/2018,10.0,ug/m3 SC,9.0,1.0,41.18222711,-104.7783342,14.9,ppb,13.0,23.0,0.037,ppm,34.0,17.0,0.6,ppb,0.0,22.0,0.1,ppm,1.0,24.0
477,Cheyenne NCore,9/30/2018,7.0,ug/m3 SC,6.0,1.0,41.18222711,-104.7783342,4.6,ppb,4.0,23.0,0.02,ppm,19.0,17.0,0.6,ppb,0.0,23.0,0.2,ppm,2.0,24.0
478,Cheyenne NCore,10/1/2018,21.0,ug/m3 SC,19.0,1.0,41.18222711,-104.7783342,25.2,ppb,24.0,22.0,0.038,ppm,35.0,17.0,1.1,ppb,1.0,22.0,0.2,ppm,2.0,24.0
479,Cheyenne NCore,10/4/2018,18.0,ug/m3 SC,17.0,1.0,41.18222711,-104.7783342,15.6,ppb,14.0,19.0,,,,,0.8,ppb,0.0,19.0,0.2,ppm,2.0,21.0
480,Cheyenne NCore,10/5/2018,7.0,ug/m3 SC,6.0,1.0,41.18222711,-104.7783342,22.3,ppb,21.0,24.0,0.037,ppm,34.0,17.0,1.3,ppb,1.0,24.0,,,,
481,Cheyenne NCore,10/6/2018,10.0,ug/m3 SC,9.0,1.0,41.18222711,-104.7783342,31.5,ppb,29.0,24.0,0.04,ppm,37.0,17.0,0.7,ppb,0.0,24.0,,,,
482,Cheyenne NCore,10/7/2018,7.0,ug/m3 SC,6.0,1.0,41.18222711,-104.7783342,2.8,ppb,2.0,24.0,0.02,ppm,19.0,17.0,0.6,ppb,0.0,24.0,,,,
483,Cheyenne NCore,10/8/2018,1.0,ug/m3 SC,1.0,1.0,41.18222711,-104.7783342,2.3,ppb,2.0,22.0,0.022,ppm,20.0,17.0,0.6,ppb,0.0,22.0,,,,
484,Cheyenne NCore,10/9/2018,4.0,ug/m3 SC,4.0,1.0,41.18222711,-104.7783342,2.2,ppb,2.0,21.0,0.026,ppm,24.0,17.0,0.7,ppb,0.0,22.0,,,,
485,Cheyenne NCore,10/10/2018,1.0,ug/m3 SC,1.0,1.0,41.18222711,-104.7783342,4.5,ppb,4.0,23.0,0.019,ppm,18.0,17.0,0.8,ppb,0.0,23.0,,,,
486,Cheyenne NCore,10/11/2018,9.0,ug/m3 SC,8.0,1.0,41.18222711,-104.7783342,20.7,ppb,19.0,23.0,0.028,ppm,26.0,17.0,0.8,ppb,0.0,23.0,,,,
487,Cheyenne NCore,10/12/2018,8.0,ug/m3 SC,7.0,1.0,41.18222711,-104.7783342,37.9,ppb,35.0,24.0,0.042,ppm,39.0,17.0,0.8,ppb,0.0,24.0,,,,
488,Cheyenne NCore,10/13/2018,5.0,ug/m3 SC,5.0,1.0,41.18222711,-104.7783342,14.0,ppb,13.0,24.0,0.038,ppm,35.0,17.0,0.7,ppb,0.0,24.0,,,,
489,Cheyenne NCore,10/14/2018,5.0,ug/m3 SC,5.0,1.0,41.18222711,-104.7783342,6.9,ppb,6.0,24.0,0.039,ppm,36.0,17.0,0.7,ppb,0.0,24.0,,,,
490,Cheyenne NCore,10/15/2018,5.0,ug/m3 SC,5.0,1.0,41.18222711,-104.7783342,7.8,ppb,7.0,24.0,0.044,ppm,41.0,17.0,0.4,ppb,0.0,24.0,,,,
491,Cheyenne NCore,10/16/2018,6.0,ug/m3 SC,6.0,1.0,41.18222711,-104.7783342,8.5,ppb,8.0,19.0,,,,,0.2,ppb,0.0,19.0,,,,
492,Cheyenne NCore,10/17/2018,10.0,ug/m3 SC,9.0,1.0,41.18222711,-104.7783342,14.7,ppb,13.0,21.0,0.042,ppm,39.0,17.0,0.8,ppb,0.0,22.0,0.2,ppm,2.0,17.0
493,Cheyenne NCore,10/18/2018,10.0,ug/m3 SC,9.0,1.0,41.18222711,-104.7783342,24.8,ppb,23.0,22.0,0.041,ppm,38.0,17.0,0.6,ppb,0.0,22.0,0.1,ppm,1.0,4.0
494,Cheyenne NCore,10/19/2018,8.0,ug/m3 SC,7.0,1.0,41.18222711,-104.7783342,6.0,ppb,6.0,24.0,0.045,ppm,42.0,17.0,0.4,ppb,0.0,24.0,,,,
495,Cheyenne NCore,10/20/2018,14.0,ug/m3 SC,13.0,1.0,41.18222711,-104.7783342,22.8,ppb,21.0,20.0,0.047,ppm,44.0,17.0,0.5,ppb,0.0,22.0,,,,
496,Cheyenne NCore,10/21/2018,9.0,ug/m3 SC,8.0,1.0,41.18222711,-104.7783342,16.6,ppb,15.0,21.0,0.044,ppm,41.0,17.0,0.8,ppb,0.0,23.0,,,,
497,Cheyenne NCore,10/22/2018,15.0,ug/m3 SC,14.0,1.0,41.18222711,-104.7783342,,,,,,,,,0.5,ppb,0.0,19.0,,,,
498,Cheyenne NCore,10/23/2018,26.0,ug/m3 SC,24.0,1.0,41.18222711,-104.7783342,5.6,ppb,5.0,22.0,0.042,ppm,39.0,17.0,0.8,ppb,0.0,22.0,0.2,ppm,2.0,18.0
499,Cheyenne NCore,10/24/2018,7.0,ug/m3 SC,6.0,1.0,41.18222711,-104.7783342,9.5,ppb,8.0,24.0,0.045,ppm,42.0,17.0,0.6,ppb,0.0,24.0,0.1,ppm,1.0,24.0
500,Cheyenne NCore,10/25/2018,9.0,ug/m3 SC,8.0,1.0,41.18222711,-104.7783342,3.8,ppb,3.0,23.0,0.041,ppm,38.0,17.0,0.6,ppb,0.0,23.0,0.1,ppm,1.0,24.0
501,Cheyenne NCore,10/26/2018,10.0,ug/m3 SC,9.0,1.0,41.18222711,-104.7783342,4.1,ppb,4.0,22.0,0.044,ppm,41.0,17.0,0.5,ppb,0.0,22.0,0.1,ppm,1.0,3.0
502,Cheyenne NCore,10/27/2018,13.0,ug/m3 SC,12.0,1.0,41.18222711,-104.7783342,3.6,ppb,3.0,24.0,0.035,ppm,32.0,17.0,0.7,ppb,0.0,24.0,,,,
503,Cheyenne NCore,10/28/2018,10.0,ug/m3 SC,9.0,1.0,41.18222711,-104.7783342,19.1,ppb,18.0,22.0,0.037,ppm,34.0,17.0,0.9,ppb,0.0,22.0,,,,
504,Cheyenne NCore,10/29/2018,14.0,ug/m3 SC,13.0,1.0,41.18222711,-104.7783342,13.0,ppb,12.0,21.0,,,,,0.6,ppb,0.0,21.0,,,,
505,Cheyenne NCore,10/30/2018,7.0,ug/m3 SC,6.0,1.0,41.18222711,-104.7783342,6.3,ppb,6.0,22.0,0.039,ppm,36.0,17.0,1.0,ppb,1.0,22.0,0.1,ppm,1.0,16.0
506,Cheyenne NCore,10/31/2018,12.0,ug/m3 SC,11.0,1.0,41.18222711,-104.7783342,20.7,ppb,19.0,22.0,0.038,ppm,35.0,17.0,0.8,ppb,0.0,23.0,0.2,ppm,2.0,24.0
507,Cheyenne NCore,11/1/2018,10.0,ug/m3 SC,9.0,1.0,41.18222711,-104.7783342,6.1,ppb,6.0,24.0,0.04,ppm,37.0,17.0,0.8,ppb,0.0,24.0,0.2,ppm,2.0,24.0
508,Cheyenne NCore,11/2/2018,8.0,ug/m3 SC,7.0,1.0,41.18222711,-104.7783342,19.9,ppb,18.0,24.0,0.035,ppm,32.0,17.0,0.6,ppb,0.0,24.0,0.2,ppm,2.0,24.0
509,Cheyenne NCore,11/3/2018,2.0,ug/m3 SC,2.0,1.0,41.18222711,-104.7783342,6.0,ppb,6.0,21.0,0.034,ppm,31.0,17.0,0.8,ppb,0.0,22.0,0.2,ppm,2.0,24.0
510,Cheyenne NCore,11/4/2018,5.0,ug/m3 SC,5.0,1.0,41.18222711,-104.7783342,13.3,ppb,12.0,24.0,0.041,ppm,38.0,17.0,0.8,ppb,0.0,24.0,0.2,ppm,2.0,24.0
511,Cheyenne NCore,11/5/2018,4.0,ug/m3 SC,4.0,1.0,41.18222711,-104.7783342,9.2,ppb,8.0,24.0,0.044,ppm,41.0,17.0,0.7,ppb,0.0,24.0,0.1,ppm,1.0,24.0
512,Cheyenne NCore,11/6/2018,4.0,ug/m3 SC,4.0,1.0,41.18222711,-104.7783342,15.7,ppb,14.0,22.0,0.043,ppm,40.0,17.0,1.2,ppb,1.0,23.0,0.2,ppm,2.0,24.0
513,Cheyenne NCore,11/7/2018,12.0,ug/m3 SC,11.0,1.0,41.18222711,-104.7783342,32.5,ppb,30.0,24.0,0.034,ppm,31.0,17.0,0.9,ppb,0.0,24.0,0.2,ppm,2.0,24.0
514,Cheyenne NCore,11/8/2018,7.0,ug/m3 SC,6.0,1.0,41.18222711,-104.7783342,11.1,ppb,10.0,24.0,0.035,ppm,32.0,17.0,0.6,ppb,0.0,24.0,0.1,ppm,1.0,24.0
515,Cheyenne NCore,11/9/2018,18.0,ug/m3 SC,17.0,1.0,41.18222711,-104.7783342,27.5,ppb,25.0,21.0,0.034,ppm,31.0,17.0,0.6,ppb,0.0,22.0,0.2,ppm,2.0,24.0
516,Cheyenne NCore,11/10/2018,11.0,ug/m3 SC,10.0,1.0,41.18222711,-104.7783342,18.3,ppb,17.0,24.0,0.047,ppm,44.0,17.0,0.7,ppb,0.0,24.0,0.2,ppm,2.0,24.0
517,Cheyenne NCore,11/11/2018,6.0,ug/m3 SC,6.0,1.0,41.18222711,-104.7783342,5.4,ppb,5.0,24.0,0.04,ppm,37.0,17.0,0.6,ppb,0.0,24.0,0.1,ppm,1.0,24.0
518,Cheyenne NCore,11/12/2018,5.0,ug/m3 SC,5.0,1.0,41.18222711,-104.7783342,4.4,ppb,4.0,22.0,0.038,ppm,35.0,17.0,0.6,ppb,0.0,23.0,0.1,ppm,1.0,24.0
519,Cheyenne NCore,11/13/2018,5.0,ug/m3 SC,5.0,1.0,41.18222711,-104.7783342,1.8,ppb,1.0,24.0,0.038,ppm,35.0,17.0,0.3,ppb,0.0,24.0,0.1,ppm,1.0,24.0
520,Cheyenne NCore,11/14/2018,4.0,ug/m3 SC,4.0,1.0,41.18222711,-104.7783342,6.9,ppb,6.0,24.0,0.039,ppm,36.0,17.0,0.3,ppb,0.0,24.0,0.1,ppm,1.0,24.0
521,Cheyenne NCore,11/15/2018,10.0,ug/m3 SC,9.0,1.0,41.18222711,-104.7783342,16.4,ppb,15.0,19.0,0.038,ppm,35.0,13.0,0.6,ppb,0.0,20.0,0.1,ppm,1.0,18.0
522,Cheyenne NCore,11/16/2018,7.0,ug/m3 SC,6.0,1.0,41.18222711,-104.7783342,17.9,ppb,16.0,24.0,0.046,ppm,43.0,17.0,0.7,ppb,0.0,24.0,0.1,ppm,1.0,24.0
523,Cheyenne NCore,11/17/2018,4.0,ug/m3 SC,4.0,1.0,41.18222711,-104.7783342,20.5,ppb,19.0,24.0,0.023,ppm,21.0,17.0,0.5,ppb,0.0,24.0,0.1,ppm,1.0,24.0
524,Cheyenne NCore,11/18/2018,4.0,ug/m3 SC,4.0,1.0,41.18222711,-104.7783342,11.7,ppb,10.0,22.0,0.042,ppm,39.0,17.0,0.7,ppb,0.0,23.0,0.1,ppm,1.0,24.0
525,Cheyenne NCore,11/19/2018,7.0,ug/m3 SC,6.0,1.0,41.18222711,-104.7783342,15.5,ppb,14.0,24.0,0.041,ppm,38.0,17.0,0.7,ppb,0.0,24.0,0.2,ppm,2.0,24.0
526,Cheyenne NCore,11/20/2018,9.0,ug/m3 SC,8.0,1.0,41.18222711,-104.7783342,25.9,ppb,24.0,24.0,0.042,ppm,39.0,17.0,0.5,ppb,0.0,24.0,0.2,ppm,2.0,24.0
527,Cheyenne NCore,11/21/2018,7.0,ug/m3 SC,6.0,1.0,41.18222711,-104.7783342,21.6,ppb,20.0,21.0,0.045,ppm,42.0,17.0,0.5,ppb,0.0,22.0,0.2,ppm,2.0,24.0
528,Cheyenne NCore,11/22/2018,5.0,ug/m3 SC,5.0,1.0,41.18222711,-104.7783342,9.7,ppb,8.0,24.0,0.042,ppm,39.0,17.0,0.7,ppb,0.0,24.0,0.1,ppm,1.0,24.0
529,Cheyenne NCore,11/23/2018,10.0,ug/m3 SC,9.0,1.0,41.18222711,-104.7783342,4.3,ppb,4.0,24.0,0.041,ppm,38.0,17.0,0.7,ppb,0.0,24.0,0.1,ppm,1.0,24.0
530,Cheyenne NCore,11/24/2018,8.0,ug/m3 SC,7.0,1.0,41.18222711,-104.7783342,9.5,ppb,8.0,22.0,0.041,ppm,38.0,17.0,1.4,ppb,1.0,23.0,0.1,ppm,1.0,24.0
531,Cheyenne NCore,11/25/2018,5.0,ug/m3 SC,5.0,1.0,41.18222711,-104.7783342,2.8,ppb,2.0,24.0,0.039,ppm,36.0,17.0,0.6,ppb,0.0,24.0,0.1,ppm,1.0,24.0
532,Cheyenne NCore,11/26/2018,8.0,ug/m3 SC,7.0,1.0,41.18222711,-104.7783342,14.1,ppb,13.0,24.0,0.041,ppm,38.0,17.0,0.6,ppb,0.0,24.0,0.2,ppm,2.0,24.0
533,Cheyenne NCore,11/27/2018,4.0,ug/m3 SC,4.0,1.0,41.18222711,-104.7783342,2.4,ppb,2.0,22.0,0.045,ppm,42.0,17.0,0.6,ppb,0.0,23.0,0.1,ppm,1.0,24.0
534,Cheyenne NCore,11/28/2018,5.0,ug/m3 SC,5.0,1.0,41.18222711,-104.7783342,11.5,ppb,10.0,24.0,0.041,ppm,38.0,17.0,0.6,ppb,0.0,24.0,0.1,ppm,1.0,24.0
535,Cheyenne NCore,11/29/2018,9.0,ug/m3 SC,8.0,1.0,41.18222711,-104.7783342,16.5,ppb,15.0,24.0,0.034,ppm,31.0,17.0,0.7,ppb,0.0,24.0,0.2,ppm,2.0,24.0
536,Cheyenne NCore,11/30/2018,7.0,ug/m3 SC,6.0,1.0,41.18222711,-104.7783342,,,,,0.038,ppm,35.0,17.0,1.0,ppb,1.0,21.0,0.2,ppm,2.0,24.0
537,Cheyenne NCore,12/1/2018,5.0,ug/m3 SC,5.0,1.0,41.18222711,-104.7783342,1.5,ppb,1.0,24.0,0.035,ppm,32.0,17.0,0.9,ppb,0.0,24.0,0.1,ppm,1.0,24.0
538,Cheyenne NCore,12/2/2018,2.0,ug/m3 SC,2.0,1.0,41.18222711,-104.7783342,1.4,ppb,1.0,24.0,0.035,ppm,32.0,17.0,0.8,ppb,0.0,24.0,0.1,ppm,1.0,24.0
539,Cheyenne NCore,12/3/2018,7.0,ug/m3 SC,6.0,1.0,41.18222711,-104.7783342,16.2,ppb,15.0,22.0,0.033,ppm,31.0,17.0,0.5,ppb,0.0,23.0,0.2,ppm,2.0,24.0
540,Cheyenne NCore,12/4/2018,8.0,ug/m3 SC,7.0,1.0,41.18222711,-104.7783342,5.3,ppb,5.0,24.0,0.043,ppm,40.0,17.0,0.4,ppb,0.0,24.0,0.1,ppm,1.0,24.0
541,Cheyenne NCore,12/5/2018,6.0,ug/m3 SC,6.0,1.0,41.18222711,-104.7783342,3.4,ppb,3.0,24.0,0.045,ppm,42.0,17.0,0.4,ppb,0.0,24.0,0.1,ppm,1.0,24.0
542,Cheyenne NCore,12/6/2018,10.0,ug/m3 SC,9.0,1.0,41.18222711,-104.7783342,24.2,ppb,23.0,22.0,0.031,ppm,29.0,17.0,0.5,ppb,0.0,23.0,0.2,ppm,2.0,24.0
543,Cheyenne NCore,12/7/2018,20.0,ug/m3 SC,19.0,1.0,41.18222711,-104.7783342,27.0,ppb,25.0,24.0,0.033,ppm,31.0,17.0,0.8,ppb,0.0,24.0,0.2,ppm,2.0,24.0
544,Cheyenne NCore,12/8/2018,9.0,ug/m3 SC,8.0,1.0,41.18222711,-104.7783342,44.6,ppb,42.0,24.0,0.043,ppm,40.0,17.0,0.5,ppb,0.0,24.0,0.2,ppm,2.0,24.0
545,Cheyenne NCore,12/9/2018,6.0,ug/m3 SC,6.0,1.0,41.18222711,-104.7783342,4.6,ppb,4.0,22.0,0.044,ppm,41.0,17.0,0.4,ppb,0.0,23.0,0.1,ppm,1.0,24.0
546,Cheyenne NCore,12/10/2018,11.0,ug/m3 SC,10.0,1.0,41.18222711,-104.7783342,22.0,ppb,21.0,24.0,0.047,ppm,44.0,17.0,0.4,ppb,0.0,24.0,0.1,ppm,1.0,24.0
547,Cheyenne NCore,12/11/2018,6.0,ug/m3 SC,6.0,1.0,41.18222711,-104.7783342,14.4,ppb,13.0,24.0,0.043,ppm,40.0,17.0,0.6,ppb,0.0,24.0,0.1,ppm,1.0,24.0
548,Cheyenne NCore,12/12/2018,5.0,ug/m3 SC,5.0,1.0,41.18222711,-104.7783342,2.3,ppb,2.0,22.0,0.042,ppm,39.0,17.0,0.5,ppb,0.0,23.0,0.1,ppm,1.0,24.0
549,Cheyenne NCore,12/13/2018,8.0,ug/m3 SC,7.0,1.0,41.18222711,-104.7783342,13.6,ppb,12.0,24.0,0.039,ppm,36.0,17.0,0.4,ppb,0.0,24.0,0.1,ppm,1.0,24.0
550,Cheyenne NCore,12/14/2018,18.0,ug/m3 SC,17.0,1.0,41.18222711,-104.7783342,34.1,ppb,32.0,24.0,0.037,ppm,34.0,17.0,0.6,ppb,0.0,24.0,0.2,ppm,2.0,24.0
551,Cheyenne NCore,12/15/2018,6.0,ug/m3 SC,6.0,1.0,41.18222711,-104.7783342,21.1,ppb,20.0,21.0,0.043,ppm,40.0,17.0,0.6,ppb,0.0,22.0,0.2,ppm,2.0,24.0
552,Cheyenne NCore,12/16/2018,7.0,ug/m3 SC,6.0,1.0,41.18222711,-104.7783342,34.3,ppb,32.0,24.0,0.04,ppm,37.0,17.0,1.2,ppb,1.0,24.0,0.2,ppm,2.0,24.0
553,Cheyenne NCore,12/17/2018,8.0,ug/m3 SC,7.0,1.0,41.18222711,-104.7783342,10.7,ppb,9.0,21.0,0.042,ppm,39.0,14.0,0.2,ppb,0.0,22.0,0.2,ppm,2.0,24.0
554,Cheyenne NCore,12/18/2018,7.0,ug/m3 SC,6.0,1.0,41.18222711,-104.7783342,7.9,ppb,7.0,22.0,0.041,ppm,38.0,17.0,0.4,ppb,0.0,23.0,0.1,ppm,1.0,21.0
555,Cheyenne NCore,12/19/2018,6.0,ug/m3 SC,6.0,1.0,41.18222711,-104.7783342,2.2,ppb,2.0,24.0,0.039,ppm,36.0,17.0,0.4,ppb,0.0,24.0,0.1,ppm,1.0,24.0
556,Cheyenne NCore,12/20/2018,10.0,ug/m3 SC,9.0,1.0,41.18222711,-104.7783342,22.2,ppb,21.0,24.0,0.041,ppm,38.0,17.0,0.5,ppb,0.0,24.0,0.2,ppm,2.0,24.0
557,Cheyenne NCore,12/21/2018,10.0,ug/m3 SC,9.0,1.0,41.18222711,-104.7783342,2.9,ppb,2.0,21.0,0.04,ppm,37.0,17.0,0.4,ppb,0.0,22.0,0.2,ppm,2.0,24.0
558,Cheyenne NCore,12/22/2018,6.0,ug/m3 SC,6.0,1.0,41.18222711,-104.7783342,16.4,ppb,15.0,24.0,0.04,ppm,37.0,17.0,0.5,ppb,0.0,24.0,0.1,ppm,1.0,24.0
559,Cheyenne NCore,12/23/2018,7.0,ug/m3 SC,6.0,1.0,41.18222711,-104.7783342,5.8,ppb,5.0,24.0,0.043,ppm,40.0,17.0,0.4,ppb,0.0,24.0,0.1,ppm,1.0,24.0
560,Cheyenne NCore,12/24/2018,2.0,ug/m3 SC,2.0,1.0,41.18222711,-104.7783342,4.9,ppb,4.0,22.0,0.039,ppm,36.0,17.0,0.3,ppb,0.0,23.0,0.1,ppm,1.0,24.0
561,Cheyenne NCore,12/25/2018,10.0,ug/m3 SC,9.0,1.0,41.18222711,-104.7783342,17.7,ppb,16.0,24.0,0.035,ppm,32.0,17.0,0.7,ppb,0.0,24.0,0.2,ppm,2.0,24.0
562,Cheyenne NCore,12/26/2018,5.0,ug/m3 SC,5.0,1.0,41.18222711,-104.7783342,6.6,ppb,6.0,24.0,0.029,ppm,27.0,17.0,0.6,ppb,0.0,24.0,0.1,ppm,1.0,24.0
563,Cheyenne NCore,12/27/2018,3.0,ug/m3 SC,3.0,1.0,41.18222711,-104.7783342,1.5,ppb,1.0,22.0,0.036,ppm,33.0,17.0,0.6,ppb,0.0,23.0,0.1,ppm,1.0,24.0
564,Cheyenne NCore,12/28/2018,9.0,ug/m3 SC,8.0,1.0,41.18222711,-104.7783342,28.1,ppb,26.0,24.0,0.033,ppm,31.0,17.0,0.5,ppb,0.0,24.0,0.2,ppm,2.0,24.0
565,Cheyenne NCore,12/29/2018,11.0,ug/m3 SC,10.0,1.0,41.18222711,-104.7783342,36.9,ppb,34.0,24.0,0.041,ppm,38.0,17.0,0.8,ppb,0.0,24.0,0.2,ppm,2.0,24.0
566,Cheyenne NCore,12/30/2018,5.0,ug/m3 SC,5.0,1.0,41.18222711,-104.7783342,1.0,ppb,1.0,20.0,0.04,ppm,37.0,17.0,0.6,ppb,0.0,22.0,0.1,ppm,1.0,24.0
567,Cheyenne NCore,12/31/2018,13.0,ug/m3 SC,12.0,1.0,41.18222711,-104.7783342,4.1,ppb,4.0,24.0,,,,,1.0,ppb,1.0,24.0,0.1,ppm,1.0,24.0
568,Laramie County Mobile,10/12/2018,,,,,,,7.4,ppb,7.0,23.0,0.038,ppm,35.0,17.0,0.1,ppb,0.0,23.0,,,,
569,Laramie County Mobile,10/13/2018,,,,,,,5.9,ppb,5.0,20.0,,,,,,,,,,,,
570,Laramie County Mobile,10/14/2018,,,,,,,9.6,ppb,8.0,23.0,0.039,ppm,36.0,17.0,,,,,,,,
571,Laramie County Mobile,10/15/2018,,,,,,,19.3,ppb,18.0,23.0,0.043,ppm,40.0,17.0,,,,,,,,
572,Laramie County Mobile,10/16/2018,,,,,,,23.8,ppb,22.0,23.0,0.039,ppm,36.0,17.0,1.0,ppb,1.0,20.0,,,,
573,Laramie County Mobile,10/17/2018,,,,,,,21.8,ppb,20.0,21.0,0.042,ppm,39.0,17.0,1.3,ppb,1.0,21.0,,,,
574,Laramie County Mobile,10/18/2018,,,,,,,7.1,ppb,7.0,24.0,0.04,ppm,37.0,17.0,0.2,ppb,0.0,24.0,,,,
575,Laramie County Mobile,10/19/2018,,,,,,,9.7,ppb,8.0,22.0,0.047,ppm,44.0,17.0,0.3,ppb,0.0,21.0,,,,
576,Laramie County Mobile,10/20/2018,,,,,,,15.3,ppb,14.0,24.0,0.048,ppm,44.0,17.0,0.6,ppb,0.0,24.0,,,,
577,Laramie County Mobile,10/21/2018,,,,,,,16.0,ppb,15.0,23.0,0.044,ppm,41.0,17.0,0.2,ppb,0.0,23.0,,,,
578,Laramie County Mobile,10/22/2018,,,,,,,21.0,ppb,20.0,21.0,0.041,ppm,38.0,17.0,0.2,ppb,0.0,20.0,,,,
579,Cheyenne NCore,10/3/2018,,,,,,,8.5,ppb,8.0,18.0,0.033,ppm,31.0,13.0,0.9,ppb,0.0,18.0,0.1,ppm,1.0,15.0
580,Cheyenne NCore,3/16/2018,,,,,,,,,,,0.046,ppm,43.0,17.0,,,,,0.1,ppm,1.0,24.0
581,Cheyenne NCore,3/17/2018,,,,,,,,,,,0.047,ppm,44.0,17.0,,,,,0.2,ppm,2.0,24.0
582,Cheyenne NCore,3/18/2018,,,,,,,,,,,0.043,ppm,40.0,17.0,,,,,0.2,ppm,2.0,24.0
583,Cheyenne NCore,3/19/2018,,,,,,,,,,,0.039,ppm,36.0,17.0,,,,,0.1,ppm,1.0,24.0
584,Cheyenne NCore,3/20/2018,,,,,,,,,,,0.048,ppm,44.0,16.0,,,,,,,,
585,Cheyenne NCore,3/21/2018,,,,,,,,,,,,,,,0.4,ppb,0.0,18.0,,,,
586,Cheyenne NCore,6/12/2018,,,,,,,,,,,,,,,,,,,0.1,ppm,1.0,12.0
587,Cheyenne NCore,6/13/2018,,,,,,,,,,,,,,,,,,,0.2,ppm,2.0,5.0
588,Cheyenne NCore,10/2/2018,,,,,,,,,,,,,,,,,,,0.2,ppm,2.0,10.0
